No,feedback,aspect,anger,anticipation,disgust,fear,joy,sadness,surprise,trust,sentiment,feed_no_emo,_emo,n_emo
1,good,4,0,0,0,0,1,0,0,0,1,good,[],0
2,One of the most interesting and engaging courses on the internet that can make even boring topics like NLP interesting to the learner,4,0,1,0,0,1,0,1,0,1,One of the most interesting and engaging courses on the internet that can make even boring topics like NLP interesting to the learner,[],0
3,Course is pretty splendid as a beginner's course,4,0,0,0,0,1,0,0,0,1,Course is pretty splendid as a beginner's course,[],0
4,"however, I would have been happier if the course contained transformers 🙏👌",2,0,1,0,0,0,1,1,0,2,"however, I would have been happier if the course contained transformers","['🙏', '👌']",2
5,Still excellent course to get a head-start with NLP fundamentals,4,0,0,0,0,1,0,0,1,1,Still excellent course to get a head-start with NLP fundamentals,[],0
6,"Amazing course! Covers lots of ground in good detail, no wasteful topics!",4,0,0,0,0,1,0,1,1,1,"Amazing course! Covers lots of ground in good detail, no wasteful topics!",[],0
7,For a complete beginner to NLP this has been a great hands on and instructive course that allows for a deeper level of understanding outside of watching YouTube tutorials and even other online courses,4,0,0,0,0,1,0,0,1,1,For a complete beginner to NLP this has been a great hands on and instructive course that allows for a deeper level of understanding outside of watching YouTube tutorials and even other online courses,[],0
8,Following along and being able to build the tools from scratch helps cement the lessons,4,0,0,0,0,1,0,0,1,1,Following along and being able to build the tools from scratch helps cement the lessons,[],0
9,Highly recommend if even if you're a total newbie 👍,4,0,1,0,0,1,0,1,1,1,Highly recommend if even if you're a total newbie,['👍'],1
10,The course is excellent for anyone looking to deepen their AI knowledge and truly be able to to understand the logic behind the code,4,0,1,0,0,1,0,0,1,1,The course is excellent for anyone looking to deepen their AI knowledge and truly be able to to understand the logic behind the code,[],0
11,"The instructror's approach to coding is clear and efficient, which help to be better in coding",4,0,0,0,0,1,0,0,1,1,"The instructror's approach to coding is clear and efficient, which help to be better in coding",[],0
12,"However the instructor's attitude to comment section, with responses that directly addressing to other of his courses or mentioning the ""prerequisities"" of the course, when he could simply address the queries",3,1,0,0,0,0,1,0,0,2,"However the instructor's attitude to comment section, with responses that directly addressing to other of his courses or mentioning the ""prerequisities"" of the course, when he could simply address the queries",[],0
13,"He could just add it to his slides, extra material etc",2,0,0,0,0,0,0,0,0,2,"He could just add it to his slides, extra material etc",[],0
14,"In addition, his tone in some Q&A replies are unnecessarily aggressive without any specific reason",3,1,0,0,0,0,1,0,0,0,"In addition, his tone in some Q&A replies are unnecessarily aggressive without any specific reason",[],0
15,"In summary: Very good content, but there is a lot of room for improvement!",4,0,1,0,0,1,0,0,1,1,"In summary: Very good content, but there is a lot of room for improvement!",[],0
16,I like course and lot of new stuffs to learn,4,0,0,0,0,1,0,0,0,1,I like course and lot of new stuffs to learn,[],0
17,The only feedback may be the course be shorten using AI 🙂,2,0,1,0,0,0,0,0,1,2,The only feedback may be the course be shorten using AI,['🙂'],1
18,Some short courses (b/w 1-10 hourse) will save our time as you know lot of devs like me have daily job of 8-12 hours + commute,2,0,1,0,0,0,0,0,0,2,Some short courses (b/w 1-10 hourse) will save our time as you know lot of devs like me have daily job of 8-12 hours + commute,[],0
19,That's the one of reason I like deeplearning,4,0,0,0,0,1,0,0,1,1,That's the one of reason I like deeplearning,[],0
20,All the sessions till now are full of NLP knowledge and math details 😌,4,0,1,0,1,0,0,1,1,2,All the sessions till now are full of NLP knowledge and math details,['😌'],1
21,Expecting the same till end of the course 🙂,4,0,1,0,0,1,0,1,1,1,Expecting the same till end of the course,['🙂'],1
22,"To anyone currently studying NLP, I highly recommend pausing whatever course you're taking and starting with this one",4,0,0,0,0,1,0,0,1,2,"To anyone currently studying NLP, I highly recommend pausing whatever course you're taking and starting with this one",[],0
23,"Be diligent, follow the advice closely, and embrace the hard working mindset",4,0,1,0,0,0,0,0,1,2,"Be diligent, follow the advice closely, and embrace the hard working mindset",[],0
24,"Thank you so much, Instructor! 👌",4,0,0,0,0,1,0,0,1,1,"Thank you so much, Instructor!",['👌'],1
25,Excellent course to start your NLP journey,4,0,0,0,0,1,0,0,1,1,Excellent course to start your NLP journey,[],0
26,Very helpful for first time learners and experts,4,0,0,0,0,1,0,0,1,1,Very helpful for first time learners and experts,[],0
27,Most of the topics in NLP are covered and we get a chance to work and practice as well,4,0,0,0,0,1,0,0,1,1,Most of the topics in NLP are covered and we get a chance to work and practice as well,[],0
28,highly recommended,4,0,0,0,0,1,0,0,1,1,highly recommended,[],0
29,Awesome!,4,0,0,0,0,1,0,1,0,1,Awesome!,[],0
30,Learned many concepts with this course 🙂,4,0,0,0,0,1,0,1,1,1,Learned many concepts with this course,['🙂'],1
31,Recommending others to take up this course for NLP,4,0,0,0,0,1,0,0,1,1,Recommending others to take up this course for NLP,[],0
32,This course has met my expectation,4,0,0,0,0,1,0,0,1,1,This course has met my expectation,[],0
33,It really makes one a master of NLP,4,0,0,0,0,1,0,1,1,1,It really makes one a master of NLP,[],0
34,Incredibly useful course,4,0,0,0,0,1,0,0,1,1,Incredibly useful course,[],0
35,Everything is explained well and there are always a few approaches to a machine learning problem,4,0,0,0,0,1,0,0,1,1,Everything is explained well and there are always a few approaches to a machine learning problem,[],0
36,I used to get really confused with NLP but now I feel much more confident to complete any task thrown my way,4,0,0,0,0,1,0,0,1,1,I used to get really confused with NLP but now I feel much more confident to complete any task thrown my way,[],0
37,Thank you,4,0,0,0,0,1,0,0,0,2,Thank you,[],0
38,So the course perfectly covers all the fundamental techniques of NLP,4,0,0,0,0,1,0,0,1,1,So the course perfectly covers all the fundamental techniques of NLP,[],0
39,"All the applications are easy to follow, and it is great to be able to choose whether you take also the advanced explanations",4,0,1,0,0,1,0,0,1,1,"All the applications are easy to follow, and it is great to be able to choose whether you take also the advanced explanations",[],0
40,Some responses to questions sound a bit rude and they could be improved to be more encouraging 😑,3,1,1,1,0,0,1,1,0,0,Some responses to questions sound a bit rude and they could be improved to be more encouraging,['😑'],1
41,"Anyway, I recommend this course to anyone seeking a good introduction",4,0,1,0,0,1,0,0,1,1,"Anyway, I recommend this course to anyone seeking a good introduction",[],0
42,"But, I disliked that to access the code of the videos I had to provide my email to a third party",0,1,0,1,0,0,0,0,0,2,"But, I disliked that to access the code of the videos I had to provide my email to a third party",[],0
43,"Udemy does not force all the necessary content to be accessible on the platform, but this is just bad practice and it misaligns with data protection rights",0,1,0,1,0,0,0,0,0,0,"Udemy does not force all the necessary content to be accessible on the platform, but this is just bad practice and it misaligns with data protection rights",[],0
44,Amazing Course!!,4,0,0,0,0,1,0,1,1,1,Amazing Course!!,[],0
45,"Very detailed, although sometimes too wordy when explaining and some of the slides are just repeating what he's saying",1,0,0,0,0,1,0,0,1,0,"Very detailed, although sometimes too wordy when explaining and some of the slides are just repeating what he's saying",[],0
46,But overall I'd still rate it 5 stars due to the sheer amount of NLP and machine learning knowledge you can acquire from this course,4,0,0,0,0,1,0,0,1,2,But overall I'd still rate it 5 stars due to the sheer amount of NLP and machine learning knowledge you can acquire from this course,[],0
47,"It is really quite extensive and detailed, so much so that transitioning from this course to studying papers and working on my own projects is a breeze",4,0,1,0,0,1,0,0,1,1,"It is really quite extensive and detailed, so much so that transitioning from this course to studying papers and working on my own projects is a breeze",[],0
48,As a software dev this course made it so easy to understand and program NLP scripts with Python,4,0,0,0,0,1,0,0,1,1,As a software dev this course made it so easy to understand and program NLP scripts with Python,[],0
49,Thank you so much Instructor for making a clear and full course,4,0,0,0,0,1,0,0,1,1,Thank you so much Instructor for making a clear and full course,[],0
50,I recommend this course 100%,4,0,0,0,0,1,0,0,1,2,I recommend this course 100%,[],0
51,This course is amazing,4,0,0,0,0,1,0,1,1,1,This course is amazing,[],0
52,"I already know machine learning, but this course gives everything you need to start with NLP",4,0,1,0,0,1,0,0,1,2,"I already know machine learning, but this course gives everything you need to start with NLP",[],0
53,"I have already done the supervised machine learning and Tensorflow courses from Instructor, and I will continue to study with him",4,0,1,0,0,1,0,0,1,2,"I have already done the supervised machine learning and Tensorflow courses from Instructor, and I will continue to study with him",[],0
54,You will never be disappointed with this instructor,4,0,0,0,0,1,0,0,1,1,You will never be disappointed with this instructor,[],0
55,this is what i want to learn 😎,4,0,0,0,0,1,0,1,1,1,this is what i want to learn,['😎'],1
56,Amazing,4,0,0,0,0,1,0,1,0,1,Amazing,[],0
57,"Coming from php programming background, this course is hard, because I am introduced to concepts that I have never heard before",2,0,1,0,1,0,0,0,0,0,"Coming from php programming background, this course is hard, because I am introduced to concepts that I have never heard before",[],0
58,"None the less, the instructor does a good job at giving exercises to familiarize the subject",4,0,1,0,0,1,0,0,1,1,"None the less, the instructor does a good job at giving exercises to familiarize the subject",[],0
59,properly explaining the theory,4,0,0,0,0,1,0,0,1,1,properly explaining the theory,[],0
60,"The course is somewhat helpful, but not easy to understand",1,0,0,0,0,0,1,0,1,2,"The course is somewhat helpful, but not easy to understand",[],0
61,"If you’re interested in learning about deep learning or AI, I recommend looking for courses by Professor Andrew Ng",3,0,1,0,0,0,0,0,1,1,"If you’re interested in learning about deep learning or AI, I recommend looking for courses by Professor Andrew Ng",[],0
62,"He explains complex concepts in simple, clear language",1,0,0,0,0,1,0,1,0,1,"He explains complex concepts in simple, clear language",[],0
63,"In contrast, this course tends to explain things in a more complicated way",1,0,0,0,0,0,0,0,0,2,"In contrast, this course tends to explain things in a more complicated way",[],0
64,This course was just amazing,4,0,0,0,0,1,0,0,1,1,This course was just amazing,[],0
65,"With its help, I was able to understand basic concepts and learn NLP, which helps me automate document classification and retrieval tasks",4,0,1,0,0,1,0,0,1,1,"With its help, I was able to understand basic concepts and learn NLP, which helps me automate document classification and retrieval tasks",[],0
66,Thanks for this informative content!,4,0,0,0,0,1,0,0,1,1,Thanks for this informative content!,[],0
67,"This course helped me learn a lot of things from scratch, and I love the teaching style of the instructor",4,0,1,0,0,1,0,0,1,1,"This course helped me learn a lot of things from scratch, and I love the teaching style of the instructor",[],0
68,"I am also enrolled in the Transformers course of this instructor, and I am so far very satisfied",4,0,1,0,0,1,0,0,1,1,"I am also enrolled in the Transformers course of this instructor, and I am so far very satisfied",[],0
69,"I don't like too basic Udemy courses that make you feel like you're a genius only because you've never get challenged, and then leave you hung out to dry in the real world because you can not get to solve any problem just with those basic skills",2,1,0,0,0,0,0,0,0,2,"I don't like too basic Udemy courses that make you feel like you're a genius only because you've never get challenged, and then leave you hung out to dry in the real world because you can not get to solve any problem just with those basic skills",[],0
70,"When I enrolled to this course in the first place, like a year ago, I skipped the Advanced section on the Cipher Decryption because I found it too hard, instead I followed the rest of the course, I got enrolled in the Transformers course and finished the Beginner and Intermediate sections of it, did some real-life projects where I finetuned transformers, gained some industry experiences in NLP, and this week I returned to this course to finish that section",2,0,1,0,1,0,0,1,0,1,"When I enrolled to this course in the first place, like a year ago, I skipped the Advanced section on the Cipher Decryption because I found it too hard, instead I followed the rest of the course, I got enrolled in the Transformers course and finished the Beginner and Intermediate sections of it, did some real-life projects where I finetuned transformers, gained some industry experiences in NLP, and this week I returned to this course to finish that section",[],0
71,"And suddenly, it was too simple and it took just minutes to understand",4,0,0,0,0,1,0,1,0,2,"And suddenly, it was too simple and it took just minutes to understand",[],0
72,"So I really love the structure and pacing in Lazy Transformer's courses, which challenges you gradually, which seems overwhelming at times but which pays you really well in return",4,0,0,0,0,1,0,0,1,1,"So I really love the structure and pacing in Lazy Transformer's courses, which challenges you gradually, which seems overwhelming at times but which pays you really well in return",[],0
73,Clear and organized and entertaining and informative,4,0,0,0,0,1,0,0,1,1,Clear and organized and entertaining and informative,[],0
74,Taking NLP course made myself learned about working with the data with more easy way of solving a problem and learn more about machine learning,4,0,0,0,0,1,0,0,1,1,Taking NLP course made myself learned about working with the data with more easy way of solving a problem and learn more about machine learning,[],0
75,good,4,0,0,0,0,1,0,0,0,1,good,[],0
76,It is just an amazing course,4,0,0,0,0,1,0,0,0,1,It is just an amazing course,[],0
77,Explanation is very clear and concise,4,0,0,0,0,1,0,0,1,1,Explanation is very clear and concise,[],0
78,Great teaching methodology! Easy to follow,4,0,0,0,0,1,0,0,1,1,Great teaching methodology! Easy to follow,[],0
79,It has been a long journey with Instructor but I made it to the very end,4,0,0,0,0,1,0,0,1,2,It has been a long journey with Instructor but I made it to the very end,[],0
80,It was a fantastic course,4,0,0,0,0,1,0,0,1,1,It was a fantastic course,[],0
81,"Instructor is the best teacher, he goes the long way with you to make sure you understand the reasons why you're coding something, not just how to do it",4,0,0,0,0,1,0,0,1,1,"Instructor is the best teacher, he goes the long way with you to make sure you understand the reasons why you're coding something, not just how to do it",[],0
82,"I've just learned so much from all the lectures, exercises, and challenges",4,0,0,0,0,1,0,0,1,1,"I've just learned so much from all the lectures, exercises, and challenges",[],0
83,Thank you!,4,0,0,0,0,1,0,0,0,2,Thank you!,[],0
84,Great course!!!,4,0,0,0,0,1,0,0,1,1,Great course!!!,[],0
85,One of the most fabulous courses I have seen ever in this field,4,0,0,0,0,1,0,1,1,1,One of the most fabulous courses I have seen ever in this field,[],0
86,"Anyone can start this course, it doesn't need any NLP experience, even if someone has some knowledge they can still go on with this course  🙂",4,0,1,0,0,1,0,1,1,1,"Anyone can start this course, it doesn't need any NLP experience, even if someone has some knowledge they can still go on with this course",['🙂'],1
87,good,4,0,0,0,0,1,0,0,0,1,good,[],0
88,This is a great course!,4,0,0,0,0,1,0,0,1,1,This is a great course!,[],0
89,good,4,0,0,0,0,1,0,0,0,1,good,[],0
90,Great that he goes into the technical details,4,0,0,0,0,1,0,0,1,1,Great that he goes into the technical details,[],0
91,Good balance between conversational and instructional,4,0,1,0,0,1,0,0,1,1,Good balance between conversational and instructional,[],0
92,very good,4,0,0,0,0,1,0,0,0,1,very good,[],0
93,This is a full 5 stars course,4,0,0,0,0,1,0,0,1,1,This is a full 5 stars course,[],0
94,I can clearly feel how hard work and dedication the instructor has committed to make this course,4,0,0,0,0,1,0,0,1,1,I can clearly feel how hard work and dedication the instructor has committed to make this course,[],0
95,"It is very well explained, and every application is covered fully",4,0,0,0,0,1,0,0,1,1,"It is very well explained, and every application is covered fully",[],0
96,explained well,4,0,0,0,0,1,0,0,1,2,explained well,[],0
97,i love this course,4,0,0,0,0,1,0,0,0,1,i love this course,[],0
98,Superb!!!! Love,4,0,0,0,0,1,0,0,0,1,Superb!!!! Love,[],0
99,BEFORE PURCHASING anything from this instructor I highly advise you to loot at his other courses and read carefully his responses to 1-star reviews,2,1,0,1,0,0,0,0,0,2,BEFORE PURCHASING anything from this instructor I highly advise you to loot at his other courses and read carefully his responses to 1-star reviews,[],0
100,"All he does is calls people who write them ""dishonest""",0,1,0,1,0,0,0,0,0,0,"All he does is calls people who write them ""dishonest""",[],0
101,It is a very bad way to approach a course without any access to the notes,0,1,0,0,0,0,1,0,0,0,It is a very bad way to approach a course without any access to the notes,[],0
102,"They state they are only available 30 days after the start of the course, so the instructor is merely trying to avoid people getting their refunds according to the udemy policy of 30 days money back guarantee",2,1,0,0,0,0,1,0,0,2,"They state they are only available 30 days after the start of the course, so the instructor is merely trying to avoid people getting their refunds according to the udemy policy of 30 days money back guarantee",[],0
103,Very disappointing,2,1,0,0,0,0,1,0,0,0,Very disappointing,[],0
104,"Excellent mentor, a really good way of communicating concepts and implementing them, considering also corner cases and teaching us how to think whenever we encounter a problem along the way",4,0,1,0,0,1,0,0,1,1,"Excellent mentor, a really good way of communicating concepts and implementing them, considering also corner cases and teaching us how to think whenever we encounter a problem along the way",[],0
105,"This was the most in-depth course I've taken, and I recommend it to everyone for sure!",4,0,0,0,0,1,0,1,1,1,"This was the most in-depth course I've taken, and I recommend it to everyone for sure!",[],0
106,"Best course I have ever taken on Udemy, Guys if You want to learn NLP, Machine Learning, Deep Learning in One single Course and even that with great Detail and Proper Explanation and No Blabbering of the Stuff , Just Close Your Eyes and go for your Gut feeling and Take this course 🙂👌",4,0,0,0,0,1,0,1,1,1,"Best course I have ever taken on Udemy, Guys if You want to learn NLP, Machine Learning, Deep Learning in One single Course and even that with great Detail and Proper Explanation and No Blabbering of the Stuff , Just Close Your Eyes and go for your Gut feeling and Take this course","['🙂', '👌']",2
107,"I guarantee You ,you will be a different person after completing this course",4,0,1,0,0,1,0,0,1,2,"I guarantee You ,you will be a different person after completing this course",[],0
108,I would like to thank the instructor for making this course,4,0,0,0,0,1,0,0,1,2,I would like to thank the instructor for making this course,[],0
109,This course has created a spark in my head to get better and learn more in the field of AI,4,0,1,0,0,1,0,0,0,1,This course has created a spark in my head to get better and learn more in the field of AI,[],0
110,Amazing instructor,4,0,0,0,0,1,0,0,1,1,Amazing instructor,[],0
111,"He forces you to think and code yourself, which has been monumental in getting me out of my couch and actually learning",4,0,1,0,0,1,0,0,1,1,"He forces you to think and code yourself, which has been monumental in getting me out of my couch and actually learning",[],0
112,Pacing is also very good,4,0,0,0,0,1,0,0,1,1,Pacing is also very good,[],0
113,Definitely recommend this instructor and this course,4,0,0,0,0,1,0,0,1,1,Definitely recommend this instructor and this course,[],0
114,Solid course,4,0,0,0,0,1,0,0,1,2,Solid course,[],0
115,"it is worth your money (but please Instructor, be less passive aggressive)",3,1,0,1,0,0,0,0,0,2,"it is worth your money (but please Instructor, be less passive aggressive)",[],0
116,"The course was a very well explained, I loved the way the instructor taught each section",4,0,0,0,0,1,0,0,1,1,"The course was a very well explained, I loved the way the instructor taught each section",[],0
117,I personally think this course is a very good and complete introduction (and beyond) to NLP,4,0,0,0,0,1,0,0,1,1,I personally think this course is a very good and complete introduction (and beyond) to NLP,[],0
118,This course is among the top 1% quality in Udemy,4,0,0,0,0,1,0,1,1,1,This course is among the top 1% quality in Udemy,[],0
119,This course will make an engineer a better engineer,4,0,0,0,0,1,0,0,1,1,This course will make an engineer a better engineer,[],0
120,"High-quality content!! Clear and structured explanation, with good hands-on materials (notebooks) to practice",4,0,0,0,0,1,0,0,1,1,"High-quality content!! Clear and structured explanation, with good hands-on materials (notebooks) to practice",[],0
121,Thanks! 👌,4,0,0,0,0,1,0,0,1,1,Thanks!,['👌'],1
122,The course is more of a beginner course with no sequel for intermediate and advanced courses which would really help in building a foundation for the audience,2,0,1,0,0,0,1,0,0,1,The course is more of a beginner course with no sequel for intermediate and advanced courses which would really help in building a foundation for the audience,[],0
123,"The course was a good match for me, but I would suggest the instructor to code as he teaches 🙏",1,0,1,0,0,1,0,1,0,0,"The course was a good match for me, but I would suggest the instructor to code as he teaches",['🙏'],1
124,Going through the codes does not give the student the opportunity to learn along with the video lectures,1,0,1,0,0,0,1,0,0,2,Going through the codes does not give the student the opportunity to learn along with the video lectures,[],0
125,"Overall I'm happy with the course, but a negative point is that some notebooks are only in html format, so you have to convert them to ipynb format",0,0,1,0,0,1,1,0,0,1,"Overall I'm happy with the course, but a negative point is that some notebooks are only in html format, so you have to convert them to ipynb format",[],0
126,Other notebooks shown in the videos are definitely not available in the links,0,0,0,0,0,0,1,0,0,0,Other notebooks shown in the videos are definitely not available in the links,[],0
127,The instructor points out that in these cases they should be written by hand,4,0,0,0,0,0,1,0,0,2,The instructor points out that in these cases they should be written by hand,[],0
128,"But it would be more practical if he had made all the material available, just like all the other courses I've taken on this platform",2,0,0,0,0,0,1,0,0,1,"But it would be more practical if he had made all the material available, just like all the other courses I've taken on this platform",[],0
129,Very good teaching! You need to practice and review the knowledge of the course repeatedly before you can fully master it,4,0,1,0,0,1,0,0,1,1,Very good teaching! You need to practice and review the knowledge of the course repeatedly before you can fully master it,[],0
130,Please keep learning! 💪,4,0,1,0,0,0,0,1,0,0,Please keep learning!,['💪'],1
131,The course is awesome in terms of content and Instructor seems very well-prepared and with a deep understanding of all concepts,4,0,0,0,0,1,0,0,1,1,The course is awesome in terms of content and Instructor seems very well-prepared and with a deep understanding of all concepts,[],0
132,He simply doesn't care much about teaching on a reasonable pace and in some instances it's almost like he doesn't care at all about teaching 😞,1,1,1,1,1,0,1,1,0,0,He simply doesn't care much about teaching on a reasonable pace and in some instances it's almost like he doesn't care at all about teaching,['😞'],1
133,"Don't get me wrong, I knew that some knowledge was required before taking the course, and I have indeed a pretty good (basic) understanding about python, ML and even Deep Learning",2,0,1,0,0,0,0,0,0,2,"Don't get me wrong, I knew that some knowledge was required before taking the course, and I have indeed a pretty good (basic) understanding about python, ML and even Deep Learning",[],0
134,No code cell or basic concept was a problem at all,4,0,0,0,0,1,0,0,1,2,No code cell or basic concept was a problem at all,[],0
135,"But the specific concepts of NLP, specially the coding part were everything should be (in my opinion) explored and correlated with theory, is just not thanks to chat GPT (what an irony) I managed to have a bet understanding of the subjects so far, but it takes me a lot of time, obviously 😌",4,0,0,1,1,0,1,1,0,0,"But the specific concepts of NLP, specially the coding part were everything should be (in my opinion) explored and correlated with theory, is just not thanks to chat GPT (what an irony) I managed to have a bet understanding of the subjects so far, but it takes me a lot of time, obviously",['😌'],1
136,A few things: some math notations are messy; try not to use the same symbol that has two different meanings in equations in the same slides,2,1,0,0,0,0,0,0,0,2,A few things: some math notations are messy; try not to use the same symbol that has two different meanings in equations in the same slides,[],0
137,This is really bad and would get any of your paper rejected,4,1,0,1,0,0,0,0,0,0,This is really bad and would get any of your paper rejected,[],0
138,It is also a bad practice for teaching as it confuses your students,1,1,0,1,0,0,0,0,0,0,It is also a bad practice for teaching as it confuses your students,[],0
139,"Try not to focus on biological neural networks, many analogies are simply wrong",1,1,0,0,0,0,0,0,0,2,"Try not to focus on biological neural networks, many analogies are simply wrong",[],0
140,"If you ever read Hinton's paper or know some neuroscience, you'd know that biological neural networks are INCOMPATIBLE with ANN, DNN or RNN",1,0,0,0,0,0,0,1,0,2,"If you ever read Hinton's paper or know some neuroscience, you'd know that biological neural networks are INCOMPATIBLE with ANN, DNN or RNN",[],0
141,"That's why we say ANN and DNN are INSPIRED from biological neural networks, but they have very little in common",2,0,0,0,0,0,0,0,1,0,"That's why we say ANN and DNN are INSPIRED from biological neural networks, but they have very little in common",[],0
142,There is confusion on the difference between validation dataset and test dataset,1,1,0,0,0,0,0,0,0,2,There is confusion on the difference between validation dataset and test dataset,[],0
143,"You use them interchangeably through your python codes, that's another bad practice",1,1,0,0,0,0,0,0,0,0,"You use them interchangeably through your python codes, that's another bad practice",[],0
144,Do you want to use test data for test or validation? Or do you want to use training data for cross-validation? Make a decision and don't flip around,1,1,0,0,0,0,0,0,0,2,Do you want to use test data for test or validation? Or do you want to use training data for cross-validation? Make a decision and don't flip around,[],0
145,the content taught during the course is largely intermediate to advanced material - you would probably have an edge if you're good at math or have a background in math or computer science 😓,2,1,1,1,1,0,1,1,0,0,the content taught during the course is largely intermediate to advanced material - you would probably have an edge if you're good at math or have a background in math or computer science,['😓'],1
146,there's a lot of matrices to deal with so be prepared for that!,4,0,1,0,0,0,0,0,0,2,there's a lot of matrices to deal with so be prepared for that!,[],0
147,"Very well implemented course, was my first steps into NLP and I liked the balance between theory and exercises",4,0,0,0,0,1,0,1,1,1,"Very well implemented course, was my first steps into NLP and I liked the balance between theory and exercises",[],0
148,Really this course is great who want to start with basics with nlp but some lectureres lack institute in more details,4,0,0,0,0,1,0,0,1,1,Really this course is great who want to start with basics with nlp but some lectureres lack institute in more details,[],0
149,It will be very good for you if you provide more mathematical explanation and step by step by approach in the theory part,1,0,1,0,0,0,1,0,0,1,It will be very good for you if you provide more mathematical explanation and step by step by approach in the theory part,[],0
150,Clearly presented,4,0,0,0,0,1,0,0,1,1,Clearly presented,[],0
151,And very complete,4,0,0,0,0,1,0,0,1,1,And very complete,[],0
152,Finally someone explained why neural networks use “nonlinear” activation functions,4,0,0,0,0,1,0,1,1,2,Finally someone explained why neural networks use “nonlinear” activation functions,[],0
153,Not a good experience at all,1,1,0,0,0,0,1,0,0,0,Not a good experience at all,[],0
154,Too much detail explanation 😕,1,1,1,1,0,0,1,1,0,0,Too much detail explanation,['😕'],1
155,What about he person who does not want to go in depth? But yes i have learned something definately,4,0,1,0,0,0,1,0,0,2,What about he person who does not want to go in depth? But yes i have learned something definately,[],0
156,"OMG, I came in just to try something new, but now I am addicted 😊",4,0,0,0,0,1,0,1,1,1,"OMG, I came in just to try something new, but now I am addicted",['😊'],1
157,Definitely plan to attend the subsequent courses as well,4,0,1,0,0,1,0,0,1,2,Definitely plan to attend the subsequent courses as well,[],0
158,Provides a deep intuition on the topic enabling students to write machine learning models from scratch,4,0,0,0,0,1,0,0,1,2,Provides a deep intuition on the topic enabling students to write machine learning models from scratch,[],0
159,The Instructor is by far the best machine learning instructor on the platform,4,0,0,0,0,1,0,0,1,1,The Instructor is by far the best machine learning instructor on the platform,[],0
160,I enjoyed the course while actually being able to understand some points which are often overlooked and hence remain as doubt,4,0,0,0,0,1,1,0,1,1,I enjoyed the course while actually being able to understand some points which are often overlooked and hence remain as doubt,[],0
161,I also enjoyed when I was able to implement thing on my own without watching the video,4,0,1,0,0,1,0,0,0,1,I also enjoyed when I was able to implement thing on my own without watching the video,[],0
162,Thanks a lot!,4,0,0,0,0,1,0,0,0,1,Thanks a lot!,[],0
163,This course filled in a lot of details for me,4,0,0,0,0,1,0,0,1,1,This course filled in a lot of details for me,[],0
164,I also got a lot from the lectures on using CNNs for time series,4,0,0,0,0,1,0,0,1,2,I also got a lot from the lectures on using CNNs for time series,[],0
165,amazing course but the rate of learning is high just like I prefer instead of spoon feeding,4,0,0,0,0,1,0,0,0,1,amazing course but the rate of learning is high just like I prefer instead of spoon feeding,[],0
166,Very detailed explanation and comprehensive knowledge,2,0,0,0,0,1,0,0,1,1,Very detailed explanation and comprehensive knowledge,[],0
167,Highly recommended for NLP study,4,0,1,0,0,1,0,0,1,1,Highly recommended for NLP study,[],0
168,Probably the best Data Science course I've done on Udemy,4,0,0,0,0,1,0,0,1,1,Probably the best Data Science course I've done on Udemy,[],0
169,"It's up to each person's taste, but I really appreciated in particular that the Markov and the TextRank sections went beyond the typical ""black box"" approach of calling some off-the-shelf library like sklearn, and really challenge us as programmers and thinkers!",4,0,1,0,0,1,0,0,1,2,"It's up to each person's taste, but I really appreciated in particular that the Markov and the TextRank sections went beyond the typical ""black box"" approach of calling some off-the-shelf library like sklearn, and really challenge us as programmers and thinkers!",[],0
170,"I understand that your VIP system is a bit complex to figure out with Udemy, but I don't think you should include the Deep Learning sections in the course description if they are on other platforms and not free of charge for those that were not ""early birds""",4,1,0,0,0,0,1,0,0,0,"I understand that your VIP system is a bit complex to figure out with Udemy, but I don't think you should include the Deep Learning sections in the course description if they are on other platforms and not free of charge for those that were not ""early birds""",[],0
171,"It might be obvious if someone joins this course from your website, but not for someone who found this course browsing on Udemy",4,1,0,0,0,0,1,0,0,2,"It might be obvious if someone joins this course from your website, but not for someone who found this course browsing on Udemy",[],0
172,The course is good but instructor is little fast with less explaination due to which students who are completely new to NLP like me for them it becomes little difficult to grasp everthing,1,1,0,0,0,0,1,0,0,2,The course is good but instructor is little fast with less explaination due to which students who are completely new to NLP like me for them it becomes little difficult to grasp everthing,[],0
173,I've enjoyed this course a lot so far,4,0,0,0,0,1,0,0,1,1,I've enjoyed this course a lot so far,[],0
174,I think a way it could be better is if the slides in the lecture were available as a pdf to download and refer to later,2,0,1,0,0,0,0,0,0,1,I think a way it could be better is if the slides in the lecture were available as a pdf to download and refer to later,[],0
175,Great course for beginners,4,0,0,0,0,1,0,0,1,1,Great course for beginners,[],0
176,In some advanced parts there could've been more insight in how and why some concepts work,2,0,1,0,0,0,0,0,0,1,In some advanced parts there could've been more insight in how and why some concepts work,[],0
177,Great insights to models and the theory behind it!,4,0,0,0,0,1,0,0,1,1,Great insights to models and the theory behind it!,[],0
178,This is a comprehensive course into NLP and Machine Learning,4,0,0,0,0,1,0,0,1,2,This is a comprehensive course into NLP and Machine Learning,[],0
179,"I wasn't sure if this is the right course to enter the world of NLP but I have to say that if you want to look into applying Machine Learning to text data, then this is the right course",4,0,1,0,0,1,0,1,1,1,"I wasn't sure if this is the right course to enter the world of NLP but I have to say that if you want to look into applying Machine Learning to text data, then this is the right course",[],0
180,"If you are more interested in Neural embeddings, then there is another course with a strong focus on that by the Instructor ⭐",4,0,1,0,0,0,0,1,0,2,"If you are more interested in Neural embeddings, then there is another course with a strong focus on that by the Instructor",['⭐'],1
181,Very nice to the point explanation about all concepts of NLP,4,0,0,0,0,1,0,0,1,1,Very nice to the point explanation about all concepts of NLP,[],0
182,Simplified the all concepts of NLP in very well manner,4,0,0,0,0,1,0,0,1,1,Simplified the all concepts of NLP in very well manner,[],0
183,"Very challenging! But I have gained confidence in coding as I move along, not by improving the amount of time, but more confidence in how to achieve the desired results",4,0,1,0,0,1,0,0,1,1,"Very challenging! But I have gained confidence in coding as I move along, not by improving the amount of time, but more confidence in how to achieve the desired results",[],0
184,The lectures on vectorization techniques was very good also,4,0,0,0,0,1,0,0,1,1,The lectures on vectorization techniques was very good also,[],0
185,The theoretical explanation is really good but the practice is not 💔,2,1,1,1,0,0,1,1,0,0,The theoretical explanation is really good but the practice is not,['💔'],1
186,Resources (notebooks) are not available,0,0,0,0,0,0,1,0,0,0,Resources (notebooks) are not available,[],0
187,The course has no depth where the instructor explains an intuition and runs off,1,1,0,0,0,0,1,0,0,2,The course has no depth where the instructor explains an intuition and runs off,[],0
188,The exercises given have no solutions and you have to do it either yourself or you suck and they can't help you! I wouldn't recommend it,2,1,0,1,0,0,1,0,0,2,The exercises given have no solutions and you have to do it either yourself or you suck and they can't help you! I wouldn't recommend it,[],0
189,"what I should mention about this course is that do not expect a beginner course definitely, you should have some background in machine learning, statistics, and programming, and keep this in your mind that you might encounter some context that you might want to watch it twice or more, so don't get disappointed if you had trouble at first sight",2,0,1,0,1,0,1,0,0,2,"what I should mention about this course is that do not expect a beginner course definitely, you should have some background in machine learning, statistics, and programming, and keep this in your mind that you might encounter some context that you might want to watch it twice or more, so don't get disappointed if you had trouble at first sight",[],0
190,It's wonderfully beating my expectations,4,0,0,0,0,1,0,1,1,1,It's wonderfully beating my expectations,[],0
191,This is great! The explanations are so simplistic,4,0,0,0,0,1,0,0,1,1,This is great! The explanations are so simplistic,[],0
192,I was searching for NLP course on text classification,4,0,1,0,0,0,0,0,0,2,I was searching for NLP course on text classification,[],0
193,Your content is also good to learn,2,0,0,0,0,1,0,0,1,1,Your content is also good to learn,[],0
194,For this pupose I'm not convenience with your that thing,0,1,0,0,0,0,1,0,0,2,For this pupose I'm not convenience with your that thing,[],0
195,"Amazing Course, Instructor unlike other where we have to search more, here in this course, searching tasks are given explicitly by mentions for better understanding…",4,0,0,0,0,1,0,1,1,1,"Amazing Course, Instructor unlike other where we have to search more, here in this course, searching tasks are given explicitly by mentions for better understanding…",[],0
196,"The model of teaching is great, where it involves writing alot of notes, which offer great revision material for understanding each concept",1,0,0,0,0,1,0,0,1,1,"The model of teaching is great, where it involves writing alot of notes, which offer great revision material for understanding each concept",[],0
197,"So far so good, am glad I enrolled",4,0,0,0,0,1,0,0,1,1,"So far so good, am glad I enrolled",[],0
198,It's a good match for what I want to learn,4,0,0,0,0,1,0,0,1,1,It's a good match for what I want to learn,[],0
199,I've taken a previous course with this instructor and I like his style of teaching,4,0,0,0,0,1,0,0,1,1,I've taken a previous course with this instructor and I like his style of teaching,[],0
200,"I highly recommend this course as part of your learning path, as it is structured very well",4,0,0,0,0,1,0,0,1,1,"I highly recommend this course as part of your learning path, as it is structured very well",[],0
201,"The explanations provide the perfect depth of detail, and the slides are useful for visualizing complex information",2,0,0,0,0,1,0,0,1,1,"The explanations provide the perfect depth of detail, and the slides are useful for visualizing complex information",[],0
202,"I watched a few lectures daily and took notes, and tried to write all the code on my own",4,0,1,0,0,1,0,0,1,1,"I watched a few lectures daily and took notes, and tried to write all the code on my own",[],0
203,It was a good experience,4,0,0,0,0,1,0,0,1,1,It was a good experience,[],0
204,"I really enjoyed this course from start to end, without leaving any part untouched",4,0,0,0,0,1,0,0,0,1,"I really enjoyed this course from start to end, without leaving any part untouched",[],0
205,There's no way you'll finish this course and still find it hard to understand NLP,4,0,0,0,0,0,0,0,1,0,There's no way you'll finish this course and still find it hard to understand NLP,[],0
206,Excellent work by the Instructor,4,0,0,0,0,1,0,0,1,1,Excellent work by the Instructor,[],0
207,Excellent course! Took this class to up my skills in machine learning,4,0,1,0,0,1,0,0,0,1,Excellent course! Took this class to up my skills in machine learning,[],0
208,Instructor is engaging and the directions are clear,4,0,0,0,0,1,0,0,1,1,Instructor is engaging and the directions are clear,[],0
209,I didn't have any trouble downloading materials for the course,2,0,0,0,0,0,0,0,1,1,I didn't have any trouble downloading materials for the course,[],0
210,Covers a lot of different concepts and approaches 😊,4,0,0,0,0,1,0,1,1,1,Covers a lot of different concepts and approaches,['😊'],1
211,Course is well organized and presented,4,0,0,0,0,0,0,0,1,1,Course is well organized and presented,[],0
212,I have watched countless hours of youtube tutorials but this is beyond that 😊,4,0,0,0,0,1,0,1,1,1,I have watched countless hours of youtube tutorials but this is beyond that,['😊'],1
213,"After a few weeks of finishing the course, I'm feeling pretty at ease with NLP and Python",4,0,0,0,0,1,0,0,1,2,"After a few weeks of finishing the course, I'm feeling pretty at ease with NLP and Python",[],0
214,"The course was great, offering solid insights and some cool hands-on projects with lectures at every level from beginner to advanced",4,0,0,0,0,1,0,0,1,1,"The course was great, offering solid insights and some cool hands-on projects with lectures at every level from beginner to advanced",[],0
215,"This course has all the theory required, however useless in practice",4,0,0,1,0,0,1,0,0,0,"This course has all the theory required, however useless in practice",[],0
216,"Since the example code is not available it is too much time-consuming writing code looking at the screen, by the time we do that, can read the documentation or google to find the information provided in the course, of course free of cost",0,1,0,0,0,0,0,0,0,1,"Since the example code is not available it is too much time-consuming writing code looking at the screen, by the time we do that, can read the documentation or google to find the information provided in the course, of course free of cost",[],0
217,Moreover the arrogant reply that “it’s your mistake” subscribing to the course for the queries asked is very disappointing,0,1,0,0,0,0,1,0,0,0,Moreover the arrogant reply that “it’s your mistake” subscribing to the course for the queries asked is very disappointing,[],0
218,"In my view the students are fooled by bluffing about “muscle memory”, because I don’t think anybody paid for this course to build “muscle memory”",0,1,0,1,0,0,0,0,0,2,"In my view the students are fooled by bluffing about “muscle memory”, because I don’t think anybody paid for this course to build “muscle memory”",[],0
219,"The course is in-depth, concise, and informative",1,0,0,0,0,1,0,0,1,2,"The course is in-depth, concise, and informative",[],0
220,Instructor gives lots of information and even provides resources on where to get more on his Github repository,4,0,0,0,0,1,0,0,1,1,Instructor gives lots of information and even provides resources on where to get more on his Github repository,[],0
221,This is a marvelous course for everyone from beginner to advanced! Deserves nothing less than 5 stars for the consistent effort! A big heartfelt thank you to the Instructor and his team,4,0,1,0,0,1,0,0,1,1,This is a marvelous course for everyone from beginner to advanced! Deserves nothing less than 5 stars for the consistent effort! A big heartfelt thank you to the Instructor and his team,[],0
222,Best course if someone wants to really learn new skills in NLP and grow further,4,0,1,0,0,0,0,0,1,1,Best course if someone wants to really learn new skills in NLP and grow further,[],0
223,Beginners must go for this course and try to get advanced as possible from this course,4,0,1,0,0,0,0,0,1,1,Beginners must go for this course and try to get advanced as possible from this course,[],0
224,This course gives you the whole learning process,4,0,0,0,0,0,0,0,1,1,This course gives you the whole learning process,[],0
225,The course is extremely well structured and keeps a very good balance between depth of detail and followability,4,0,0,0,0,1,0,0,1,1,The course is extremely well structured and keeps a very good balance between depth of detail and followability,[],0
226,Appreciate the breadth of content covered in this NLP course,2,0,0,0,0,1,0,0,0,2,Appreciate the breadth of content covered in this NLP course,[],0
227,Different from similar courses I have taken so far,4,0,0,0,0,1,0,1,0,2,Different from similar courses I have taken so far,[],0
228,Hands-on learning for all levels beginner to advanced,4,0,1,0,0,1,0,0,1,1,Hands-on learning for all levels beginner to advanced,[],0
229,But theory goes into detail too,4,0,0,0,0,1,0,0,1,2,But theory goes into detail too,[],0
230,Comprehensive course for both practical and theoretical students,4,0,0,0,0,1,0,0,1,2,Comprehensive course for both practical and theoretical students,[],0
231,This is the best investment I have ever made,4,0,0,0,0,1,0,0,1,1,This is the best investment I have ever made,[],0
232,The instruction was really good and informative,4,0,0,0,0,1,0,0,1,1,The instruction was really good and informative,[],0
233,"Before this course, I struggled with NLP because I didn't had a foundation in data science",4,0,0,0,1,0,1,0,0,2,"Before this course, I struggled with NLP because I didn't had a foundation in data science",[],0
234,I found this course really helpful and it can teach you everything about NLP,4,0,0,0,0,1,0,0,1,1,I found this course really helpful and it can teach you everything about NLP,[],0
235,So glad I went with this course after searching for an NLP course and got so many options! The instructor really knows how to make learning fun and make the students apply what they are being taught,4,0,0,0,0,1,0,0,1,1,So glad I went with this course after searching for an NLP course and got so many options! The instructor really knows how to make learning fun and make the students apply what they are being taught,[],0
236,10/10 would recommend,4,0,0,0,0,1,0,0,1,2,10/10 would recommend,[],0
237,This is an incredibly thorough course that starts from the beginning with vectors and walks through so many exciting approaches to NLP! I appreciated the practical approach with hands-on coding that helped me process what I was learning,4,0,1,0,0,1,0,0,1,1,This is an incredibly thorough course that starts from the beginning with vectors and walks through so many exciting approaches to NLP! I appreciated the practical approach with hands-on coding that helped me process what I was learning,[],0
238,Thank you Instructor!,4,0,0,0,0,1,0,0,1,2,Thank you Instructor!,[],0
239,This course is quite comprehensive and very detailed for learning NLP,2,0,0,0,0,1,0,0,1,1,This course is quite comprehensive and very detailed for learning NLP,[],0
240,"In my opinion, this is the best place for the beginners who are aspiring to become NLP experts",4,0,1,0,0,1,0,0,1,1,"In my opinion, this is the best place for the beginners who are aspiring to become NLP experts",[],0
241,"Thank you so much Instructor for this brilliant work, really appreciate it",4,0,0,0,0,1,0,0,1,1,"Thank you so much Instructor for this brilliant work, really appreciate it",[],0
242,I'm super happy with this course,4,0,0,0,0,1,0,0,0,1,I'm super happy with this course,[],0
243,I really feel like I've never learned anything so quickly in my life! After a few weeks only I have confidence to start my own projects on the side and to play with existing code on Github,4,0,1,0,0,1,0,0,1,1,I really feel like I've never learned anything so quickly in my life! After a few weeks only I have confidence to start my own projects on the side and to play with existing code on Github,[],0
244,Thank you so much!,4,0,0,0,0,1,0,0,0,1,Thank you so much!,[],0
245,"It is a good course, which explains things in depth",4,0,0,0,0,1,0,0,1,1,"It is a good course, which explains things in depth",[],0
246,"It also shows a lot of patterns and best practices, presenting more than just dry theory",4,0,0,0,0,1,0,0,1,1,"It also shows a lot of patterns and best practices, presenting more than just dry theory",[],0
247,It also has good demo projects and assignments,4,0,0,0,0,1,0,0,1,1,It also has good demo projects and assignments,[],0
248,"Thank you, Instructor, for this amazing course!",4,0,0,0,0,1,0,0,1,1,"Thank you, Instructor, for this amazing course!",[],0
249,"Fantastic course, with all concepts covered in depth with elaborate implementations",4,0,0,0,0,1,0,0,1,1,"Fantastic course, with all concepts covered in depth with elaborate implementations",[],0
250,"Thanks for such fantastic content, keep up the excellent work",4,0,1,0,0,1,0,0,1,1,"Thanks for such fantastic content, keep up the excellent work",[],0
251,Highly recommend if you want to explore the world of NLP,4,0,1,0,0,1,0,0,1,1,Highly recommend if you want to explore the world of NLP,[],0
252,Learned a lot! Instructor is a superb teacher that never fails to keep you engaged and attentive,4,0,0,0,0,1,0,0,1,1,Learned a lot! Instructor is a superb teacher that never fails to keep you engaged and attentive,[],0
253,The advanced parts of the course are less intuitive and felt like they required a little bit more math,4,0,0,0,0,0,1,0,0,1,The advanced parts of the course are less intuitive and felt like they required a little bit more math,[],0
254,"Nevertheless, excellent course!",4,0,0,0,0,1,0,0,1,1,"Nevertheless, excellent course!",[],0
255,This NLP course is well designed for everyone even if you dont have any clue in machine learning,4,0,0,0,0,1,0,0,1,2,This NLP course is well designed for everyone even if you dont have any clue in machine learning,[],0
256,Also it is quite helpful for advanced level data scientists because it doesnt ask you to learn anything by heart and it teaches you logics to solve any kind of problem,4,0,0,0,0,1,0,0,1,1,Also it is quite helpful for advanced level data scientists because it doesnt ask you to learn anything by heart and it teaches you logics to solve any kind of problem,[],0
257,"I completed Instructor's original NLP course a few years ago and I really loved the way he teaches, so I was really excited to take this course as well",4,0,0,0,0,1,0,0,1,1,"I completed Instructor's original NLP course a few years ago and I really loved the way he teaches, so I was really excited to take this course as well",[],0
258,"I must say I'm not disappointed! This course is so much more comprehensive than the first one, and I can't wait to apply these methods at my company!",4,0,1,0,0,1,0,0,1,1,"I must say I'm not disappointed! This course is so much more comprehensive than the first one, and I can't wait to apply these methods at my company!",[],0
259,Best content on NLP,4,0,0,0,0,1,0,0,1,1,Best content on NLP,[],0
260,Very thorough and laid out very logically,4,0,0,0,0,0,0,0,1,1,Very thorough and laid out very logically,[],0
261,Lots of great information on machine learning and deep learning for NLP,4,0,0,0,0,0,0,0,1,1,Lots of great information on machine learning and deep learning for NLP,[],0
262,Great course!,4,0,0,0,0,1,0,0,1,1,Great course!,[],0
263,"Yes, although I'm a bit of a slow learner, I now am starting to get the hang and grasp of things, and Instructor is very helpful in his lectures and it has also helped me with my career",4,0,0,0,0,1,0,0,1,2,"Yes, although I'm a bit of a slow learner, I now am starting to get the hang and grasp of things, and Instructor is very helpful in his lectures and it has also helped me with my career",[],0
264,"I feel this course needs to have more about transformers but apart from that, this is the best course especially for someone with no knowledge of NLP",4,0,1,0,0,0,0,0,1,1,"I feel this course needs to have more about transformers but apart from that, this is the best course especially for someone with no knowledge of NLP",[],0
265,There is a lot of information for this course,4,0,0,0,0,0,0,0,1,2,There is a lot of information for this course,[],0
266,I have just completed halfway and it feels like information overload but you can just review the videos when you need so you can retain the information,4,0,0,0,1,0,0,0,1,2,I have just completed halfway and it feels like information overload but you can just review the videos when you need so you can retain the information,[],0
267,"The explanation is clear, and the examples are very informative",4,0,0,0,0,1,0,0,1,1,"The explanation is clear, and the examples are very informative",[],0
268,This course is seriously a good deal! It's like multiple courses in one,4,0,0,0,0,1,0,0,1,1,This course is seriously a good deal! It's like multiple courses in one,[],0
269,There's good attention to detail and the way the concepts are explained is awesome,4,0,0,0,0,1,0,1,1,1,There's good attention to detail and the way the concepts are explained is awesome,[],0
270,If you encounter any problems the instructor always replies within a few hours on the Q&A 😁,3,0,0,0,0,1,0,1,1,1,If you encounter any problems the instructor always replies within a few hours on the Q&A,['😁'],1
271,It's the best course for NLP in 2023,4,0,0,0,0,0,0,0,1,1,It's the best course for NLP in 2023,[],0
272,"So far it's looking good, though I'm a bit worried about having to write this kind of complex code on my own after the course is complete",4,0,0,0,1,0,0,0,0,1,"So far it's looking good, though I'm a bit worried about having to write this kind of complex code on my own after the course is complete",[],0
273,Instructor does a great job of making the course challenging and giving us exercises and I don't have to mention how clear and simple the explanation is,4,0,0,0,0,1,0,0,1,1,Instructor does a great job of making the course challenging and giving us exercises and I don't have to mention how clear and simple the explanation is,[],0
274,Couldn't grasp the thought process behind NLP,4,0,0,0,0,0,1,0,0,0,Couldn't grasp the thought process behind NLP,[],0
275,"This is the first course that grabbed and kept my attention, and taught me to think like a data scientist along with the how and why of everything",4,0,0,0,0,1,0,1,1,1,"This is the first course that grabbed and kept my attention, and taught me to think like a data scientist along with the how and why of everything",[],0
276,Forever grateful,4,0,0,0,0,1,0,0,1,2,Forever grateful,[],0
277,Amazing course!,4,0,0,0,0,1,0,0,1,1,Amazing course!,[],0
278,"Although the instructor goes very fast, I really learn a lot of knowledge",1,0,0,0,0,1,0,0,1,1,"Although the instructor goes very fast, I really learn a lot of knowledge",[],0
279,Really good course to develop NLP and machine learning skill for beginners and experts,4,0,0,0,0,0,0,0,1,1,Really good course to develop NLP and machine learning skill for beginners and experts,[],0
280,Thank you!,4,0,0,0,0,1,0,0,0,2,Thank you!,[],0
281,This course was application based which I liked a lot,4,0,0,0,0,1,0,0,0,1,This course was application based which I liked a lot,[],0
282,There are so many projects and even though I have only completed part of the course I can without a doubt say that Instructor is the best teacher I have ever learnt from in my entire life,4,0,0,0,0,1,0,0,1,1,There are so many projects and even though I have only completed part of the course I can without a doubt say that Instructor is the best teacher I have ever learnt from in my entire life,[],0
283,It is a long course but I believe it was really a wonderful learning 😊,4,0,1,0,0,1,0,1,1,1,It is a long course but I believe it was really a wonderful learning,['😊'],1
284,This course is highly recommended for those who are newish to NLP and machine learning but experienced in Python,4,0,1,0,0,0,0,0,1,1,This course is highly recommended for those who are newish to NLP and machine learning but experienced in Python,[],0
285,It is a long course but covered all the related techniques very well,4,0,0,0,0,0,0,0,1,2,It is a long course but covered all the related techniques very well,[],0
286,The explanation is really good but I faced a problem with implementing the code,4,0,0,0,0,1,1,0,0,1,The explanation is really good but I faced a problem with implementing the code,[],0
287,The instructor was helpful is resolving my issue,4,0,0,0,0,1,0,0,1,2,The instructor was helpful is resolving my issue,[],0
288,Teaching is excellent and I have learned a lot,4,0,0,0,0,1,0,0,1,1,Teaching is excellent and I have learned a lot,[],0
289,Thank you sir,4,0,0,0,0,1,0,0,0,2,Thank you sir,[],0
290,Very well presented with detailed explanations,2,0,0,0,0,1,0,0,1,1,Very well presented with detailed explanations,[],0
291,"He tells you what you will learn, teaches it and provides a coding example which aids in understanding the material taught",2,0,0,0,0,1,0,0,1,2,"He tells you what you will learn, teaches it and provides a coding example which aids in understanding the material taught",[],0
292,"To anyone starting to learn data science or NLP, this should be your first course",4,0,1,0,0,0,0,0,1,1,"To anyone starting to learn data science or NLP, this should be your first course",[],0
293,It literally covers all the basics you need from the ground up to a very advanced level where you can apply complex machine learning and deep learning to NLP applications,4,0,0,0,0,0,0,0,1,2,It literally covers all the basics you need from the ground up to a very advanced level where you can apply complex machine learning and deep learning to NLP applications,[],0
294,There were no boring sections and I literally felt like I was learning in the matrix!,4,0,0,0,0,1,0,1,0,1,There were no boring sections and I literally felt like I was learning in the matrix!,[],0
295,Instructor is concise and to the point with his approach to explaining a concept,1,0,0,0,0,0,0,0,1,2,Instructor is concise and to the point with his approach to explaining a concept,[],0
296,Thank you for creating such a detailed and structured course and making it available for a low price,2,0,0,0,0,1,0,0,1,1,Thank you for creating such a detailed and structured course and making it available for a low price,[],0
297,"Took awhile to get used to the teaching style, but the content is fabulous and is in small, easily digestible chunks",4,0,0,0,0,1,0,0,1,1,"Took awhile to get used to the teaching style, but the content is fabulous and is in small, easily digestible chunks",[],0
298,"So much content in the course too, it's impressive, I'm definitely happy with the course",2,0,0,0,0,1,0,0,0,1,"So much content in the course too, it's impressive, I'm definitely happy with the course",[],0
299,Enjoyed it a lot,4,0,0,0,0,1,0,0,0,1,Enjoyed it a lot,[],0
300,Perfectly paced and explained,1,0,0,0,0,1,0,0,1,1,Perfectly paced and explained,[],0
301,A new concept is introduced which is followed by a code implementation,4,0,0,0,0,0,0,0,1,1,A new concept is introduced which is followed by a code implementation,[],0
302,Will be continuing on with Instructor's other works,4,0,1,0,0,0,0,0,1,0,Will be continuing on with Instructor's other works,[],0
303,Thank you!,4,0,0,0,0,1,0,0,0,2,Thank you!,[],0
304,One of the best courses on NLP,4,0,0,0,0,1,0,0,1,1,One of the best courses on NLP,[],0
305,"I like Instructor's teaching style, it's beginner friendly",4,0,0,0,0,1,0,0,1,1,"I like Instructor's teaching style, it's beginner friendly",[],0
306,This course will guide you step by step with detailed explanations and give you a good foundation in machine learning skills,4,0,1,0,0,0,0,0,1,1,This course will guide you step by step with detailed explanations and give you a good foundation in machine learning skills,[],0
307,"And for the deep learning lectures, it's exceptional",4,0,0,0,0,1,0,0,1,1,"And for the deep learning lectures, it's exceptional",[],0
308,One step above from the rest,4,0,0,0,0,0,0,1,1,2,One step above from the rest,[],0
309,I am really enjoying learning NLP using this course,4,0,0,0,0,1,0,0,1,1,I am really enjoying learning NLP using this course,[],0
310,"Now NLP feels like cake walk, the best part is the instructor strictly defined what is for beginner and advanced",4,0,0,0,0,1,0,0,1,1,"Now NLP feels like cake walk, the best part is the instructor strictly defined what is for beginner and advanced",[],0
311,That really gave me the amount of confidence to deal with the course,4,0,0,0,0,0,0,0,1,1,That really gave me the amount of confidence to deal with the course,[],0
312,Thanks! 🎉,4,0,0,0,0,1,0,0,0,1,Thanks!,['🎉'],1
313,No one can teach machine learning better than him,4,0,0,0,0,0,0,1,1,1,No one can teach machine learning better than him,[],0
314,The way he clears each and every point is easily understandable,4,0,0,0,0,1,0,0,1,1,The way he clears each and every point is easily understandable,[],0
315,"The course contains beginner, intermediate, and advanced NLP, machine learning, and deep learning",4,0,1,0,0,0,0,0,1,1,"The course contains beginner, intermediate, and advanced NLP, machine learning, and deep learning",[],0
316,Going to enroll in many more courses soon!,4,0,1,0,0,1,0,0,0,1,Going to enroll in many more courses soon!,[],0
317,Awesome course to get into learning NLP,4,0,0,0,0,1,0,0,1,1,Awesome course to get into learning NLP,[],0
318,I've studied mechanical engineering and this was a great course to get my feet wet and understand everything from the ground up,4,0,0,0,0,1,0,0,0,1,I've studied mechanical engineering and this was a great course to get my feet wet and understand everything from the ground up,[],0
319,"Though I might not use everything from this course, I'm excited to use this as a resource to bring machine learning into my projects at work",4,0,1,0,0,1,0,0,0,1,"Though I might not use everything from this course, I'm excited to use this as a resource to bring machine learning into my projects at work",[],0
320,Very well taught course,4,0,0,0,0,0,0,0,1,1,Very well taught course,[],0
321,A lot of knowledge provided in an interactive manner and it wasn't overwhelming,4,0,0,0,0,1,0,0,1,1,A lot of knowledge provided in an interactive manner and it wasn't overwhelming,[],0
322,When it comes to data science or machine learning topics the first place I always check is Instructor's courses,4,0,0,0,0,0,0,0,1,1,When it comes to data science or machine learning topics the first place I always check is Instructor's courses,[],0
323,Well done!,4,0,0,0,0,1,0,0,1,1,Well done!,[],0
324,This course is very good for anyone who's interested in NLP,4,0,0,0,0,0,0,0,1,1,This course is very good for anyone who's interested in NLP,[],0
325,"The teacher has covered almost everything to do with NLP, machine learning, and deep learning",4,0,0,0,0,0,0,0,1,2,"The teacher has covered almost everything to do with NLP, machine learning, and deep learning",[],0
326,After learning this it is advised to practice on different datasets to reinforce your skills,4,0,1,0,0,0,0,0,0,2,After learning this it is advised to practice on different datasets to reinforce your skills,[],0
327,Amazing course,4,0,0,0,0,1,0,0,1,1,Amazing course,[],0
328,Every NLP beginner should take this course for foundations of machine learning and NLP,4,0,1,0,0,0,0,0,1,2,Every NLP beginner should take this course for foundations of machine learning and NLP,[],0
329,After taking this course you will be able to do a lot of NLP projects,4,0,1,0,0,0,0,0,0,1,After taking this course you will be able to do a lot of NLP projects,[],0
330,It is worth buying,4,0,0,0,0,1,0,0,1,1,It is worth buying,[],0
331,A great course for learning NLP plus some! I really like that Instructor did not fear going low level on some of the concepts in order for the student to get a deeper understanding of what's happening behind the scenes,4,0,0,0,0,1,0,0,1,1,A great course for learning NLP plus some! I really like that Instructor did not fear going low level on some of the concepts in order for the student to get a deeper understanding of what's happening behind the scenes,[],0
332,I feel this approach is rare in online courses especially Udemy,4,0,0,0,0,0,0,1,0,1,I feel this approach is rare in online courses especially Udemy,[],0
333,I can't wait for the transformers unit!,4,0,1,0,0,1,0,0,0,2,I can't wait for the transformers unit!,[],0
334,Love the framework and approach of this course,4,0,0,0,0,1,0,0,1,1,Love the framework and approach of this course,[],0
335,"Only one suggestion, it gets boring in between looking at the code it could be made more engaging with quizzes",1,0,0,1,0,0,0,0,0,2,"Only one suggestion, it gets boring in between looking at the code it could be made more engaging with quizzes",[],0
336,"Well, it was a great experience learning NLP with the instructor",4,0,0,0,0,1,0,0,1,1,"Well, it was a great experience learning NLP with the instructor",[],0
337,I always take his courses for machine learning subjects,4,0,0,0,0,0,0,0,1,1,I always take his courses for machine learning subjects,[],0
338,Course is very straightforward and crystal clear,4,0,0,0,0,0,0,0,1,1,Course is very straightforward and crystal clear,[],0
339,Thanks a lot Instructor for dedicating his time and efforts to creating this amazing course,4,0,0,0,0,1,0,0,1,1,Thanks a lot Instructor for dedicating his time and efforts to creating this amazing course,[],0
340,"Great course, been doing software development for years, but new to machine learning",4,0,0,0,0,1,0,0,1,1,"Great course, been doing software development for years, but new to machine learning",[],0
341,The materials were easy to understand and the instructor was superb!,2,0,0,0,0,1,0,0,1,1,The materials were easy to understand and the instructor was superb!,[],0
342,"Instructor does a great job explaining the fundamentals of NLP by breaking down the steps of text preprocessing and analysis, and gradually bringing the student to an advanced level understanding",4,0,0,0,0,1,0,0,1,1,"Instructor does a great job explaining the fundamentals of NLP by breaking down the steps of text preprocessing and analysis, and gradually bringing the student to an advanced level understanding",[],0
343,"This course is great for me, who is a beginner to intermediate level data scientist, to refresh fundamentals, and to open up to advanced algorithms like LDA, TextRank, and deep learning",4,0,0,0,0,1,0,0,1,1,"This course is great for me, who is a beginner to intermediate level data scientist, to refresh fundamentals, and to open up to advanced algorithms like LDA, TextRank, and deep learning",[],0
344,Highly recommended!,4,0,0,0,0,1,0,0,1,1,Highly recommended!,[],0
345,One of the better courses I've had the pleasure of learning from,4,0,0,0,0,1,0,0,1,1,One of the better courses I've had the pleasure of learning from,[],0
346,I had prior experience with machine learning but never knew NLP,4,0,0,0,0,0,0,0,1,0,I had prior experience with machine learning but never knew NLP,[],0
347,"I completed all the coding exercises without cheating, and could immediately develop NLP applications and make contributions within my organization with a deep understanding of what is actually happening behind the scenes",4,0,0,0,0,1,0,0,1,1,"I completed all the coding exercises without cheating, and could immediately develop NLP applications and make contributions within my organization with a deep understanding of what is actually happening behind the scenes",[],0
348,"I think the course is suitable for those who have more of a background in math, science, or computer science than a pure beginner",4,0,0,0,0,0,0,0,1,1,"I think the course is suitable for those who have more of a background in math, science, or computer science than a pure beginner",[],0
349,Instructor is extremely good at explaining everything in detail,4,0,0,0,0,0,0,0,1,1,Instructor is extremely good at explaining everything in detail,[],0
350,"I think the course needs to introduce more challenges because the solution is always given, so you don't really have to do any work 😥",4,1,1,0,1,0,1,1,0,0,"I think the course needs to introduce more challenges because the solution is always given, so you don't really have to do any work",['😥'],1
351,"As a whole, this is a great introduction to NLP",4,0,0,0,0,1,0,0,1,1,"As a whole, this is a great introduction to NLP",[],0
352,Thank the stars for Instructor,4,0,0,0,0,1,0,0,1,1,Thank the stars for Instructor,[],0
353,"This course helped me go from not knowing anything about NLP to now being able to build an LSTM spam detector, generate poems, spin articles, and categorize documents into topics",4,0,0,0,0,1,0,0,1,1,"This course helped me go from not knowing anything about NLP to now being able to build an LSTM spam detector, generate poems, spin articles, and categorize documents into topics",[],0
354,It's just an overall useful course,4,0,0,0,0,0,0,0,1,1,It's just an overall useful course,[],0
355,This is the best course for those who want to learn NLP,4,0,1,0,0,0,0,0,1,1,This is the best course for those who want to learn NLP,[],0
356,"The best part of this course is that they covered deep neural networks from scratch, all the way from ANNs up to CNNs and LSTMs",4,0,0,0,0,1,0,0,1,1,"The best part of this course is that they covered deep neural networks from scratch, all the way from ANNs up to CNNs and LSTMs",[],0
357,This is the most detailed and well explained course on NLP that I have come across on the internet,4,0,0,0,0,1,0,0,1,1,This is the most detailed and well explained course on NLP that I have come across on the internet,[],0
358,"The trainer has explained every topic in great detail, and the Q&A is also very efficient as you will get your reply within 24 hrs",4,0,0,0,0,0,0,0,1,1,"The trainer has explained every topic in great detail, and the Q&A is also very efficient as you will get your reply within 24 hrs",[],0
359,So all in all this is the best course you can enroll in if you want to learn NLP from scratch,4,0,0,0,0,1,0,0,1,1,So all in all this is the best course you can enroll in if you want to learn NLP from scratch,[],0
360,Awesome course for complete NLP learning from beginner to pro level,4,0,0,0,0,1,0,0,1,1,Awesome course for complete NLP learning from beginner to pro level,[],0
361,Gives lots of hands-on project experience,4,0,0,0,0,0,0,0,1,1,Gives lots of hands-on project experience,[],0
362,Please understand the concept while watching the lecture and then try to implement the code on your own 😞,4,1,1,0,1,0,1,1,0,0,Please understand the concept while watching the lecture and then try to implement the code on your own,['😞'],1
363,Perhaps the best course I've taken on Udemy,4,0,0,0,0,1,0,0,1,1,Perhaps the best course I've taken on Udemy,[],0
364,"The instructor is thorough in his teaching but even more importantly the course walks you through a huge number of applications and approaches to NLP, so that you end up really understanding the essence of it",4,0,0,0,0,1,0,0,1,1,"The instructor is thorough in his teaching but even more importantly the course walks you through a huge number of applications and approaches to NLP, so that you end up really understanding the essence of it",[],0
365,It deserves all the stars!,4,0,0,0,0,1,0,1,0,1,It deserves all the stars!,[],0
366,"From beginning to expert, this course has valuable information",4,0,0,0,0,1,0,0,1,1,"From beginning to expert, this course has valuable information",[],0
367,"I was going to skip some earlier chapters, since I'm familiar with NLP",4,0,1,0,0,0,0,0,0,1,"I was going to skip some earlier chapters, since I'm familiar with NLP",[],0
368,Happy I didn't,4,0,0,0,0,1,0,0,0,1,Happy I didn't,[],0
369,I learned some additional theory and practical tips to apply,4,0,0,0,0,1,0,0,1,1,I learned some additional theory and practical tips to apply,[],0
370,Super course!,4,0,0,0,0,1,0,0,1,1,Super course!,[],0
371,"Really rich and resourceful, comprehensive course",4,0,0,0,0,1,0,0,1,1,"Really rich and resourceful, comprehensive course",[],0
372,Kudos to Instructor,4,0,0,0,0,1,0,0,1,1,Kudos to Instructor,[],0
373,"I have taken several courses, but this one is really well done",4,0,0,0,0,1,0,0,1,1,"I have taken several courses, but this one is really well done",[],0
374,The best part of course is the way each and every topic is explained with a mathematical intution,4,0,1,0,0,0,0,0,1,1,The best part of course is the way each and every topic is explained with a mathematical intution,[],0
375,It is one of the good opportunity for easy to learn NLP and machine learning and we can do many projects and get practical knowledge,4,0,0,0,0,1,0,0,1,1,It is one of the good opportunity for easy to learn NLP and machine learning and we can do many projects and get practical knowledge,[],0
376,"Slow enough for understanding concepts well, but fast enough to cover all important topics 😊",4,0,1,0,1,1,0,1,1,2,"Slow enough for understanding concepts well, but fast enough to cover all important topics",['😊'],1
377,He is a very supportive teacher as well,4,0,0,0,0,1,0,0,1,1,He is a very supportive teacher as well,[],0
378,It's a great instructive course for learning to build many NLP algorithms from scratch,4,0,0,0,0,1,0,0,1,1,It's a great instructive course for learning to build many NLP algorithms from scratch,[],0
379,This course suits beginner-advanced level,4,0,1,0,0,0,0,0,1,1,This course suits beginner-advanced level,[],0
380,Instructor is an awesome teacher,4,0,0,0,0,1,0,0,1,1,Instructor is an awesome teacher,[],0
381,All the notebooks and the way everything was explained,4,0,0,0,0,0,0,0,1,1,All the notebooks and the way everything was explained,[],0
382,It was awesome,4,0,0,0,0,1,0,0,0,1,It was awesome,[],0
383,I had fun learning NLP,4,0,0,0,0,1,0,0,0,1,I had fun learning NLP,[],0
384,Instructor is great at breaking down complex concepts and making them easier to understand,4,0,0,0,0,1,0,0,1,1,Instructor is great at breaking down complex concepts and making them easier to understand,[],0
385,Thank you for the lovely course!,4,0,0,0,0,1,0,0,0,1,Thank you for the lovely course!,[],0
386,It is a great experience to learn while coding along,4,0,0,0,0,1,0,0,0,1,It is a great experience to learn while coding along,[],0
387,Longest but one of the best and engaging courses I have been involved with on Udemy,1,0,0,0,0,1,0,0,1,1,Longest but one of the best and engaging courses I have been involved with on Udemy,[],0
388,The best way to learn and master NLP,4,0,0,0,0,1,0,0,1,1,The best way to learn and master NLP,[],0
389,"Instructor is an amazing mentor, he really helped me to learn NLP from scratch",4,0,0,0,0,1,0,0,1,1,"Instructor is an amazing mentor, he really helped me to learn NLP from scratch",[],0
390,This is really a best course on NLP,4,0,0,0,0,1,0,0,1,1,This is really a best course on NLP,[],0
391,Very nice course,4,0,0,0,0,1,0,0,0,1,Very nice course,[],0
392,A lot of useful coverage,4,0,0,0,0,0,0,0,1,1,A lot of useful coverage,[],0
393,Great resource to understand if NLP is the right subject for you to learn,4,0,0,0,0,0,0,0,1,1,Great resource to understand if NLP is the right subject for you to learn,[],0
394,this course is very good about nlp,4,0,0,0,0,1,0,0,1,1,this course is very good about nlp,[],0
395,one thing that can be added is relation extraction method,4,0,1,0,0,1,0,0,0,2,one thing that can be added is relation extraction method,[],0
396,I love this course; I will definitely recommend this course to my network,4,0,0,0,0,1,0,0,1,1,I love this course; I will definitely recommend this course to my network,[],0
397,All the math behind the concepts is perfectly explained!,4,0,0,0,0,1,0,0,1,1,All the math behind the concepts is perfectly explained!,[],0
398,"Informative, very basic and simple to follow instructions",4,0,0,0,0,0,0,0,1,1,"Informative, very basic and simple to follow instructions",[],0
399,Quick responses on the Q&A,3,0,0,0,0,0,0,0,1,1,Quick responses on the Q&A,[],0
400,I very much enjoyed the course,4,0,0,0,0,1,0,0,0,1,I very much enjoyed the course,[],0
401,Signed up for this course after seeing a section on hugging face,4,0,1,0,0,0,0,0,0,2,Signed up for this course after seeing a section on hugging face,[],0
402,"I was pretty disappointed to see it's for the ""VIP"" only",0,0,0,0,0,0,1,0,0,0,"I was pretty disappointed to see it's for the ""VIP"" only",[],0
403,Have no clue how to get access to it 😥,0,1,0,0,1,0,1,1,0,0,Have no clue how to get access to it,['😥'],1
404,"Overall, a great course with good coding guides and theory explanations",4,0,0,0,0,1,0,0,1,1,"Overall, a great course with good coding guides and theory explanations",[],0
405,Hands down one of the best courses I've taken through Udemy,4,0,0,0,0,1,0,0,1,1,Hands down one of the best courses I've taken through Udemy,[],0
406,"I've taken a few Instructor courses before, so I knew what to expect in terms of difficulty",4,0,0,0,0,0,0,0,1,0,"I've taken a few Instructor courses before, so I knew what to expect in terms of difficulty",[],0
407,"I can tell you the stuff I've learned in this course I've directly applied in my work, and in practice on kaggle datasets",4,0,0,0,0,0,0,0,1,2,"I can tell you the stuff I've learned in this course I've directly applied in my work, and in practice on kaggle datasets",[],0
408,"There are so many subtle, but handy things taught in this course that really help you to understand what you are actually implementing",4,0,0,0,0,0,0,0,1,1,"There are so many subtle, but handy things taught in this course that really help you to understand what you are actually implementing",[],0
409,Prepare for your toolkit to be expanded,4,0,1,0,0,0,0,0,0,2,Prepare for your toolkit to be expanded,[],0
410,Simply the best NLP course on Udemy at present !!!,4,0,0,0,0,1,0,0,1,1,Simply the best NLP course on Udemy at present !!!,[],0
411,Great content but let down by the lecturer's oversensitive and condescending approach to dialogue,2,1,0,0,0,0,1,0,0,1,Great content but let down by the lecturer's oversensitive and condescending approach to dialogue,[],0
412,Very Good Course,4,0,0,0,0,1,0,0,1,1,Very Good Course,[],0
413,Learnt so many new concepts 🙏,4,0,0,0,0,1,0,0,1,1,Learnt so many new concepts,['🙏'],1
414,good easy english its 5 stars for me!!,4,0,0,0,0,1,0,0,1,1,good easy english its 5 stars for me!!,[],0
415,It's amazing,4,0,0,0,0,1,0,0,0,1,It's amazing,[],0
416,He doesn't shy away from the theory and delivers it in an easy-to-understand manner,4,0,0,0,0,0,0,0,1,1,He doesn't shy away from the theory and delivers it in an easy-to-understand manner,[],0
417,Instructor gave a great foundation in this course,4,0,0,0,0,0,0,0,1,1,Instructor gave a great foundation in this course,[],0
418,Now it's all up to me to build on it,4,0,1,0,0,0,0,0,0,2,Now it's all up to me to build on it,[],0
419,This is actually a pretty good course,4,0,0,0,0,0,0,0,1,1,This is actually a pretty good course,[],0
420,Superbly conducted…,4,0,0,0,0,1,0,0,1,1,Superbly conducted…,[],0
421,Instructor is a virtuso,4,0,0,0,0,0,0,1,1,2,Instructor is a virtuso,[],0
422,"As a seasoned professional full-stack developer, but a complete newbie in AI/ML, this course has frightened and discouraged me from further learning the field for a while",4,0,0,0,1,0,1,0,0,1,"As a seasoned professional full-stack developer, but a complete newbie in AI/ML, this course has frightened and discouraged me from further learning the field for a while",[],0
423,"Thank God, I later found a real beginner-friendly course, and I'm recovered and back on track",4,0,0,0,0,1,0,1,0,1,"Thank God, I later found a real beginner-friendly course, and I'm recovered and back on track",[],0
424,"This course has a CRAZY pace, expecting you to follow along and practice/figure things out on your own with a lack of explanations and adequate guidance",1,1,0,1,0,0,0,0,0,1,"This course has a CRAZY pace, expecting you to follow along and practice/figure things out on your own with a lack of explanations and adequate guidance",[],0
425,"Yet, it is being sold as a ""course for ANYONE"" – makes no sense! 😤",1,1,0,1,0,0,1,1,0,0,"Yet, it is being sold as a ""course for ANYONE"" – makes no sense!",['😤'],1
426,Watching the last 2 sections first would be very helpful,4,0,1,0,0,0,0,0,1,1,Watching the last 2 sections first would be very helpful,[],0
427,A very deep and intense journey,4,0,0,0,0,1,0,0,0,1,A very deep and intense journey,[],0
428,Content is inconsistent in difficulty,2,0,0,1,0,0,0,0,0,1,Content is inconsistent in difficulty,[],0
429,Instructor is not good at explaining highly complicated topics that require a lot of Mathematics,1,0,0,1,0,0,0,0,0,0,Instructor is not good at explaining highly complicated topics that require a lot of Mathematics,[],0
430,"well explained, but no slides available",2,0,0,0,0,0,1,0,1,1,"well explained, but no slides available",[],0
431,"very informative ,learnt a lot",4,0,0,0,0,1,0,0,1,1,"very informative ,learnt a lot",[],0
432,"Overall it's a good course, it's not for beginners and definitely some background in Python, and stats is needed as mentioned by the instructor",4,0,0,0,1,0,0,0,1,1,"Overall it's a good course, it's not for beginners and definitely some background in Python, and stats is needed as mentioned by the instructor",[],0
433,It would be really great if the instructor was a little more kind and exhibits vibes of excitement by NLP and trying to pass on the knowledge,4,0,1,0,0,0,1,0,0,1,It would be really great if the instructor was a little more kind and exhibits vibes of excitement by NLP and trying to pass on the knowledge,[],0
434,It's just my opinion and I found his slang of 'Tough teacher' a bit weary,1,0,0,1,0,0,0,0,0,0,It's just my opinion and I found his slang of 'Tough teacher' a bit weary,[],0
435,Excellent explanation of mathematical concepts,4,0,0,0,0,1,0,0,1,1,Excellent explanation of mathematical concepts,[],0
436,I am a computer scientist with multiple years of python experience and two good degrees in math and computer science (you can verify my background here www.linkedin.com/in/nhan-vo-2765aa14/) 😁,4,0,0,0,0,1,0,0,0,2,I am a computer scientist with multiple years of python experience and two good degrees in math and computer science (you can verify my background here www.linkedin.com/in/nhan-vo-2765aa14/),['😁'],1
437,"I am trying to attend this course to see what is new, during taking a chapter (17) I like to ask the teacher again about the purpose of that chapter 😌",4,0,1,0,1,0,1,1,1,0,"I am trying to attend this course to see what is new, during taking a chapter (17) I like to ask the teacher again about the purpose of that chapter",['😌'],1
438,"The teacher instead of try to help, he do not want to listen to the honest comment of the student and give the evaluation on his/her student: ""You should check the prerequisites for this course 😓",1,1,1,1,1,0,1,1,0,0,"The teacher instead of try to help, he do not want to listen to the honest comment of the student and give the evaluation on his/her student: ""You should check the prerequisites for this course",['😓'],1
439,"I am curious, what have you done to ensure you meet the prerequisites for this course?""",1,0,1,0,0,0,0,0,0,2,"I am curious, what have you done to ensure you meet the prerequisites for this course?""",[],0
440,good but should give more detail explanation for math 😬,1,0,1,0,1,0,1,1,1,1,good but should give more detail explanation for math,['😬'],1
441,Mentor is providing slides for video and he is also fooling student to stay 31 on Udemy but after 31 days I am not finding any slides and note from instructor side 😞,2,1,1,1,1,0,1,1,0,0,Mentor is providing slides for video and he is also fooling student to stay 31 on Udemy but after 31 days I am not finding any slides and note from instructor side,['😞'],1
442,Nice content,4,0,0,0,0,0,0,0,1,1,Nice content,[],0
443,This course helps me alot,4,0,0,0,0,1,0,0,1,1,This course helps me alot,[],0
444,This guy knows what he is talkin' about,4,0,0,0,0,0,0,0,1,2,This guy knows what he is talkin' about,[],0
445,Leaps and bounds beyond version 1,4,0,0,0,0,1,0,1,1,2,Leaps and bounds beyond version 1,[],0
446,"Great course, definitely a best buy",4,0,0,0,0,1,0,0,1,1,"Great course, definitely a best buy",[],0
447,"Just slightly disappointed for the 31 days notebook delay, while I understand is needed to actually be sure of getting the money from Udemy, i still don't fancy it a lot, perhaps a better way should be found",2,1,0,1,0,0,1,0,0,1,"Just slightly disappointed for the 31 days notebook delay, while I understand is needed to actually be sure of getting the money from Udemy, i still don't fancy it a lot, perhaps a better way should be found",[],0
448,great course for fundamentals of NLP,4,0,0,0,0,1,0,0,1,1,great course for fundamentals of NLP,[],0
449,high quality learning,4,0,0,0,0,0,0,0,1,1,high quality learning,[],0
450,It has been a great match so far,4,0,0,0,0,1,0,0,1,1,It has been a great match so far,[],0
451,Nice cource University level teacher,4,0,0,0,0,0,0,0,1,1,Nice cource University level teacher,[],0
452,you explains so much and clear,4,0,0,0,0,0,0,0,1,1,you explains so much and clear,[],0
453,"although the topic is very hard and heavy, I could learn much",2,0,0,0,1,1,0,0,0,2,"although the topic is very hard and heavy, I could learn much",[],0
454,Might as well enroll in your other class,4,0,1,0,0,0,0,0,1,2,Might as well enroll in your other class,[],0
455,"It's clear that a lot of work went into this course, and it's very good",4,0,0,0,0,1,0,0,1,1,"It's clear that a lot of work went into this course, and it's very good",[],0
456,"The pacing is good, and level of explanation suits the advertised audience",4,0,0,0,0,1,0,0,1,1,"The pacing is good, and level of explanation suits the advertised audience",[],0
457,Well worth the time,4,0,0,0,0,1,0,0,1,1,Well worth the time,[],0
458,The course is incredible,4,0,0,0,0,1,0,0,1,1,The course is incredible,[],0
459,its an great course,4,0,0,0,0,1,0,0,1,1,its an great course,[],0
460,"Covers a lot of things, but assume you really know a lot of things",4,0,0,0,1,1,0,0,0,1,"Covers a lot of things, but assume you really know a lot of things",[],0
461,Not enough practice there's too much theory 😞,4,1,1,1,1,0,1,1,0,0,Not enough practice there's too much theory,['😞'],1
462,All theory should go hand in hand with practice 😳,4,0,1,0,1,0,1,1,0,0,All theory should go hand in hand with practice,['😳'],1
463,I won't even bother with the rest of this course,4,1,0,1,0,0,1,0,0,2,I won't even bother with the rest of this course,[],0
464,Expecting more practical studies with some real-world scenarios preferably as it contains more specific symbols that need to clean,2,0,1,0,0,0,0,0,0,1,Expecting more practical studies with some real-world scenarios preferably as it contains more specific symbols that need to clean,[],0
465,"otherwise, the theory is nice and transparent",4,0,0,0,0,0,0,0,1,1,"otherwise, the theory is nice and transparent",[],0
466,was a bit messy when stemming and lemmatization was one after another and again swirled to understand the sequence of the topic,2,0,0,0,0,0,1,0,0,0,was a bit messy when stemming and lemmatization was one after another and again swirled to understand the sequence of the topic,[],0
467,"but in the end, it is all set up in its place",4,0,0,0,0,1,0,0,1,2,"but in the end, it is all set up in its place",[],0
468,The course is very complete and well explained!,4,0,0,0,0,1,0,0,1,1,The course is very complete and well explained!,[],0
469,The introduction is wonderful,4,0,0,0,0,1,0,0,1,1,The introduction is wonderful,[],0
470,Sowing that a lot is ahead to learn,4,0,1,0,0,0,0,0,0,2,Sowing that a lot is ahead to learn,[],0
471,"I feel pretty lost, I feel like showing an example of what we're trying to achieve even thought it comes way later in the course would show how the individual parts of the course will play into it",1,0,0,0,1,0,1,0,0,2,"I feel pretty lost, I feel like showing an example of what we're trying to achieve even thought it comes way later in the course would show how the individual parts of the course will play into it",[],0
472,"yes, and its crystal clear",4,0,0,0,0,1,0,0,1,1,"yes, and its crystal clear",[],0
473,I think it's just me that don't really understand whats he's saying because of language barrier and some example I don't understand even though I have been in programming world for >4 years,1,0,0,0,1,0,1,0,0,1,I think it's just me that don't really understand whats he's saying because of language barrier and some example I don't understand even though I have been in programming world for >4 years,[],0
474,IT WAS REALLY HELPFUL,4,0,0,0,0,1,0,0,1,1,IT WAS REALLY HELPFUL,[],0
475,The companion notes are very unaccessable and only available 30 days after starting the course 😞,0,1,1,1,1,0,1,1,0,0,The companion notes are very unaccessable and only available 30 days after starting the course,['😞'],1
476,He is trying to make sure he doesnt get screwed over but ruins course,1,1,0,1,0,0,0,0,0,0,He is trying to make sure he doesnt get screwed over but ruins course,[],0
477,Ridiculous!,1,1,0,1,0,0,0,0,0,0,Ridiculous!,[],0
478,"Let me just say for the record, this course was JAM-PACKED with hot and 'off the press' knowledge! This was EXACTLY what I was looking for in NLP",4,0,0,0,0,1,0,1,0,1,"Let me just say for the record, this course was JAM-PACKED with hot and 'off the press' knowledge! This was EXACTLY what I was looking for in NLP",[],0
479,This course has more useful stuff in each section than my entire 7-year undergraduate degree in engineering,4,0,0,0,0,1,0,1,1,1,This course has more useful stuff in each section than my entire 7-year undergraduate degree in engineering,[],0
480,"The Instructor boils down complex topics into ways in which you can apply them directly! I cannot thank you enough, kind sir, for sharing your knowledge!",4,0,0,0,0,1,0,0,1,2,"The Instructor boils down complex topics into ways in which you can apply them directly! I cannot thank you enough, kind sir, for sharing your knowledge!",[],0
481,"I have been doing number chat bot/voice bot projects using Google dialogflow, AWS Lex, Nuance Mix and Genesys Dialog Engine",4,0,0,0,0,1,0,0,1,2,"I have been doing number chat bot/voice bot projects using Google dialogflow, AWS Lex, Nuance Mix and Genesys Dialog Engine",[],0
482,I am expecting more depth knowldge of Machine Learning from this course,2,0,1,0,0,0,0,0,0,1,I am expecting more depth knowldge of Machine Learning from this course,[],0
483,nice course,4,0,0,0,0,1,0,0,0,1,nice course,[],0
484,I liked the flow clearing basics and helping you take off smoothly,4,0,0,0,0,1,0,0,0,1,I liked the flow clearing basics and helping you take off smoothly,[],0
485,Amazing!,4,0,0,0,0,1,0,0,0,1,Amazing!,[],0
486,The course includes a link which suppose to have the codes but instead has courses where you would have to pay: https://deeplearningcourses.com/c/natural-language-processing-in-python,0,1,0,1,0,0,0,0,0,2,The course includes a link which suppose to have the codes but instead has courses where you would have to pay: https://deeplearningcourses.com/c/natural-language-processing-in-python,[],0
487,thank you for all your help,4,0,0,0,0,1,0,0,0,2,thank you for all your help,[],0
488,This course has been my most enjoyed course,4,0,0,0,0,1,0,0,1,1,This course has been my most enjoyed course,[],0
489,The speaker really makes a difference,4,0,0,0,0,1,0,0,1,1,The speaker really makes a difference,[],0
490,It really doesn't take much to recognize the quality material,2,0,0,0,0,1,0,0,1,1,It really doesn't take much to recognize the quality material,[],0
491,"While I'm certain there are many excellent teachers, there is no doubt that the Instructor is among them",4,0,0,0,0,1,0,0,1,1,"While I'm certain there are many excellent teachers, there is no doubt that the Instructor is among them",[],0
492,I like the fact that the code is not provided so you are forced to watch the videos,4,0,0,0,0,1,0,0,1,0,I like the fact that the code is not provided so you are forced to watch the videos,[],0
493,No end projects found that can be deployed,2,0,0,0,0,0,1,0,0,1,No end projects found that can be deployed,[],0
494,Not happy with how the instructor explains things,1,1,0,0,0,0,1,0,0,0,Not happy with how the instructor explains things,[],0
495,It's not beginner friendly and not very engaging 😞,1,1,1,1,1,0,1,1,0,0,It's not beginner friendly and not very engaging,['😞'],1
496,Previously I have successfully completed the Deep learning specialization course on Coursera by Andrew Ng but I have trouble following along the video lectures in this course,0,0,0,0,0,0,1,0,0,2,Previously I have successfully completed the Deep learning specialization course on Coursera by Andrew Ng but I have trouble following along the video lectures in this course,[],0
497,"Maybe the instructor could improve his teaching style based on the reviewers' comments but instead, he attacks people who leave bad reviews and call them dishonest",1,1,0,1,0,0,0,0,0,0,"Maybe the instructor could improve his teaching style based on the reviewers' comments but instead, he attacks people who leave bad reviews and call them dishonest",[],0
498,The only good thing about this course is the NLP topics in the syllabus,4,0,0,0,0,0,0,0,1,1,The only good thing about this course is the NLP topics in the syllabus,[],0
499,Good course,4,0,0,0,0,0,0,0,1,1,Good course,[],0
500,This is a fantastic course,4,0,0,0,0,1,0,0,1,1,This is a fantastic course,[],0
501,Note that understanding some complex topics requires patience,2,0,1,0,1,0,0,0,0,0,Note that understanding some complex topics requires patience,[],0
502,Actually it was a good selection for my purpose on a research project,4,0,0,0,0,1,0,0,1,1,Actually it was a good selection for my purpose on a research project,[],0
503,Great intutive explanation why we are using log in idf,4,0,0,0,0,0,0,0,1,1,Great intutive explanation why we are using log in idf,[],0
504,I don't really understand the formula,2,0,0,0,0,0,1,0,0,0,I don't really understand the formula,[],0
505,Good course but the instructor clearly cannot take criticism,1,1,0,1,0,1,0,0,0,1,Good course but the instructor clearly cannot take criticism,[],0
506,I expected some coding and practice but most of the course till now is just theory,2,0,1,0,0,0,1,0,0,1,I expected some coding and practice but most of the course till now is just theory,[],0
507,I love the fact that the author of this course has made it very clear at the outset what he expects from his students and has given tips and tricks to succeed in machine learning,4,0,0,0,0,1,0,0,1,1,I love the fact that the author of this course has made it very clear at the outset what he expects from his students and has given tips and tricks to succeed in machine learning,[],0
508,The videos are well structured and coherent,4,0,0,0,0,1,0,0,1,1,The videos are well structured and coherent,[],0
509,"I am still in Section 3, but I am already loving what I have learned so far",4,0,0,0,0,1,0,0,0,1,"I am still in Section 3, but I am already loving what I have learned so far",[],0
510,"This instructor is always a bless, he knows how to teach, how to inspire and how to make things work",4,0,0,0,0,1,0,0,1,1,"This instructor is always a bless, he knows how to teach, how to inspire and how to make things work",[],0
511,It's quite clear even if a bit too long,4,0,0,0,0,0,0,0,1,2,It's quite clear even if a bit too long,[],0
512,Amazing!,4,0,0,0,0,1,0,0,0,1,Amazing!,[],0
513,Seems off to an encouraging start,4,0,1,0,0,0,0,0,0,1,Seems off to an encouraging start,[],0
514,I'm excited!,4,0,1,0,0,1,0,0,0,1,I'm excited!,[],0
515,Really clear and straight to the point,4,0,0,0,0,1,0,0,1,1,Really clear and straight to the point,[],0
516,Amazing,4,0,0,0,0,1,0,0,0,1,Amazing,[],0
517,适合，学到了很多东西。但有两个建议，1、把知识点和例子分开；2、每堂课都总结一下知识点,2,0,1,0,0,1,0,0,1,2,适合，学到了很多东西。但有两个建议，1、把知识点和例子分开；2、每堂课都总结一下知识点,[],0
518,"Have just started, but I'm looking forward",4,0,1,0,0,0,0,0,0,2,"Have just started, but I'm looking forward",[],0
519,"Little nervous about the advanced material and what to do if I get stuck, but the instructor thus far speaks very straightforwardly and has piqued my excitement",2,0,1,0,1,1,0,0,0,1,"Little nervous about the advanced material and what to do if I get stuck, but the instructor thus far speaks very straightforwardly and has piqued my excitement",[],0
520,Hope to raise to 5 stars soon!,4,0,1,0,0,1,0,0,0,2,Hope to raise to 5 stars soon!,[],0
521,it was a good match with me,4,0,0,0,0,0,0,0,1,1,it was a good match with me,[],0
522,Good,4,0,0,0,0,0,0,0,1,1,Good,[],0
523,"Please if someone looking to learn NLP, just subscribe this course 👌",4,0,1,0,0,1,0,1,1,1,"Please if someone looking to learn NLP, just subscribe this course",['👌'],1
524,you won't regret it 💕,4,0,0,0,0,1,0,1,1,1,you won't regret it,['💕'],1
525,What an incredibly intelligent and effective teacher,4,0,0,0,0,0,0,0,1,1,What an incredibly intelligent and effective teacher,[],0
526,It is clear enough and well explained,4,0,0,0,0,0,0,0,1,1,It is clear enough and well explained,[],0
527,topics are explained in very brief,4,0,0,0,0,1,0,0,0,2,topics are explained in very brief,[],0
528,detailed explanation is not given 😔,1,0,0,0,0,0,1,0,0,0,detailed explanation is not given,['😔'],1
529,Clear explanations without excessive math,4,0,0,0,0,1,0,0,1,1,Clear explanations without excessive math,[],0
530,could be based more on implementation and less theory,4,0,1,0,0,0,0,0,0,1,could be based more on implementation and less theory,[],0
531,Does not delve into details 😑,4,1,0,0,0,0,1,0,0,0,Does not delve into details,['😑'],1
532,Going good so far,4,0,0,0,0,1,0,0,1,1,Going good so far,[],0
533,"Yes - so far, but haven't really got stuck in yet",4,0,0,0,0,1,0,0,0,1,"Yes - so far, but haven't really got stuck in yet",[],0
534,So far seems better organized with much less wasteful repetition than the other Udemy course I spent time on,2,0,0,0,0,1,0,0,1,1,So far seems better organized with much less wasteful repetition than the other Udemy course I spent time on,[],0
535,clear explanations of each and every topic,1,0,0,0,0,1,0,0,1,1,clear explanations of each and every topic,[],0
536,Easy to understand,4,0,0,0,0,1,0,0,1,1,Easy to understand,[],0
537,Thank you,4,0,0,0,0,1,0,0,0,2,Thank you,[],0
538,The explanations are spot on and well articulated,4,0,0,0,0,1,0,0,1,2,The explanations are spot on and well articulated,[],0
539,the explanations are really clear,4,0,0,0,0,1,0,0,1,1,the explanations are really clear,[],0
540,"Amazingly structured, clear and crisp yet covering wide area of the field",4,0,0,0,0,1,0,0,1,1,"Amazingly structured, clear and crisp yet covering wide area of the field",[],0
541,So far good,4,0,0,0,0,1,0,0,0,1,So far good,[],0
542,Sound very good and clear,4,0,0,0,0,1,0,0,1,1,Sound very good and clear,[],0
543,Instructions clear,4,0,0,0,0,0,0,0,1,1,Instructions clear,[],0
544,"Absolutely, well-organised presentation!",4,0,0,0,0,1,0,0,1,1,"Absolutely, well-organised presentation!",[],0
545,My expectations are set high,4,0,1,0,0,0,0,0,0,1,My expectations are set high,[],0
546,I'm looking forward to the course,4,0,1,0,0,0,0,0,0,2,I'm looking forward to the course,[],0
547,"well am just getting started, lets see how this goes",4,0,1,0,0,0,0,0,0,2,"well am just getting started, lets see how this goes",[],0
548,Theory and coding is best,4,0,0,0,0,1,0,0,1,1,Theory and coding is best,[],0
549,Should explain code 🙋,4,0,1,0,0,0,0,0,0,0,Should explain code,['🙋'],1
550,good course,4,0,0,0,0,1,0,0,1,1,good course,[],0
551,He's is amazing the best part about him is that they geninunely care about the students & want them to excel in their future,4,0,0,0,0,1,0,0,1,1,He's is amazing the best part about him is that they geninunely care about the students & want them to excel in their future,[],0
552,RESPECT !!!!,4,0,0,0,0,1,0,0,0,1,RESPECT !!!!,[],0
553,"This is a very good, didactic and knowledgeable professor",4,0,0,0,0,1,0,0,1,1,"This is a very good, didactic and knowledgeable professor",[],0
554,Good so far,4,0,0,0,0,1,0,0,0,1,Good so far,[],0
555,"This is well paced so far, clear and motivational",1,0,0,0,0,1,0,0,1,2,"This is well paced so far, clear and motivational",[],0
556,This is an amazing course,4,0,0,0,0,1,0,0,0,1,This is an amazing course,[],0
557,Thanks for creating it,4,0,0,0,0,1,0,0,0,1,Thanks for creating it,[],0
558,"You just have to get through this course! ""if you don't code it you don't know it""",4,0,0,0,0,0,0,0,1,2,"You just have to get through this course! ""if you don't code it you don't know it""",[],0
559,Clear explanation and set the stage for learning,1,0,0,0,0,1,0,0,1,1,Clear explanation and set the stage for learning,[],0
560,"Outstanding, as earlier courses",4,0,0,0,0,1,0,0,1,1,"Outstanding, as earlier courses",[],0
561,"Well, I took this course for my semester project in NLP",4,0,1,0,0,0,0,0,1,2,"Well, I took this course for my semester project in NLP",[],0
562,good explaination,4,0,0,0,0,1,0,0,1,1,good explaination,[],0
563,"Ok, it's good so far",4,0,0,0,0,1,0,0,0,1,"Ok, it's good so far",[],0
564,Because the tutor covers the material in a very concise and focused way,2,0,0,0,0,0,0,0,1,1,Because the tutor covers the material in a very concise and focused way,[],0
565,Very practical,4,0,0,0,0,0,0,0,1,1,Very practical,[],0
566,I was imagining about my level of expertise as a beginner,4,0,0,0,1,0,0,0,0,2,I was imagining about my level of expertise as a beginner,[],0
567,The way the author deliveries the subject is easily undertsood,4,0,0,0,0,0,0,0,1,1,The way the author deliveries the subject is easily undertsood,[],0
568,Till now looks good,4,0,0,0,0,1,0,0,1,1,Till now looks good,[],0
569,good for learning,4,0,0,0,0,1,0,0,1,1,good for learning,[],0
570,The organization of the materials are very practical,2,0,0,0,0,1,0,0,1,1,The organization of the materials are very practical,[],0
571,It sounds like its exactly what I was looking for,4,0,0,0,0,1,0,0,0,1,It sounds like its exactly what I was looking for,[],0
572,"Your course introduction was ""spot on""",4,0,0,0,0,0,0,0,1,2,"Your course introduction was ""spot on""",[],0
573,"Specifically, the fact that you humbly admitted that the huge amount of data available today is even a challenge for you to keep up with",4,0,0,0,0,0,0,0,1,1,"Specifically, the fact that you humbly admitted that the huge amount of data available today is even a challenge for you to keep up with",[],0
574,"So, We'll see, so far so good",4,0,1,0,0,1,0,0,0,1,"So, We'll see, so far so good",[],0
575,good course,4,0,0,0,0,0,0,0,1,1,good course,[],0
576,no entiendo,4,0,0,0,0,0,1,0,0,2,no entiendo,[],0
577,The course is in very intractive way,4,0,0,0,0,1,0,0,1,1,The course is in very intractive way,[],0
578,Easy to understand,4,0,0,0,0,1,0,0,1,1,Easy to understand,[],0
579,all are excellent,4,0,0,0,0,1,0,0,1,1,all are excellent,[],0
580,"It is very good to explain CNN for NLP, Thank you so much",4,0,0,0,0,1,0,0,1,1,"It is very good to explain CNN for NLP, Thank you so much",[],0
581,So far so good!,4,0,0,0,0,1,0,0,0,1,So far so good!,[],0
582,bacana,4,0,0,0,0,1,0,0,0,2,bacana,[],0
583,Neat and explanatory contents,2,0,0,0,0,1,0,0,1,1,Neat and explanatory contents,[],0
584,Good introduction,4,0,0,0,0,1,0,0,1,1,Good introduction,[],0
585,Simple and clear,4,0,0,0,0,1,0,0,1,1,Simple and clear,[],0
586,very good,4,0,0,0,0,1,0,0,1,1,very good,[],0
587,very good course!,4,0,0,0,0,1,0,0,1,1,very good course!,[],0
588,amazing,4,0,0,0,0,1,0,0,0,1,amazing,[],0
589,Great course worth watching again,4,0,0,0,0,1,0,0,1,1,Great course worth watching again,[],0
590,amazing,4,0,0,0,0,1,0,0,0,1,amazing,[],0
591,Inspiring,4,0,1,0,0,1,0,0,0,1,Inspiring,[],0
592,The content is ok but it could be more wonderful if it was more detailed in some parts,1,0,1,0,0,0,0,0,1,1,The content is ok but it could be more wonderful if it was more detailed in some parts,[],0
593,COULDN'T ASK FOR MORE,4,0,0,0,0,1,0,1,1,1,COULDN'T ASK FOR MORE,[],0
594,The course starts with quite a 'teachy-vibe',4,0,0,0,0,1,0,0,1,1,The course starts with quite a 'teachy-vibe',[],0
595,As time is taken to explain work methods and general web building ideas,4,0,0,0,0,1,0,0,1,2,As time is taken to explain work methods and general web building ideas,[],0
596,Later the style becomes (more) watch and code-along with less general explanations and fuss,4,0,0,0,0,1,0,0,1,1,Later the style becomes (more) watch and code-along with less general explanations and fuss,[],0
597,Both these styles have their pro's and con's,4,0,1,0,0,0,0,0,1,2,Both these styles have their pro's and con's,[],0
598,"If you pay close attention though, the instructor does here and their keeps on giving valuable general web idea lessions and tips",4,0,0,0,0,1,0,0,1,1,"If you pay close attention though, the instructor does here and their keeps on giving valuable general web idea lessions and tips",[],0
599,I give it 5 stars because it is a well worked-out course very suitable for beginners and also not too long or too much material,2,0,0,0,0,1,0,0,1,1,I give it 5 stars because it is a well worked-out course very suitable for beginners and also not too long or too much material,[],0
600,"One of the most complete and practical courses I went throught in this platform, just AMAZING!",4,0,0,0,0,1,0,0,1,1,"One of the most complete and practical courses I went throught in this platform, just AMAZING!",[],0
601,"Excellent course! Instructor uses a didactic method, breaks down complex concepts and let you understand why the things works the way the are done",4,0,0,0,0,1,0,0,1,1,"Excellent course! Instructor uses a didactic method, breaks down complex concepts and let you understand why the things works the way the are done",[],0
602,"Very good, easy to follow refresher for those of us who have been away from web programming for years and have forgotten a good deal of it",4,0,0,0,0,1,0,0,1,1,"Very good, easy to follow refresher for those of us who have been away from web programming for years and have forgotten a good deal of it",[],0
603,its a good course,4,0,0,0,0,1,0,0,1,1,its a good course,[],0
604,learn new,4,0,1,0,0,1,0,0,0,1,learn new,[],0
605,Easy to understand,4,0,0,0,0,1,0,0,1,1,Easy to understand,[],0
606,Is perfect to new devs,4,0,0,0,0,0,0,0,1,1,Is perfect to new devs,[],0
607,The instructor's teaching style is top-notch — easy to follow and very engaging,1,0,0,0,0,1,0,0,1,1,The instructor's teaching style is top-notch — easy to follow and very engaging,[],0
608,Gives very clear and simple explanations to difficult issues,4,0,0,0,0,1,0,0,1,0,Gives very clear and simple explanations to difficult issues,[],0
609,very easy to understand!,4,0,0,0,0,1,0,0,1,1,very easy to understand!,[],0
610,It is a wonderful course with many insights into creating a full-stack app,4,0,0,0,0,1,0,0,1,1,It is a wonderful course with many insights into creating a full-stack app,[],0
611,"Very nice, clear and thorough explanations",4,0,0,0,0,1,0,0,1,1,"Very nice, clear and thorough explanations",[],0
612,I'm catching every lesson and learning so much bit by bit,4,0,1,0,0,1,0,0,0,1,I'm catching every lesson and learning so much bit by bit,[],0
613,Awesome course,4,0,0,0,0,1,0,0,1,1,Awesome course,[],0
614,This is a perfect course to become a Python full stack developer,4,0,0,0,0,1,0,0,1,1,This is a perfect course to become a Python full stack developer,[],0
615,Good,4,0,0,0,0,1,0,0,1,1,Good,[],0
616,Bardzo dobrze i zrozumiale prowadzony kurs,4,0,0,0,0,1,0,0,1,2,Bardzo dobrze i zrozumiale prowadzony kurs,[],0
617,Dużo się nauczyłem,4,0,0,0,0,1,0,0,0,2,Dużo się nauczyłem,[],0
618,great course,4,0,0,0,0,1,0,0,1,1,great course,[],0
619,its not bad 😉,4,0,0,0,0,1,0,1,1,1,its not bad,['😉'],1
620,i wanna say thanks this is awesome bootcamp for me i learning from your teaching,4,0,0,0,0,1,0,0,1,1,i wanna say thanks this is awesome bootcamp for me i learning from your teaching,[],0
621,Very understandable videos thanks i am very helpful always,4,0,0,0,0,1,0,0,1,1,Very understandable videos thanks i am very helpful always,[],0
622,Move watch list!,4,0,1,0,0,0,0,0,0,1,Move watch list!,[],0
623,🌸,4,0,0,0,0,1,0,0,0,1,0,['🌸'],1
624,Instructor has a great aptitude for teaching a subject with just enough details so the student is not overwhelmed,4,0,0,0,0,1,0,0,1,1,Instructor has a great aptitude for teaching a subject with just enough details so the student is not overwhelmed,[],0
625,His pacing is excellent and he demonstrates a thorough knowledge of the topic,4,0,0,0,0,1,0,0,1,1,His pacing is excellent and he demonstrates a thorough knowledge of the topic,[],0
626,Excellent course,4,0,0,0,0,1,0,0,1,1,Excellent course,[],0
627,"Instructor walks you through the flask development process, from concept to deployment, and everything in between",4,0,0,0,0,0,0,0,1,1,"Instructor walks you through the flask development process, from concept to deployment, and everything in between",[],0
628,"You will be introduced to all sorts of development tools including python3, mongodb, jinja2, git, postman, mailgun, bootstrap, heroku, and more",4,0,1,0,0,0,0,0,1,1,"You will be introduced to all sorts of development tools including python3, mongodb, jinja2, git, postman, mailgun, bootstrap, heroku, and more",[],0
629,Instructor demonstrates how fairly complicated projects can be organized within the PyCharm environment,4,0,0,0,0,1,0,0,1,1,Instructor demonstrates how fairly complicated projects can be organized within the PyCharm environment,[],0
630,"On top of all this, he does an outstanding job of answering your questions",4,0,0,0,0,1,0,0,1,1,"On top of all this, he does an outstanding job of answering your questions",[],0
631,"Honestly, what more could you ask for? ☺",4,0,0,0,0,1,0,1,1,1,"Honestly, what more could you ask for?",['☺'],1
632,"Seems very good, I got half through learn python the hard way also, know some VBA",4,0,0,0,0,1,0,0,1,1,"Seems very good, I got half through learn python the hard way also, know some VBA",[],0
633,"The scale of course content is incredibly ambitious, and i will be trying to just copy all you did on CentOS and digital ocean deployment, the deployment part just too dense and time-consuming for me to learn in detail now",2,0,1,0,1,0,0,0,0,1,"The scale of course content is incredibly ambitious, and i will be trying to just copy all you did on CentOS and digital ocean deployment, the deployment part just too dense and time-consuming for me to learn in detail now",[],0
634,New to web development and decided to give this one a go,4,0,1,0,0,0,0,0,0,1,New to web development and decided to give this one a go,[],0
635,I'm experienced with python so that why i decided on flash,4,0,0,0,0,0,0,0,1,1,I'm experienced with python so that why i decided on flash,[],0
636,Overall very happy,4,0,0,0,0,1,0,0,0,1,Overall very happy,[],0
637,Gives a good foundation on which you can further develop by need and develop many different web applications,4,0,0,0,0,1,0,0,1,1,Gives a good foundation on which you can further develop by need and develop many different web applications,[],0
638,Teclado courses are amazing,4,0,0,0,0,1,0,0,1,1,Teclado courses are amazing,[],0
639,"I have started this course with the old content, but after it has been updated, I restarted the journey and finish now with complete new content which is more valuable",2,0,1,0,0,1,0,0,0,1,"I have started this course with the old content, but after it has been updated, I restarted the journey and finish now with complete new content which is more valuable",[],0
640,Awesome Course,4,0,0,0,0,1,0,0,0,1,Awesome Course,[],0
641,"As a first-year CS student, I've always wanted to explore Python more",4,0,1,0,0,0,0,0,0,1,"As a first-year CS student, I've always wanted to explore Python more",[],0
642,This course helps me do just that,4,0,0,0,0,1,0,0,1,2,This course helps me do just that,[],0
643,Instructor has done tremendous work on putting this together,4,0,0,0,0,0,0,0,1,1,Instructor has done tremendous work on putting this together,[],0
644,A must guide to aspiring python/web developers,4,0,1,0,0,0,0,0,1,2,A must guide to aspiring python/web developers,[],0
645,Fantastic course - hands on building a real world application but in a thoughtfully structured way,4,0,0,0,0,0,0,0,1,1,Fantastic course - hands on building a real world application but in a thoughtfully structured way,[],0
646,It is not only about the final product but how you have gotten there,4,0,0,0,0,0,0,0,1,1,It is not only about the final product but how you have gotten there,[],0
647,"and that is what makes this course and the instructor, Instructor, superb! Well done Instructor",4,0,0,0,0,1,0,1,1,1,"and that is what makes this course and the instructor, Instructor, superb! Well done Instructor",[],0
648,This is the best course I have ever taken on Udemy,4,0,0,0,0,1,0,0,1,1,This is the best course I have ever taken on Udemy,[],0
649,"The instructor did an excellent job at explaining all the topics, in an easy-to-understand manner that I picked up quickly",4,0,0,0,0,0,0,0,1,1,"The instructor did an excellent job at explaining all the topics, in an easy-to-understand manner that I picked up quickly",[],0
650,I feel confident that I can create any web app I wish after taking this course,4,0,1,0,0,0,0,0,1,1,I feel confident that I can create any web app I wish after taking this course,[],0
651,"Thank you so much, Instructor! I will definitely take another one of your courses!",4,0,0,0,0,1,0,0,1,1,"Thank you so much, Instructor! I will definitely take another one of your courses!",[],0
652,"This is a great course to start out on Flask, there is enough information to point you in the right direction to start developing with Flask and MongoDB",4,0,0,0,0,0,0,0,1,1,"This is a great course to start out on Flask, there is enough information to point you in the right direction to start developing with Flask and MongoDB",[],0
653,"There are a lot of details that could be added, but it's a great foundation to build upon",4,0,0,0,0,0,0,0,1,1,"There are a lot of details that could be added, but it's a great foundation to build upon",[],0
654,"very well stacked, keeping the listener interesting",4,0,0,0,0,1,0,0,1,1,"very well stacked, keeping the listener interesting",[],0
655,trimming to the requirement perfectly,4,0,0,0,0,0,0,0,1,1,trimming to the requirement perfectly,[],0
656,Quick and clear response on any queries,3,0,0,0,0,0,0,0,1,1,Quick and clear response on any queries,[],0
657,Instructor explains everything in a calm and precise manner,4,0,0,0,0,1,0,0,1,1,Instructor explains everything in a calm and precise manner,[],0
658,"The course not only teaches you the fundamentals of Python, but also everything you need to get a web app online in the real world",4,0,0,0,0,0,0,0,1,1,"The course not only teaches you the fundamentals of Python, but also everything you need to get a web app online in the real world",[],0
659,Highly recommended course,4,0,0,0,0,1,0,0,1,1,Highly recommended course,[],0
660,The course was easy to follow,4,0,0,0,0,0,0,0,1,1,The course was easy to follow,[],0
661,I did go into it with some prior knowledge of Python and Flask,4,0,0,0,0,0,0,0,1,1,I did go into it with some prior knowledge of Python and Flask,[],0
662,Before even finishing the course I was able to apply what I learned to projects,4,0,0,0,0,1,0,0,1,1,Before even finishing the course I was able to apply what I learned to projects,[],0
663,I feel confident now using Python and Flask,4,0,0,0,0,1,0,0,1,1,I feel confident now using Python and Flask,[],0
664,This course is very interesting,4,0,0,0,0,1,0,0,0,1,This course is very interesting,[],0
665,It presents a good compilation of the Python language,4,0,0,0,0,1,0,0,1,1,It presents a good compilation of the Python language,[],0
666,The projects that are included really make you practice and understand the theory,4,0,0,0,0,1,0,0,1,1,The projects that are included really make you practice and understand the theory,[],0
667,I recommend,4,0,0,0,0,0,0,0,1,1,I recommend,[],0
668,Instructor is a Master of the Art of Programming,4,0,0,0,0,0,0,1,1,1,Instructor is a Master of the Art of Programming,[],0
669,This course is truly underrated,4,0,0,0,0,1,0,1,0,1,This course is truly underrated,[],0
670,"He goes straight to the point, yet flesh out all the Gotchas",4,0,0,0,0,0,0,0,1,1,"He goes straight to the point, yet flesh out all the Gotchas",[],0
671,Introduces current best practices in Web dev,4,0,0,0,0,0,0,0,1,1,Introduces current best practices in Web dev,[],0
672,An easy 5 for this course!,4,0,0,0,0,1,0,0,1,1,An easy 5 for this course!,[],0
673,The best course on web development with Flask you could take,4,0,0,0,0,1,0,0,1,1,The best course on web development with Flask you could take,[],0
674,Instructor is a great teacher and knows his stuff,4,0,0,0,0,1,0,0,1,1,Instructor is a great teacher and knows his stuff,[],0
675,You'll be taught all the technical parts and industry best practices,4,0,0,0,0,1,0,0,1,1,You'll be taught all the technical parts and industry best practices,[],0
676,"It's a really insightful course, going through real world examples on how to build simple web apps in python",4,0,0,0,0,1,0,0,1,1,"It's a really insightful course, going through real world examples on how to build simple web apps in python",[],0
677,"The course is very good, very well taught, and contains a wealth of information about the subject, Python development, as well as many things that are very useful, such us using mailgun.com service, deployment to Heroku and DigitalOcean",4,0,0,0,0,1,0,0,1,1,"The course is very good, very well taught, and contains a wealth of information about the subject, Python development, as well as many things that are very useful, such us using mailgun.com service, deployment to Heroku and DigitalOcean",[],0
678,"The instructor is very knowledgeable about the topics, and has the patience to explain every detail of the issue",4,0,0,0,0,1,0,0,1,1,"The instructor is very knowledgeable about the topics, and has the patience to explain every detail of the issue",[],0
679,"Crystal clear as always, very positive and engaging",4,0,0,0,0,1,0,0,1,1,"Crystal clear as always, very positive and engaging",[],0
680,Looking forward to more courses with you,4,0,1,0,0,0,0,0,1,1,Looking forward to more courses with you,[],0
681,This course is amazing,4,0,0,0,0,1,0,0,0,1,This course is amazing,[],0
682,It taught me new Python programming techniques,4,0,0,0,0,0,0,0,1,1,It taught me new Python programming techniques,[],0
683,I recommend this course for Python programmers and aspiring software developers,4,0,0,0,0,0,0,0,1,1,I recommend this course for Python programmers and aspiring software developers,[],0
684,One thing I'd recommend is adding ways to follow the course using PyCharm,4,0,1,0,0,0,0,0,1,1,One thing I'd recommend is adding ways to follow the course using PyCharm,[],0
685,I was really impressed about how quickly Instructor got back to me when I had a question,4,0,0,0,0,1,0,0,1,1,I was really impressed about how quickly Instructor got back to me when I had a question,[],0
686,This (on top of the content) makes the course a great investment,4,0,0,0,0,0,0,0,1,1,This (on top of the content) makes the course a great investment,[],0
687,"Excellent! I followed along, everything worked for me, deployed to Heroku 3 applications",4,0,0,0,0,1,0,0,1,1,"Excellent! I followed along, everything worked for me, deployed to Heroku 3 applications",[],0
688,refresher section probably was a bit too long for me  😫,4,0,0,0,0,0,1,0,0,0,refresher section probably was a bit too long for me,['😫'],1
689,"Outstanding course, I learned a ton of information about Python, Flask, and web development",4,0,0,0,0,0,0,0,1,1,"Outstanding course, I learned a ton of information about Python, Flask, and web development",[],0
690,Instructor is very clear and provides great explanations of everything!,4,0,0,0,0,1,0,0,1,1,Instructor is very clear and provides great explanations of everything!,[],0
691,"This course is an outstanding introduction to Python language, Python virtual environments, Flask, Jinja2, Mongodb, uWSGI, nginx, tools like Pycharm, Github, Postman, Mailgun, and also cloud plataform deployment with Heroku and DigitalOcean",4,0,0,0,0,1,0,0,1,1,"This course is an outstanding introduction to Python language, Python virtual environments, Flask, Jinja2, Mongodb, uWSGI, nginx, tools like Pycharm, Github, Postman, Mailgun, and also cloud plataform deployment with Heroku and DigitalOcean",[],0
692,"Although there is a brief introduction to REST APIs, they are not part of this course",4,0,0,0,0,0,1,0,0,2,"Although there is a brief introduction to REST APIs, they are not part of this course",[],0
693,"The course thus far has been very precise and intuitive in it's lessons, and has been a great help so far",4,0,0,0,0,0,0,0,1,1,"The course thus far has been very precise and intuitive in it's lessons, and has been a great help so far",[],0
694,I am thankful for having discovered it recently! 😌,4,0,0,0,0,1,0,1,1,1,I am thankful for having discovered it recently!,['😌'],1
695,"A very practical course, the teacher shows you step-by-step how to create and improve the project",4,0,0,0,0,0,0,0,1,1,"A very practical course, the teacher shows you step-by-step how to create and improve the project",[],0
696,Recommended!,4,0,0,0,0,1,0,0,1,1,Recommended!,[],0
697,Relevant hands on experience,4,0,0,0,0,1,0,0,1,1,Relevant hands on experience,[],0
698,The instructor is great and shows you how he goes about creating each project in a very natural way,4,0,0,0,0,1,0,0,1,1,The instructor is great and shows you how he goes about creating each project in a very natural way,[],0
699,"Instructor always does such an amazing job of breaking down Python concepts so you get those ""ah ha"" moments",4,0,0,0,0,1,0,0,1,1,"Instructor always does such an amazing job of breaking down Python concepts so you get those ""ah ha"" moments",[],0
700,I'll continue buying his courses whenever he publishes them,4,0,0,0,0,1,0,0,1,1,I'll continue buying his courses whenever he publishes them,[],0
701,Great but simple intro to Python,4,0,0,0,0,1,0,0,1,1,Great but simple intro to Python,[],0
702,Course is good if you have some knowledge of web development,4,0,1,0,0,0,0,0,1,1,Course is good if you have some knowledge of web development,[],0
703,Section 7 - deployments to Heroku and Section 8 - deploying apps manually where really outstanding,4,0,0,0,0,1,0,0,1,1,Section 7 - deployments to Heroku and Section 8 - deploying apps manually where really outstanding,[],0
704,Overall it is a good course in web development with Python,4,0,0,0,0,1,0,0,1,1,Overall it is a good course in web development with Python,[],0
705,I can only say the teacher did a great job,4,0,0,0,0,1,0,0,1,1,I can only say the teacher did a great job,[],0
706,It's very challenging but still at a reasonable pace,1,0,0,0,0,1,0,0,1,1,It's very challenging but still at a reasonable pace,[],0
707,I feel I've learn a lot,4,0,0,0,0,1,0,0,0,1,I feel I've learn a lot,[],0
708,"Thanks a lot, Instructor! 😀",4,0,0,0,0,1,0,0,1,1,"Thanks a lot, Instructor!",['😀'],1
709,"I'm really happy with the course, I'have been learning alot",4,0,0,0,0,1,0,0,0,1,"I'm really happy with the course, I'have been learning alot",[],0
710,Thanks 😍,4,0,0,0,0,1,0,0,0,1,Thanks,['😍'],1
711,Great course,4,0,0,0,0,1,0,0,1,1,Great course,[],0
712,Teacher has a very good and steady beat,4,0,0,0,0,1,0,0,1,1,Teacher has a very good and steady beat,[],0
713,Each module isn't very long and he encourages the student to work alongside the video,2,0,0,0,0,1,0,0,1,1,Each module isn't very long and he encourages the student to work alongside the video,[],0
714,I think this lesson is very practical,4,0,0,0,0,1,0,0,1,1,I think this lesson is very practical,[],0
715,"Although it focuses on introductory topics, it also covers in-depth content",2,0,0,0,0,0,0,0,1,1,"Although it focuses on introductory topics, it also covers in-depth content",[],0
716,It's just great and this is exactly what I want to learn about python web!,4,0,0,0,0,1,0,0,0,1,It's just great and this is exactly what I want to learn about python web!,[],0
717,so far this is the best course for Python,4,0,0,0,0,0,0,0,1,1,so far this is the best course for Python,[],0
718,will review in details after i complete the entire course 😜,4,0,0,0,0,0,0,0,0,2,will review in details after i complete the entire course,['😜'],1
719,This was a very good course on Flask,4,0,0,0,0,1,0,0,1,1,This was a very good course on Flask,[],0
720,"In the last project, the pace was high and I regularly had to pause and try to understand what was happening, but in the end I understood it",1,0,0,0,1,0,0,0,1,1,"In the last project, the pace was high and I regularly had to pause and try to understand what was happening, but in the end I understood it",[],0
721,I think 🙂 Thank you!,4,0,0,0,0,1,0,0,1,1,I think  Thank you!,['🙂'],1
722,"Really enjoy this course! I do have learnt a lot project experience, elaborate explanation in every detail",4,0,0,0,0,1,0,0,0,1,"Really enjoy this course! I do have learnt a lot project experience, elaborate explanation in every detail",[],0
723,Lecture is easy to understand and Instructor has made it simple for me to understand difficult topic,4,0,0,0,0,0,0,0,1,1,Lecture is easy to understand and Instructor has made it simple for me to understand difficult topic,[],0
724,Thanks! 💐,4,0,0,0,0,1,0,0,0,1,Thanks!,['💐'],1
725,Good sample projects which covers broad scope of web service with python,4,0,0,0,0,0,0,0,1,1,Good sample projects which covers broad scope of web service with python,[],0
726,I learned a lot of really valuable stuff,4,0,0,0,0,1,0,0,1,1,I learned a lot of really valuable stuff,[],0
727,"However, I did feel the videos went really fast, and yes, I did adjust the video speed to 75%, but it still felt like it was going too fast at times",1,0,0,0,0,0,1,0,0,1,"However, I did feel the videos went really fast, and yes, I did adjust the video speed to 75%, but it still felt like it was going too fast at times",[],0
728,A well-paced course introducing Flask,1,0,0,0,0,1,0,0,1,1,A well-paced course introducing Flask,[],0
729,The projects reinforce the concepts without getting burdened in detail,4,0,0,0,0,1,0,0,1,1,The projects reinforce the concepts without getting burdened in detail,[],0
730,"Aside from Flask, CSS is also covered in detail",4,0,0,0,0,1,0,0,1,1,"Aside from Flask, CSS is also covered in detail",[],0
731,The e-book has a lot of useful information and links to other resources,4,0,0,0,0,1,0,0,1,2,The e-book has a lot of useful information and links to other resources,[],0
732,My only (minor) complaint was that it still referenced Heroku instead of Render,2,1,0,0,0,0,1,0,0,0,My only (minor) complaint was that it still referenced Heroku instead of Render,[],0
733,I would recommend this course to anyone who wants to learn Flask,4,0,0,0,0,1,0,0,1,1,I would recommend this course to anyone who wants to learn Flask,[],0
734,Really well-done,4,0,0,0,0,1,0,0,1,1,Really well-done,[],0
735,Learned a lot and will really benefit from the information,4,0,0,0,0,1,0,0,1,1,Learned a lot and will really benefit from the information,[],0
736,"Coming to the end of the course I have learnt so much from what I've done at uni! this course is great if you want a simple portfolio website with beginner projects and want to move on to your own after, the course will make it easy to add my own projects in the future!",4,0,0,0,0,1,0,0,1,1,"Coming to the end of the course I have learnt so much from what I've done at uni! this course is great if you want a simple portfolio website with beginner projects and want to move on to your own after, the course will make it easy to add my own projects in the future!",[],0
737,"Some of the topic video clips are a bit too brief for anyone new to HTLM and CSS, but is not a very big concern since I'm already somewhat fluent in those languages",4,0,0,0,0,0,0,0,1,1,"Some of the topic video clips are a bit too brief for anyone new to HTLM and CSS, but is not a very big concern since I'm already somewhat fluent in those languages",[],0
738,However some people might not be and maybe will struggle to understand some concepts especially more complicated concepts like Flexbox in CSS for example,2,0,0,0,1,0,0,0,0,1,However some people might not be and maybe will struggle to understand some concepts especially more complicated concepts like Flexbox in CSS for example,[],0
739,Otherwise it's been what I expected,4,0,0,0,0,1,0,0,1,1,Otherwise it's been what I expected,[],0
740,"A few more knowledge checks along the way, would've been nice",2,0,0,0,0,1,0,0,0,1,"A few more knowledge checks along the way, would've been nice",[],0
741,"But overall, a good course on approaching web development",4,0,0,0,0,1,0,0,1,1,"But overall, a good course on approaching web development",[],0
742,"So far so good! Simple enough without being pedantic, and very well disclaimer'd (I'm a beginner coder and it's challenging but not overwhelming or overly intimidating)",4,0,0,0,0,1,0,0,1,1,"So far so good! Simple enough without being pedantic, and very well disclaimer'd (I'm a beginner coder and it's challenging but not overwhelming or overly intimidating)",[],0
743,damn that unpacking is confusing,1,0,0,0,1,0,0,0,0,0,damn that unpacking is confusing,[],0
744,Very through,4,0,0,0,0,0,0,0,1,1,Very through,[],0
745,nice course,4,0,0,0,0,1,0,0,1,1,nice course,[],0
746,internal concepts like how references same variaable,4,0,0,0,0,1,0,0,1,1,internal concepts like how references same variaable,[],0
747,The course is great but the e-book is not updated (the chair example is not working),2,0,0,0,0,1,1,0,0,1,The course is great but the e-book is not updated (the chair example is not working),[],0
748,Excellent course for a relative beginner in this field,4,0,0,0,0,1,0,0,1,1,Excellent course for a relative beginner in this field,[],0
749,The pace of teaching and web examples really help understand the concepts clearly,1,0,0,0,0,1,0,0,1,1,The pace of teaching and web examples really help understand the concepts clearly,[],0
750,"Interesting course and Instructor is a great teacher! The only downside I want to mention is that course is compound of several parts recorded in different years, so these parts sometimes are not well-connected semantically and have a big difference in audio/video quality  😔",2,0,0,0,0,0,1,0,0,0,"Interesting course and Instructor is a great teacher! The only downside I want to mention is that course is compound of several parts recorded in different years, so these parts sometimes are not well-connected semantically and have a big difference in audio/video quality",['😔'],1
751,"Some concepts like introduction to MongoDB for example, weren't clear 😩",2,1,0,0,0,0,1,0,0,0,"Some concepts like introduction to MongoDB for example, weren't clear",['😩'],1
752,"I had to quickly jump onto to that course to an extent, come back to understand the concepts here",2,1,0,1,0,0,0,0,0,1,"I had to quickly jump onto to that course to an extent, come back to understand the concepts here",[],0
753,Overall I like it,4,0,0,0,0,1,0,0,1,1,Overall I like it,[],0
754,I recommend this course for Flask beginners,4,0,0,0,0,1,0,0,1,1,I recommend this course for Flask beginners,[],0
755,Instructor has made this course easy to understand for beginners,4,0,0,0,0,1,0,0,1,1,Instructor has made this course easy to understand for beginners,[],0
756,This course helped me with building the core architecture of my web application,4,0,0,0,0,1,0,0,1,1,This course helped me with building the core architecture of my web application,[],0
757,the course was updated and there is a lot of new cool projects that are easy to follow,4,0,0,0,0,1,0,0,1,1,the course was updated and there is a lot of new cool projects that are easy to follow,[],0
758,"Nothing is perfect, everything needs development",2,0,0,0,0,0,1,0,0,1,"Nothing is perfect, everything needs development",[],0
759,"I think it is a necessary course to take which gives us something new in our tech ""journey""",2,0,1,0,0,0,0,0,0,1,"I think it is a necessary course to take which gives us something new in our tech ""journey""",[],0
760,Keep going ! And create an experience as good as this course!,4,0,1,0,0,0,0,0,1,1,Keep going ! And create an experience as good as this course!,[],0
761,Outstanding course,4,0,0,0,0,1,0,0,1,1,Outstanding course,[],0
762,The course if full of so much info it is hard to really take it all in,4,0,1,0,1,0,1,0,0,1,The course if full of so much info it is hard to really take it all in,[],0
763,Instructor does a great job of breaking down the material into bite-sized chunks for learning,2,0,0,0,0,1,0,0,1,1,Instructor does a great job of breaking down the material into bite-sized chunks for learning,[],0
764,I highly recommend Instructor's teaching style as well as his choice of materials,4,0,0,0,0,1,0,0,1,1,I highly recommend Instructor's teaching style as well as his choice of materials,[],0
765,This course covers the fundamentals of web development with Flask and Bootstrap,4,0,0,0,0,1,0,0,1,1,This course covers the fundamentals of web development with Flask and Bootstrap,[],0
766,After taking the course I'm confident that I can develop and deploy real web applications 😙,4,0,0,0,0,1,0,1,1,1,After taking the course I'm confident that I can develop and deploy real web applications,['😙'],1
767,It was a good match for me,4,0,0,0,0,1,0,0,1,1,It was a good match for me,[],0
768,"I was already quite experienced with Python and MongoDB, but not with any webdevelopment, HTML and Flask",4,0,0,0,0,1,0,0,1,1,"I was already quite experienced with Python and MongoDB, but not with any webdevelopment, HTML and Flask",[],0
769,I really learned a lot from this course and I would definitively recommend this to my friends,4,0,0,0,0,1,0,0,1,1,I really learned a lot from this course and I would definitively recommend this to my friends,[],0
770,"Sound is super low, instructor talks a bit too fast",1,1,0,1,0,0,1,0,0,1,"Sound is super low, instructor talks a bit too fast",[],0
771,Otherwise great course,4,0,0,0,0,1,0,0,1,1,Otherwise great course,[],0
772,The course was great,4,0,0,0,0,1,0,0,1,1,The course was great,[],0
773,Instructor is too good and e book is a great resource,4,0,0,0,0,1,0,0,1,1,Instructor is too good and e book is a great resource,[],0
774,Helped me set up a flask application in no time,4,0,0,0,0,1,0,0,1,1,Helped me set up a flask application in no time,[],0
775,The course touches almost all the topics in web app via flask,4,0,0,0,0,0,0,0,1,1,The course touches almost all the topics in web app via flask,[],0
776,Good examples and very well explained,4,0,0,0,0,1,0,0,1,1,Good examples and very well explained,[],0
777,Easy to understand even if english is your second language,4,0,1,0,0,0,0,0,1,1,Easy to understand even if english is your second language,[],0
778,"In the other hand, subtitles are only present until lesson 28 😢",0,0,0,0,0,0,1,0,0,0,"In the other hand, subtitles are only present until lesson 28",['😢'],1
779,"yes, I'm a beginner in programming and appreciate the detail explanation of each concept and examples 👌",4,0,0,0,0,1,0,0,1,1,"yes, I'm a beginner in programming and appreciate the detail explanation of each concept and examples",['👌'],1
780,Very good demonstration of writing the code,4,0,0,0,0,1,0,0,1,1,Very good demonstration of writing the code,[],0
781,Instructor answer questions quickly,4,0,0,0,0,1,0,0,1,1,Instructor answer questions quickly,[],0
782,Instructor put a lot of effort in doing this well,4,0,0,0,0,1,0,0,1,1,Instructor put a lot of effort in doing this well,[],0
783,He has updated the course and I have recently started it over so I cannot have a total opinion yet,4,0,1,0,0,0,0,0,0,1,He has updated the course and I have recently started it over so I cannot have a total opinion yet,[],0
784,the project is fun,4,0,0,0,0,1,0,0,1,1,the project is fun,[],0
785,the code is clear,4,0,0,0,0,1,0,0,1,1,the code is clear,[],0
786,One is the that the something wrong with deploying the application code to Heroku 🙈,1,0,0,0,1,0,1,1,0,0,One is the that the something wrong with deploying the application code to Heroku,['🙈'],1
787,This is a great course for start to learn python web development,4,0,0,0,0,1,0,0,1,1,This is a great course for start to learn python web development,[],0
788,The pace is just right for me as Instructor teaches his thinking process,1,0,0,0,0,1,0,0,1,1,The pace is just right for me as Instructor teaches his thinking process,[],0
789,He is also very responsive in answering my queries,3,0,0,0,0,1,0,0,1,1,He is also very responsive in answering my queries,[],0
790,Very good course,4,0,0,0,0,1,0,0,1,1,Very good course,[],0
791,I have not seen a lot of full-stack classes and this does a good job covering a lot of aspects,2,0,0,0,0,1,0,0,1,1,I have not seen a lot of full-stack classes and this does a good job covering a lot of aspects,[],0
792,A very comprehensive course covering the early stages of App development,4,0,0,0,0,1,0,0,1,1,A very comprehensive course covering the early stages of App development,[],0
793,Starting off working purely with Python,4,0,1,0,0,0,0,0,0,1,Starting off working purely with Python,[],0
794,"Then progressing to building out the UI side with HTML, CSS and Bootstrap (with a little JavaScript added for fun), and finally through to deploying the application for the world to see",4,0,1,0,0,0,0,0,1,1,"Then progressing to building out the UI side with HTML, CSS and Bootstrap (with a little JavaScript added for fun), and finally through to deploying the application for the world to see",[],0
795,"A great course, and something I'll be referring back to whilst I build my own projects",4,0,0,0,0,1,0,0,1,1,"A great course, and something I'll be referring back to whilst I build my own projects",[],0
796,It was an amazing journey Instructor,4,0,0,0,0,1,0,0,0,1,It was an amazing journey Instructor,[],0
797,Thanks for the help and tips and I can tell you that know I can continue with my projects with all the knowledge delivered in your videos,4,0,0,0,0,1,0,0,1,1,Thanks for the help and tips and I can tell you that know I can continue with my projects with all the knowledge delivered in your videos,[],0
798,Very nice course so far,4,0,0,0,0,1,0,0,1,1,Very nice course so far,[],0
799,Easy to follow but if you have some previous experience would be very enjoyable,4,0,0,0,0,1,0,0,1,1,Easy to follow but if you have some previous experience would be very enjoyable,[],0
800,I took this course for the sole reason of putting together my own web service,4,0,1,0,0,0,0,0,1,1,I took this course for the sole reason of putting together my own web service,[],0
801,"And the course was perfect for it! The only thing missing, in my opinion, is information on how to better handle users (user profiles, add/edit/delete user, recover lost passwords etc)",4,0,0,0,0,1,1,0,1,1,"And the course was perfect for it! The only thing missing, in my opinion, is information on how to better handle users (user profiles, add/edit/delete user, recover lost passwords etc)",[],0
802,"I really liked that the course was to-the-point wrt real-world applications, including how to set up services on herouku",4,0,0,0,0,1,0,0,1,1,"I really liked that the course was to-the-point wrt real-world applications, including how to set up services on herouku",[],0
803,I am enjoying it,4,0,0,0,0,1,0,0,0,1,I am enjoying it,[],0
804,Some of the sessions were really long,4,1,0,0,0,0,1,0,0,0,Some of the sessions were really long,[],0
805,3-5 min was really optimal,4,0,0,0,0,1,0,0,0,1,3-5 min was really optimal,[],0
806,Hard to find useful content from the video in the repository,2,1,0,0,0,0,1,0,0,0,Hard to find useful content from the video in the repository,[],0
807,If something is not working on my side is hard to track the code in the video,4,1,0,0,0,0,1,0,0,0,If something is not working on my side is hard to track the code in the video,[],0
808,awesome stuff,4,0,0,0,0,1,0,0,0,1,awesome stuff,[],0
809,I am taking my time to go back and revisit bits to actually understand - easy to fall into the pit of just following and copying the code and not really understanding what's going on 😣,4,0,0,0,0,0,1,0,0,0,I am taking my time to go back and revisit bits to actually understand - easy to fall into the pit of just following and copying the code and not really understanding what's going on,['😣'],1
810,"Some portions were unclear, I think you have to really show more when introducing topics regarding flask since it is new for a lot of programmers",4,0,0,0,0,0,1,0,0,1,"Some portions were unclear, I think you have to really show more when introducing topics regarding flask since it is new for a lot of programmers",[],0
811,Up to this point the presentation is very good and the instructor speaks very clearly,4,0,0,0,0,1,0,0,1,1,Up to this point the presentation is very good and the instructor speaks very clearly,[],0
812,I feel like he wants me to learn the material,2,0,0,0,0,1,0,0,1,1,I feel like he wants me to learn the material,[],0
813,It was very helpful and got an extended knowledge about web development with Python and DB use,4,0,0,0,0,1,0,0,1,1,It was very helpful and got an extended knowledge about web development with Python and DB use,[],0
814,Very good,4,0,0,0,0,1,0,0,1,1,Very good,[],0
815,But a lot of the HTML code does not work with new bootstrap 😣,4,1,0,0,0,0,1,0,0,0,But a lot of the HTML code does not work with new bootstrap,['😣'],1
816,"Also only Firefox works on the HTML form-size formating, neither Chrome or Safari understand what in style.css",4,0,0,0,0,0,1,0,0,2,"Also only Firefox works on the HTML form-size formating, neither Chrome or Safari understand what in style.css",[],0
817,Course content is really good,4,0,0,0,0,1,0,0,1,1,Course content is really good,[],0
818,One suggestion please do update course based on new releases in open source technologies,2,0,1,0,0,0,0,0,0,2,One suggestion please do update course based on new releases in open source technologies,[],0
819,The course was amazing and its my first time to learn full stack development,4,0,0,0,0,1,0,0,0,1,The course was amazing and its my first time to learn full stack development,[],0
820,Good instruction to follow so far,4,0,0,0,0,1,0,0,1,1,Good instruction to follow so far,[],0
821,"I made it halfway, can't wait to to see that lies ahead",4,0,1,0,0,1,0,0,0,1,"I made it halfway, can't wait to to see that lies ahead",[],0
822,Great course ! I'm now able to develop and deploy an application 🙂,4,0,0,0,0,1,0,0,1,1,Great course ! I'm now able to develop and deploy an application,['🙂'],1
823,Exactly what i was looking for! Well done,4,0,0,0,0,1,0,0,1,1,Exactly what i was looking for! Well done,[],0
824,Great!,4,0,0,0,0,1,0,0,0,1,Great!,[],0
825,The course is highly organized,4,0,0,0,0,1,0,0,1,1,The course is highly organized,[],0
826,Congratulations!,4,0,0,0,0,1,0,0,0,1,Congratulations!,[],0
827,I found Instructor's explanation of certain concepts has improved in the 2019 section 😒,4,1,0,1,0,0,0,0,0,0,I found Instructor's explanation of certain concepts has improved in the 2019 section,['😒'],1
828,Needs extra reading to follow through,4,0,1,0,0,0,1,0,0,0,Needs extra reading to follow through,[],0
829,Updates made it better,4,0,1,0,0,0,0,0,1,1,Updates made it better,[],0
830,the course is well structured and provides enough info to be a great developer,4,0,0,0,0,1,0,0,1,1,the course is well structured and provides enough info to be a great developer,[],0
831,Great course,4,0,0,0,0,1,0,0,1,1,Great course,[],0
832,Simply explained,4,0,0,0,0,1,0,0,1,1,Simply explained,[],0
833,Focused,4,0,0,0,0,0,0,0,1,1,Focused,[],0
834,Thanks,4,0,0,0,0,1,0,0,0,1,Thanks,[],0
835,sometimes it feels like it’s skipping some basic things and it makes it harder to comprehend for someone with zero background in coding,4,0,0,0,1,0,1,0,0,0,sometimes it feels like it’s skipping some basic things and it makes it harder to comprehend for someone with zero background in coding,[],0
836,In my opinion it's too long and difficult to follow,4,0,0,0,0,0,1,0,0,0,In my opinion it's too long and difficult to follow,[],0
837,"I strongly recommend it if you did the beginner courses from the same author and you are familiar with any tool like vscode pycharm, pipenv",4,0,1,0,0,0,0,0,1,1,"I strongly recommend it if you did the beginner courses from the same author and you are familiar with any tool like vscode pycharm, pipenv",[],0
838,"If not, it can be challenging and maybe it will take you longer than you have expected 😅",4,0,1,0,1,0,0,0,0,0,"If not, it can be challenging and maybe it will take you longer than you have expected",['😅'],1
839,You could learn a lot if you ever get over it,4,0,1,0,0,0,0,0,0,2,You could learn a lot if you ever get over it,[],0
840,Instructor does a good job in explaining the steps,4,0,0,0,0,1,0,0,1,1,Instructor does a good job in explaining the steps,[],0
841,"I haven't worked much with Python before, and I have zero experience working with html, yet I able to comprehend the workflow just fine",4,0,0,0,0,1,0,0,1,1,"I haven't worked much with Python before, and I have zero experience working with html, yet I able to comprehend the workflow just fine",[],0
842,"Towards the end of the course, it appeared different recordings were made at different times, using incompatible methods",2,0,1,0,0,0,0,0,1,0,"Towards the end of the course, it appeared different recordings were made at different times, using incompatible methods",[],0
843,You can still finish the course but you will need to navigate through on your own to figure out why things don't work 😑,2,1,0,0,0,0,1,0,0,0,You can still finish the course but you will need to navigate through on your own to figure out why things don't work,['😑'],1
844,I hope this will be solved in the near future,2,0,1,0,0,0,0,0,0,2,I hope this will be solved in the near future,[],0
845,"Without it, I would give this course 5 out of 5",2,0,1,0,0,0,1,0,0,0,"Without it, I would give this course 5 out of 5",[],0
846,I decreased from 5 to 3.5 be cause there is no course or documentation provided about Password reset,0,0,0,0,0,0,1,0,0,0,I decreased from 5 to 3.5 be cause there is no course or documentation provided about Password reset,[],0
847,"When we have user registration, login and logout courses, we simply need to have user password reset course",0,0,1,0,0,0,0,0,0,0,"When we have user registration, login and logout courses, we simply need to have user password reset course",[],0
848,at least text documentation how to do it,0,0,1,0,0,0,0,0,0,0,at least text documentation how to do it,[],0
849,Disappointed,0,1,0,0,0,0,1,0,0,0,Disappointed,[],0
850,The course content is good but some of it was last changed years back,2,0,0,0,0,0,1,0,0,1,The course content is good but some of it was last changed years back,[],0
851,It would be really helpful if the instructor makes necessary changes,2,0,1,0,0,0,0,0,0,2,It would be really helpful if the instructor makes necessary changes,[],0
852,For example: Deploying the application on Heroku is not very intuitive,2,0,0,0,1,0,0,0,0,2,For example: Deploying the application on Heroku is not very intuitive,[],0
853,Overall it's good for learning certain things,4,0,0,0,0,0,0,0,1,1,Overall it's good for learning certain things,[],0
854,An important part is the DB 😑,4,1,0,0,0,0,1,0,0,0,An important part is the DB,['😑'],1
855,I would expect that there will be a reference to another type of DB except mongoDB just because many other DB are SQL based DB and they have a different structure,2,0,1,0,0,0,0,0,0,1,I would expect that there will be a reference to another type of DB except mongoDB just because many other DB are SQL based DB and they have a different structure,[],0
856,"Good course, could be better",4,0,1,0,0,0,0,0,1,1,"Good course, could be better",[],0
857,I did another 20 hour flask course before this and got a lot more out of it,2,0,0,1,0,0,1,0,0,1,I did another 20 hour flask course before this and got a lot more out of it,[],0
858,This course is a good stepping stone though,4,0,0,0,0,1,0,0,1,1,This course is a good stepping stone though,[],0
859,Aside from that the content and instructor are good,4,0,0,0,0,1,0,0,1,1,Aside from that the content and instructor are good,[],0
860,Explanation was a little difficult for me to understand the logic,2,0,0,0,1,0,1,0,0,0,Explanation was a little difficult for me to understand the logic,[],0
861,Some concepts or logics were skipped so I had to use chatGPT 😫,2,1,1,1,0,0,1,0,0,0,Some concepts or logics were skipped so I had to use chatGPT,['😫'],1
862,But overall the course was good but explaining the logics and concepts a bit more detailed then it would be far better,2,0,0,0,0,0,0,0,1,1,But overall the course was good but explaining the logics and concepts a bit more detailed then it would be far better,[],0
863,Waaaaay too basic python for my level - I've been working with it for 5 years 😫,2,1,0,1,0,0,0,0,0,0,Waaaaay too basic python for my level - I've been working with it for 5 years,['😫'],1
864,I am taking this course to learn how to do front end programming with python 😬,2,0,1,0,0,1,0,0,1,1,I am taking this course to learn how to do front end programming with python,['😬'],1
865,"Excellent introduction to real world applications of python, although be prepared to pause & unpause a few times to keep up with the fast pace",1,0,0,0,0,0,0,0,1,1,"Excellent introduction to real world applications of python, although be prepared to pause & unpause a few times to keep up with the fast pace",[],0
866,I am definitely learning about new techniques,2,0,0,0,0,0,0,0,1,1,I am definitely learning about new techniques,[],0
867,I find it to be more of a series of demos than a real course,2,0,0,0,0,0,1,0,0,1,I find it to be more of a series of demos than a real course,[],0
868,More links to background info and docs for the modules uses would be an improvement,0,0,1,0,0,0,0,0,0,1,More links to background info and docs for the modules uses would be an improvement,[],0
869,"The content is really good, and the instructor is very knowledgeable, but he speaks and types code VERY FAST and does not always explain why he does certain things",1,0,0,0,0,1,1,0,0,1,"The content is really good, and the instructor is very knowledgeable, but he speaks and types code VERY FAST and does not always explain why he does certain things",[],0
870,You will most likely end up pausing his videos very frequently and rewind,1,0,0,0,0,0,1,0,0,1,You will most likely end up pausing his videos very frequently and rewind,[],0
871,"Was easy to understand until the beginning of MongoDB, then it becomes messy",2,0,0,0,0,0,1,0,0,1,"Was easy to understand until the beginning of MongoDB, then it becomes messy",[],0
872,The Instructor is giving high level explanation in the course without thinking about the rookies to Python,1,0,0,0,0,0,1,0,0,1,The Instructor is giving high level explanation in the course without thinking about the rookies to Python,[],0
873,"Comprehensive, but large chunks of development are shown without any testing",2,0,0,0,0,1,1,0,0,1,"Comprehensive, but large chunks of development are shown without any testing",[],0
874,"This isn't how I'd expect development to take place in real world, and it also makes it harder to follow concepts that are being shown in the lectures",2,0,0,0,0,0,1,0,0,0,"This isn't how I'd expect development to take place in real world, and it also makes it harder to follow concepts that are being shown in the lectures",[],0
875,"More in depth explanations would make the video better, Certain ideas are just conveyed without much background",1,0,1,0,0,0,1,0,0,1,"More in depth explanations would make the video better, Certain ideas are just conveyed without much background",[],0
876,The explanations are not very clear,1,0,0,0,0,0,1,0,0,0,The explanations are not very clear,[],0
877,I can follow the course only because I have some prior knowledge,2,0,0,0,1,0,1,0,0,0,I can follow the course only because I have some prior knowledge,[],0
878,"Although I'm not a beginner, I have to say, this course is not suitable for total beginners",2,0,0,0,0,0,1,0,0,0,"Although I'm not a beginner, I have to say, this course is not suitable for total beginners",[],0
879,Because it doesn't help you understand programming very much,2,0,0,0,0,0,1,0,0,1,Because it doesn't help you understand programming very much,[],0
880,Can be organinzed in a better way,2,0,0,0,0,0,1,0,0,1,Can be organinzed in a better way,[],0
881,very good but it's fast,1,0,0,0,0,1,1,0,0,1,very good but it's fast,[],0
882,"Also, as a beginner, I find that explanations aren't always given as to why certain things are done the way they are",1,0,0,0,1,0,0,0,0,1,"Also, as a beginner, I find that explanations aren't always given as to why certain things are done the way they are",[],0
883,"Yup, its a good one",4,0,0,0,0,1,0,0,0,1,"Yup, its a good one",[],0
884,I am understanding things well,4,0,0,0,0,1,0,0,0,1,I am understanding things well,[],0
885,"Bit basic for me as knowledgeable about coding concepts from other languages, but imagine pitched just right for those with no experience",4,0,1,0,0,0,0,0,1,2,"Bit basic for me as knowledgeable about coding concepts from other languages, but imagine pitched just right for those with no experience",[],0
886,Its pretty basic so far,4,0,0,0,0,1,0,0,0,1,Its pretty basic so far,[],0
887,I am looking forward to more advanced stuff later,4,0,1,0,0,0,0,0,0,1,I am looking forward to more advanced stuff later,[],0
888,Seems to assume too much previous knowledge in certain parts,2,0,0,0,1,0,0,0,0,1,Seems to assume too much previous knowledge in certain parts,[],0
889,The basic elements should clear first for better understanding,2,0,1,0,1,0,0,0,0,1,The basic elements should clear first for better understanding,[],0
890,"its pretty good, the lessons are short, and it seems could have a bit more showing of options",2,0,0,0,0,1,0,0,1,1,"its pretty good, the lessons are short, and it seems could have a bit more showing of options",[],0
891,Great course for web developers switching to or who want to learn python,4,0,0,0,0,1,0,0,1,1,Great course for web developers switching to or who want to learn python,[],0
892,"I'm already a competent Python programmer, so this section was unnecessary for me 😥",4,0,0,1,0,0,1,0,0,0,"I'm already a competent Python programmer, so this section was unnecessary for me",['😥'],1
893,I have already learnt much of this stuff so I learnt nothing new upto now,4,1,0,0,0,0,1,0,0,1,I have already learnt much of this stuff so I learnt nothing new upto now,[],0
894,"It's still very earlier in the course, right now the pronunciation and speed are good, contents are still introductory",2,0,0,0,0,1,0,0,1,1,"It's still very earlier in the course, right now the pronunciation and speed are good, contents are still introductory",[],0
895,"So far the course has the basic, is not covering the items in deep",2,0,0,0,0,0,1,0,0,0,"So far the course has the basic, is not covering the items in deep",[],0
896,The graphics are clear and easy readable and the instructor is enthusiastic about the subject and his speech is clear and understandable,4,0,0,0,0,1,0,0,1,1,The graphics are clear and easy readable and the instructor is enthusiastic about the subject and his speech is clear and understandable,[],0
897,It was a good match with each course length being bite size with quizzes to test your understanding,4,0,0,0,0,1,0,0,1,1,It was a good match with each course length being bite size with quizzes to test your understanding,[],0
898,"However, I feel that there are not enough quiz questions",2,0,0,0,0,0,1,0,0,0,"However, I feel that there are not enough quiz questions",[],0
899,difficult course,2,0,0,0,0,0,1,0,0,0,difficult course,[],0
900,I'm not sure whats wrong with my code for the print exercise that i did on the previous video be for this one,0,0,0,0,1,0,0,0,0,0,I'm not sure whats wrong with my code for the print exercise that i did on the previous video be for this one,[],0
901,blurry visuals,0,0,0,0,0,0,1,0,0,0,blurry visuals,[],0
902,Its a little to basic right now but it is good to cover the foundation,2,0,1,0,0,1,0,0,0,1,Its a little to basic right now but it is good to cover the foundation,[],0
903,still a bit confusing,2,0,0,0,1,0,0,0,0,0,still a bit confusing,[],0
904,"i am brand new to python though, so hopefully i can grasp the concept soon",2,0,1,0,0,0,0,0,0,1,"i am brand new to python though, so hopefully i can grasp the concept soon",[],0
905,too fast,1,0,0,0,0,0,1,0,0,1,too fast,[],0
906,very poor explanations,1,1,0,0,0,0,1,0,0,0,very poor explanations,[],0
907,The instructor should spend more time covering the basics instead of a cursory walkthrough followed by resource links,2,1,0,0,0,0,1,0,0,1,The instructor should spend more time covering the basics instead of a cursory walkthrough followed by resource links,[],0
908,The amount of starter code and copy-pasting is too much,2,0,0,0,0,0,1,0,0,1,The amount of starter code and copy-pasting is too much,[],0
909,"I'm not satisfied with the Flask course, particularly because the instructor frequently resorts to copying code without proper explanation",1,1,0,0,0,0,1,0,0,0,"I'm not satisfied with the Flask course, particularly because the instructor frequently resorts to copying code without proper explanation",[],0
910,"The entire course seems to be centered around observing the instructor's actions, without providing adequate opportunities for hands-on practice",1,1,0,0,0,0,0,0,0,1,"The entire course seems to be centered around observing the instructor's actions, without providing adequate opportunities for hands-on practice",[],0
911,It would be helpful if the instructor paused the video at times and allowed students to attempt tasks independently,0,0,1,0,0,0,0,0,0,2,It would be helpful if the instructor paused the video at times and allowed students to attempt tasks independently,[],0
912,"On the other hand, the Python course I took was quite good, and I learned a lot of new tricks",4,0,0,0,0,1,0,0,1,1,"On the other hand, the Python course I took was quite good, and I learned a lot of new tricks",[],0
913,"If not for the Python course, I would have given the Flask course a low rating of 1.5 stars  😤",2,1,0,1,0,0,0,0,0,0,"If not for the Python course, I would have given the Flask course a low rating of 1.5 stars",['😤'],1
914,"However, due to my disappointment with the Flask course, I cannot recommend it",2,1,0,0,0,0,1,0,0,0,"However, due to my disappointment with the Flask course, I cannot recommend it",[],0
915,I am very confused about this courses organization,2,0,0,0,1,0,0,0,0,0,I am very confused about this courses organization,[],0
916,There are the first 8 Sections which on themselves make sense,2,0,0,0,0,0,0,0,1,1,There are the first 8 Sections which on themselves make sense,[],0
917,Then I have no idea what to skip and what not since there are tons of redundant but also new content mixed together in the legacy sections,2,0,0,0,0,0,1,0,0,0,Then I have no idea what to skip and what not since there are tons of redundant but also new content mixed together in the legacy sections,[],0
918,"Skipping these legacy lectures doesn't really work since pretty soon, the author refers back to them anyway",2,0,0,0,0,0,1,0,0,1,"Skipping these legacy lectures doesn't really work since pretty soon, the author refers back to them anyway",[],0
919,Not happy with this and compared to Colt Steels Course I did 2 years ago this is just chaos,2,1,0,0,0,0,1,0,0,0,Not happy with this and compared to Colt Steels Course I did 2 years ago this is just chaos,[],0
920,"Not very helpful, teaching cases seems without careful plan",1,1,0,0,0,0,1,0,0,0,"Not very helpful, teaching cases seems without careful plan",[],0
921,I didn't learn as much as I expected,2,1,0,0,0,0,1,0,0,0,I didn't learn as much as I expected,[],0
922,The first quarter of the course is basically recapping on the basics of python,2,0,0,0,0,0,1,0,0,1,The first quarter of the course is basically recapping on the basics of python,[],0
923,"Presumably someone doing this course already has that, so that was quite frustrating to have paid for a course and ¼ of it is stuff I already knew; but it wasn’t advertised to me that the first quarter would be stuff that I knew",2,1,0,0,0,0,1,0,0,0,"Presumably someone doing this course already has that, so that was quite frustrating to have paid for a course and ¼ of it is stuff I already knew; but it wasn’t advertised to me that the first quarter would be stuff that I knew",[],0
924,It makes it sound like you will create these cool little apps but in fact you’re just learning the basics of Python,2,0,0,0,0,0,1,0,0,1,It makes it sound like you will create these cool little apps but in fact you’re just learning the basics of Python,[],0
925,The instructor knows his stuff,2,0,0,0,0,0,1,0,0,1,The instructor knows his stuff,[],0
926,It gets frustrating at times especially during the OOP section when old methods get rewritten for new parts of the code,2,0,0,0,0,0,1,0,0,0,It gets frustrating at times especially during the OOP section when old methods get rewritten for new parts of the code,[],0
927,"did not go in depth at all in installing necessary programs (flask, pyenv, etc) at all and skimmed over those processing 😅",2,1,0,1,0,0,0,0,0,0,"did not go in depth at all in installing necessary programs (flask, pyenv, etc) at all and skimmed over those processing",['😅'],1
928,struggled immensely with downloading and installing them and even youtube and my own research were not helpful,0,0,0,1,0,0,1,0,0,1,struggled immensely with downloading and installing them and even youtube and my own research were not helpful,[],0
929,very dissapointed,1,1,0,0,0,0,1,0,0,1,very dissapointed,[],0
930,There is a section that is not well described,1,0,0,1,0,0,1,0,0,0,There is a section that is not well described,[],0
931,Many people have expressed their concerned on the matter asking to provide an update and a better video explaining better the steps to follow and there has been not provided a real good solution to the problem for over several months,2,0,0,0,0,0,1,0,0,1,Many people have expressed their concerned on the matter asking to provide an update and a better video explaining better the steps to follow and there has been not provided a real good solution to the problem for over several months,[],0
932,"at beginning, it is too easy, and then it is too fast from the database for the blog/post",1,0,0,0,1,0,0,0,0,1,"at beginning, it is too easy, and then it is too fast from the database for the blog/post",[],0
933,"While it stated that it's for ""All Levels"", the course becomes harder and harder after a surprising very basic starting",2,0,0,0,0,0,0,1,0,0,"While it stated that it's for ""All Levels"", the course becomes harder and harder after a surprising very basic starting",[],0
934,The instructor is going very quick on all concepts as if we have a super memory  😔,1,0,0,0,0,0,1,0,0,0,The instructor is going very quick on all concepts as if we have a super memory,['😔'],1
935,Most sessions are outdated and with legacy code and the ones that are not outdated have very basic and shallow content,2,1,0,0,0,0,1,0,0,0,Most sessions are outdated and with legacy code and the ones that are not outdated have very basic and shallow content,[],0
936,The quality of the Video in the 25 section was poor and blur,0,0,0,0,0,0,1,0,0,0,The quality of the Video in the 25 section was poor and blur,[],0
937,Else I would have given a 5 with the details covered so far,2,1,0,0,0,0,1,0,0,0,Else I would have given a 5 with the details covered so far,[],0
938,Most of the course is outdated,2,0,0,0,0,0,1,0,0,0,Most of the course is outdated,[],0
939,Instructor is long winded and goes to extremes to avoid using proper computer science terminology in exchange for laymen lingo that disguises the concepts,1,1,0,0,0,0,0,0,0,0,Instructor is long winded and goes to extremes to avoid using proper computer science terminology in exchange for laymen lingo that disguises the concepts,[],0
940,I selected this rating because i really don't understand the transition from pycharm point,2,0,0,0,0,0,1,0,0,1,I selected this rating because i really don't understand the transition from pycharm point,[],0
941,For beginners Pycharm environment should be more detailed for Windows/MAC users 😅,2,0,0,1,0,0,0,1,0,0,For beginners Pycharm environment should be more detailed for Windows/MAC users,['😅'],1
942,Difficulty setting up MongoDB on Windows 10 😓,0,1,0,1,0,0,0,0,0,0,Difficulty setting up MongoDB on Windows 10,['😓'],1
943,Could not find the workbook to download 😓,0,1,0,1,0,0,0,0,0,0,Could not find the workbook to download,['😓'],1
944,not a good start to the course,2,0,0,0,0,0,1,0,0,0,not a good start to the course,[],0
945,the pace is rather elementary and slow,1,0,0,0,0,0,1,0,0,0,the pace is rather elementary and slow,[],0
946,not sure at this point if i will be able to achieve my goal of being competent to create my own program by the end of the course,2,1,0,0,1,0,0,0,0,1,not sure at this point if i will be able to achieve my goal of being competent to create my own program by the end of the course,[],0
947,"A little to easy at the moment, but it's just getting started",2,0,1,0,0,0,0,0,0,1,"A little to easy at the moment, but it's just getting started",[],0
948,Skipping through this course,2,0,0,0,0,0,1,0,0,0,Skipping through this course,[],0
949,Instructor usually has much better topics and the videos are better,1,0,1,0,0,0,0,0,0,1,Instructor usually has much better topics and the videos are better,[],0
950,Its Ok not that much fascinating,2,0,0,0,0,0,1,0,0,1,Its Ok not that much fascinating,[],0
951,I would like to use Visual Studio,0,0,1,0,0,0,0,0,0,0,I would like to use Visual Studio,[],0
952,But setting that up is a puzzle too far,0,0,0,0,1,0,0,0,0,0,But setting that up is a puzzle too far,[],0
953,I need more how to in order to get that working,2,0,1,0,0,0,0,0,0,1,I need more how to in order to get that working,[],0
954,very short video with less examples,0,0,0,0,0,0,1,0,0,0,very short video with less examples,[],0
955,the quality of the video is good but the practicals example are not given 😔,2,0,0,0,0,0,1,0,0,0,the quality of the video is good but the practicals example are not given,['😔'],1
956,The exercises are outdated,2,0,0,0,0,0,1,0,0,0,The exercises are outdated,[],0
957,"Not much detailed, would not be good for people having no programming / python knowledge",2,0,0,0,0,0,1,0,0,1,"Not much detailed, would not be good for people having no programming / python knowledge",[],0
958,"This course material is outdated and unacceptable! It's still based on Flask version 2, and so many things are deprecated or changed",2,1,0,1,0,0,0,0,0,0,"This course material is outdated and unacceptable! It's still based on Flask version 2, and so many things are deprecated or changed",[],0
959,"In this course there is a package installation ""pip install database"" which is not working for me, I asked the question he never replied",3,1,0,0,0,0,1,0,0,0,"In this course there is a package installation ""pip install database"" which is not working for me, I asked the question he never replied",[],0
960,"The first half third of this course was excellent quality, but sadly the rest of the course isn't completed",2,0,0,0,0,1,1,0,0,1,"The first half third of this course was excellent quality, but sadly the rest of the course isn't completed",[],0
961,The remaining sections are all several year old legacy videos,2,0,0,0,0,0,1,0,0,0,The remaining sections are all several year old legacy videos,[],0
962,"The course, while being extremely contentful, is delivered in a way so stupefyingly tedious that staying focused and motivated is a real challenge",2,0,0,1,0,0,1,0,0,0,"The course, while being extremely contentful, is delivered in a way so stupefyingly tedious that staying focused and motivated is a real challenge",[],0
963,"It's a standard ""watch as I code"" course with the tutor going over the material quite hastily and rarely stopping to explain the underlying concepts",2,0,0,0,0,0,1,0,0,1,"It's a standard ""watch as I code"" course with the tutor going over the material quite hastily and rarely stopping to explain the underlying concepts",[],0
964,"Although I love the applications that we're creating, the manner of delivery makes the process of studying extremely unrewarding",1,0,0,0,0,1,1,0,0,1,"Although I love the applications that we're creating, the manner of delivery makes the process of studying extremely unrewarding",[],0
965,"In addition to that, there are several mistakes in the video the tutor promised to have fixed by now / see Questions",2,0,0,0,0,0,1,0,0,0,"In addition to that, there are several mistakes in the video the tutor promised to have fixed by now / see Questions",[],0
966,"Pretty awful, jumps around heaps, codes things that you may use but don't end up using, delete that and then use something else",2,1,0,1,0,0,1,0,0,0,"Pretty awful, jumps around heaps, codes things that you may use but don't end up using, delete that and then use something else",[],0
967,(confusing),2,0,0,0,1,0,0,0,0,0,(confusing),[],0
968,"MongoDB errored out and then couldn't move forward with the course, looked for the solution but then having to sift through a whole bunch of code that was entered and then changed in another video down the track",0,0,0,0,1,0,0,0,0,0,"MongoDB errored out and then couldn't move forward with the course, looked for the solution but then having to sift through a whole bunch of code that was entered and then changed in another video down the track",[],0
969,Careful with your investment of time as you may be left without the ability to complete the course,2,0,1,0,1,0,0,0,0,0,Careful with your investment of time as you may be left without the ability to complete the course,[],0
970,"Examples don't work anymore, painful to keep error checking",2,1,0,0,0,0,1,0,0,0,"Examples don't work anymore, painful to keep error checking",[],0
971,Please spend some time on refresh!  😒,2,1,0,1,0,0,0,0,0,0,Please spend some time on refresh!,['😒'],1
972,"Further, the instructor is all over the show at times not using the same standard in naming conventions which makes it difficult to follow!",1,0,0,0,0,0,1,0,0,0,"Further, the instructor is all over the show at times not using the same standard in naming conventions which makes it difficult to follow!",[],0
973,A lot of content and resources are missing,0,0,0,0,0,0,1,0,0,0,A lot of content and resources are missing,[],0
974,It could've done better! And update the content,2,0,0,0,0,0,1,0,0,1,It could've done better! And update the content,[],0
975,It's been more than 2 years 😔,2,1,0,1,0,0,1,0,0,0,It's been more than 2 years,['😔'],1
976,"Very, very disappointing, possibly the worst MOOC I've participated in (and I've done some)",2,1,0,0,0,0,1,0,0,0,"Very, very disappointing, possibly the worst MOOC I've participated in (and I've done some)",[],0
977,No Active supporting team here to clarify learners Questions and Doubts 😔,3,1,0,1,0,0,1,0,0,0,No Active supporting team here to clarify learners Questions and Doubts,['😔'],1
978,It would be so much more instructional if the author went through the design phase with the student first  😑,1,0,1,0,0,0,1,0,0,0,It would be so much more instructional if the author went through the design phase with the student first,['😑'],1
979,Skipping this step is not a best practice,1,1,0,0,0,0,1,0,0,0,Skipping this step is not a best practice,[],0
980,Compared to other instuctors the delivery is not good,1,1,0,0,0,0,0,0,0,0,Compared to other instuctors the delivery is not good,[],0
981,"I was new to udemy when I bougth this couse and I bought because Instructor was the instructor, but the instructor of this course seem to not clear with his explanations",1,1,0,0,0,0,1,0,0,0,"I was new to udemy when I bougth this couse and I bought because Instructor was the instructor, but the instructor of this course seem to not clear with his explanations",[],0
982,Voice too low to be heard,1,0,0,0,0,0,1,0,0,0,Voice too low to be heard,[],0
983,Don't know how to even complete the course 😑,1,1,0,1,1,0,1,0,0,0,Don't know how to even complete the course,['😑'],1
984,The instructor is very boring,1,0,0,0,0,0,1,0,0,0,The instructor is very boring,[],0
985,fast and incomplete explanation,1,0,0,0,0,0,1,0,0,1,fast and incomplete explanation,[],0
986,"It's outdated, a lot of important things aren't explained well, Too much of instructor writing a code and you need to copy it like monkeys",2,1,0,1,0,0,0,0,0,0,"It's outdated, a lot of important things aren't explained well, Too much of instructor writing a code and you need to copy it like monkeys",[],0
987,Very very pathetic course! The course is so disorganized and it's so difficult to follow up with what the instructor is doing,2,1,0,1,0,0,0,0,0,0,Very very pathetic course! The course is so disorganized and it's so difficult to follow up with what the instructor is doing,[],0
988,Total waste of time!,2,1,0,0,0,0,1,0,0,0,Total waste of time!,[],0
989,Courses should have a repo for the student's use 😑,0,1,0,1,0,0,0,0,0,0,Courses should have a repo for the student's use,['😑'],1
990,Not deep enough,2,0,0,0,0,0,1,0,0,0,Not deep enough,[],0
991,Too coarse,2,0,0,0,0,0,1,0,0,0,Too coarse,[],0
992,Wordy and verbose,2,0,0,0,0,0,1,0,0,0,Wordy and verbose,[],0
993,Instructor did not provide adequate tools or design for course success,0,0,0,0,0,0,1,0,0,1,Instructor did not provide adequate tools or design for course success,[],0
994,"This course appears dated, as several of the necessary modules that one needs to make the project code work cannot be imported by pycharm into the code",2,0,0,0,0,0,1,0,0,0,"This course appears dated, as several of the necessary modules that one needs to make the project code work cannot be imported by pycharm into the code",[],0
995,"Instructor used same descriptor for name and object (e.g., Mark ""the person"" and Mark ""the grade"") within his examples, which was a very confusing instructional choice",1,0,0,0,1,0,0,0,0,0,"Instructor used same descriptor for name and object (e.g., Mark ""the person"" and Mark ""the grade"") within his examples, which was a very confusing instructional choice",[],0
996,The course is very nice,4,0,0,0,0,1,0,0,1,1,The course is very nice,[],0
997,"The instructor is explaining everything regarding python in very details however the links to different webpages (MongoDB etc), the versions of the used applications are old 😑",0,1,0,0,0,0,1,0,0,0,"The instructor is explaining everything regarding python in very details however the links to different webpages (MongoDB etc), the versions of the used applications are old",['😑'],1
998,You are spending more time on trying to install different application that on the course you registered to learn about,0,0,0,1,0,0,1,0,0,1,You are spending more time on trying to install different application that on the course you registered to learn about,[],0
999,Very difficult with MongoDB not properly explained,1,0,0,0,1,0,1,0,0,0,Very difficult with MongoDB not properly explained,[],0
1000,Tried same code as was in video and was not working - MongoDB seems to have changed a lot,0,0,0,0,1,0,1,0,0,0,Tried same code as was in video and was not working - MongoDB seems to have changed a lot,[],0
1001,At the moment very disappointed with this course,2,0,0,0,1,0,1,0,0,0,At the moment very disappointed with this course,[],0
1002,Quality of content is very poor in comparison to that of 'The Complete Python Course: Learn python by doing',2,1,0,0,0,0,1,0,0,0,Quality of content is very poor in comparison to that of 'The Complete Python Course: Learn python by doing',[],0
1003,That was a 5 start course,2,0,0,0,0,1,0,0,1,0,That was a 5 start course,[],0
1004,it's not an organized coding,2,0,0,0,0,0,1,0,0,0,it's not an organized coding,[],0
1005,"Very poor course, poorly organised, badly maintained, author clueless on Windows and in the Q&A (when yet another Windows user is having trouble) responds with something like ""avoid using Windows as it is not very good for software development with anything other than .Net"" Don't waste your money on this very poor course",3,1,0,1,0,0,1,0,0,0,"Very poor course, poorly organised, badly maintained, author clueless on Windows and in the Q&A (when yet another Windows user is having trouble) responds with something like ""avoid using Windows as it is not very good for software development with anything other than .Net"" Don't waste your money on this very poor course",[],0
1006,"Awful, already blocked at the very beginning of that course as the course is not updated properly; will update my review to a better note if I ever receive some clear guidance on how to continue that course",2,1,0,0,0,0,1,0,0,0,"Awful, already blocked at the very beginning of that course as the course is not updated properly; will update my review to a better note if I ever receive some clear guidance on how to continue that course",[],0
1007,Not Comprehensive and it is explaining the obvious,2,0,0,0,0,0,1,0,0,0,Not Comprehensive and it is explaining the obvious,[],0
1008,Terrible!,2,1,0,0,0,0,0,0,0,0,Terrible!,[],0
1009,"It is not a course, it is a guy writing codes and telling you to do the same as he does",2,1,0,1,0,0,0,0,0,0,"It is not a course, it is a guy writing codes and telling you to do the same as he does",[],0
1010,Sorry! but not good enough,2,0,0,0,0,0,1,0,0,0,Sorry! but not good enough,[],0
1011,This is an unfinished course - you only find that out when you skip straight to the Flask section and realize there's only one section complete with the rest pending completion,2,0,0,0,0,0,1,0,0,0,This is an unfinished course - you only find that out when you skip straight to the Flask section and realize there's only one section complete with the rest pending completion,[],0
1012,Total waste of time,2,1,0,0,0,0,1,0,0,0,Total waste of time,[],0
1013,No Proper guidance for using tools required for the course,0,0,0,0,0,0,1,0,0,0,No Proper guidance for using tools required for the course,[],0
1014,the latest model is not covered in the program,2,0,0,0,0,0,1,0,0,0,the latest model is not covered in the program,[],0
1015,Section on python refresher does not work,2,0,0,0,0,0,1,0,0,0,Section on python refresher does not work,[],0
1016,I have raised support ticket and yet this is not resolved,2,1,0,0,0,0,1,0,0,0,I have raised support ticket and yet this is not resolved,[],0
1017,The sections that load are brilliant though,2,0,0,0,0,1,0,0,1,1,The sections that load are brilliant though,[],0
1018,It is very theoretical and like reading a book 😒,1,1,0,1,0,0,0,0,0,0,It is very theoretical and like reading a book,['😒'],1
1019,Lacks practical examples / use cases,2,0,0,0,0,0,1,0,0,0,Lacks practical examples / use cases,[],0
1020,I would not recommend anyone to buy this course,2,0,0,1,0,0,1,0,0,0,I would not recommend anyone to buy this course,[],0
1021,"This is my first course with Udemy, and so far I am not at all impressed 😔",2,0,0,1,0,0,1,0,0,0,"This is my first course with Udemy, and so far I am not at all impressed",['😔'],1
1022,Videos are not audible,0,0,0,0,0,0,1,0,0,0,Videos are not audible,[],0
1023,"This course made learning NLP genuinely enjoyable because the explanations are clear, structured, and build strong confidence while keeping me motivated to continue learning.",4,0,0,0,0,1,0,0,1,1,"This course made learning NLP genuinely enjoyable because the explanations are clear, structured, and build strong confidence while keeping me motivated to continue learning.",[],0
1024,I feel very satisfied with this course as it presents NLP concepts in a logical way that makes me trust the material and enjoy the learning process from start to finish.,4,0,0,0,0,1,0,0,1,1,I feel very satisfied with this course as it presents NLP concepts in a logical way that makes me trust the material and enjoy the learning process from start to finish.,[],0
1025,"The instructor delivers the content with clarity and depth, making me feel happy, confident, and excited to apply the concepts to real-world problems.",1,0,0,0,0,1,0,0,1,1,"The instructor delivers the content with clarity and depth, making me feel happy, confident, and excited to apply the concepts to real-world problems.",[],0
1026,This course exceeded my expectations by explaining complex NLP topics in a simple and engaging manner that kept me interested and motivated throughout.,4,0,0,0,0,1,0,1,1,1,This course exceeded my expectations by explaining complex NLP topics in a simple and engaging manner that kept me interested and motivated throughout.,[],0
1027,I truly enjoyed this course because it helped me understand NLP step by step while building trust in the instructor’s teaching approach.,1,0,0,0,0,1,0,0,1,1,I truly enjoyed this course because it helped me understand NLP step by step while building trust in the instructor’s teaching approach.,[],0
1028,The learning experience feels rewarding and enjoyable as the course carefully balances theory and practice in a way that feels natural and motivating.,2,0,0,0,0,1,0,0,1,1,The learning experience feels rewarding and enjoyable as the course carefully balances theory and practice in a way that feels natural and motivating.,[],0
1029,"I am very satisfied with how clearly the instructor explains NLP concepts, which made me feel confident and excited to keep progressing.",1,0,0,0,0,1,0,0,1,1,"I am very satisfied with how clearly the instructor explains NLP concepts, which made me feel confident and excited to keep progressing.",[],0
1030,"This course made me feel comfortable learning NLP because the explanations are well structured, detailed, and easy to follow.",2,0,0,0,0,1,0,0,0,1,"This course made me feel comfortable learning NLP because the explanations are well structured, detailed, and easy to follow.",[],0
1031,I really enjoyed the learning journey in this course as it gradually builds understanding and keeps the motivation high.,4,0,0,0,0,1,0,0,0,1,I really enjoyed the learning journey in this course as it gradually builds understanding and keeps the motivation high.,[],0
1032,The instructor’s clear explanations made this course enjoyable and gave me confidence in applying NLP techniques independently.,1,0,0,0,0,1,0,0,0,1,The instructor’s clear explanations made this course enjoyable and gave me confidence in applying NLP techniques independently.,[],0
1033,I feel happy and satisfied with this course because the content is thoughtfully organized and delivered in a way that builds strong understanding.,2,0,0,0,0,1,0,0,0,1,I feel happy and satisfied with this course because the content is thoughtfully organized and delivered in a way that builds strong understanding.,[],0
1034,This course provided a very positive learning experience by explaining NLP concepts clearly and encouraging curiosity and confidence.,4,0,0,0,0,1,0,0,0,1,This course provided a very positive learning experience by explaining NLP concepts clearly and encouraging curiosity and confidence.,[],0
1035,I enjoyed every part of this course as the instructor explains both basic and advanced ideas in a way that feels engaging and trustworthy.,1,0,0,0,0,1,0,0,0,1,I enjoyed every part of this course as the instructor explains both basic and advanced ideas in a way that feels engaging and trustworthy.,[],0
1036,The structure of this course made learning NLP enjoyable and helped me feel confident while progressing through each topic.,2,0,0,0,0,1,0,0,0,1,The structure of this course made learning NLP enjoyable and helped me feel confident while progressing through each topic.,[],0
1037,"I am very satisfied with the depth and clarity of this course, which made learning NLP feel exciting rather than overwhelming.",4,0,0,0,0,1,0,1,0,1,"I am very satisfied with the depth and clarity of this course, which made learning NLP feel exciting rather than overwhelming.",[],0
1038,"This course successfully combines clear explanations and practical insights, making the learning experience both enjoyable and motivating",2,0,0,0,0,1,0,0,0,1,"This course successfully combines clear explanations and practical insights, making the learning experience both enjoyable and motivating",[],0
1039,I felt confident and engaged throughout the course because the instructor explains concepts carefully and logically,1,0,0,0,0,1,0,0,0,1,I felt confident and engaged throughout the course because the instructor explains concepts carefully and logically,[],0
1040,This course made NLP easier to understand by presenting ideas in a structured and enjoyable way that kept me motivated,2,0,0,0,0,1,0,0,0,1,This course made NLP easier to understand by presenting ideas in a structured and enjoyable way that kept me motivated,[],0
1041,"I truly appreciated the clarity of this course, which helped me build trust in the learning process and enjoy each lesson 😊",4,0,0,0,0,1,0,0,0,1,"I truly appreciated the clarity of this course, which helped me build trust in the learning process and enjoy each lesson",['😊'],1
1042,The learning experience was very satisfying because the course explains NLP concepts thoroughly while keeping the pace comfortable 😄,2,0,0,0,0,1,0,0,0,1,The learning experience was very satisfying because the course explains NLP concepts thoroughly while keeping the pace comfortable,['😄'],1
1043,I enjoyed this course because it gradually builds understanding and makes complex NLP topics feel approachable and interesting 🙂,2,0,0,0,0,1,0,0,0,1,I enjoyed this course because it gradually builds understanding and makes complex NLP topics feel approachable and interesting,['🙂'],1
1044,This course exceeded my expectations by delivering high-quality explanations that made learning NLP both enjoyable and rewarding 🤩,4,0,0,0,0,1,0,1,0,1,This course exceeded my expectations by delivering high-quality explanations that made learning NLP both enjoyable and rewarding,['🤩'],1
1045,I feel very satisfied with this course as it helped me gain confidence and enthusiasm for applying NLP techniques 😊,4,0,0,0,0,1,0,0,0,1,I feel very satisfied with this course as it helped me gain confidence and enthusiasm for applying NLP techniques,['😊'],1
1046,The instructor’s teaching style made learning NLP engaging and helped me trust the concepts being explained 😌,1,0,0,0,0,1,0,0,0,1,The instructor’s teaching style made learning NLP engaging and helped me trust the concepts being explained,['😌'],1
1047,This course made me feel excited about learning NLP due to its clear structure and thoughtful explanations 😄,4,0,0,0,0,1,0,0,0,1,This course made me feel excited about learning NLP due to its clear structure and thoughtful explanations,['😄'],1
1048,"I enjoyed the course because it explains NLP fundamentals in a way that feels logical, motivating, and easy to follow 🙂",2,0,0,0,0,1,0,0,0,1,"I enjoyed the course because it explains NLP fundamentals in a way that feels logical, motivating, and easy to follow",['🙂'],1
1049,The learning journey felt smooth and rewarding thanks to the instructor’s clear explanations and well-organized content 😊,4,0,0,0,0,1,0,0,0,1,The learning journey felt smooth and rewarding thanks to the instructor’s clear explanations and well-organized content,['😊'],1
1050,I am very satisfied with how this course builds understanding step by step while keeping the learning experience enjoyable 😌,4,0,0,0,0,1,0,0,0,1,I am very satisfied with how this course builds understanding step by step while keeping the learning experience enjoyable,['😌'],1
1051,This course helped me feel confident and motivated as it explains NLP concepts in a clear and engaging manner 😄,1,0,0,0,0,1,0,0,0,1,This course helped me feel confident and motivated as it explains NLP concepts in a clear and engaging manner,['😄'],1
1052,"I truly enjoyed learning from this course because the explanations feel thoughtful, detailed, and easy to trust 😊",4,0,0,0,0,1,0,0,0,1,"I truly enjoyed learning from this course because the explanations feel thoughtful, detailed, and easy to trust",['😊'],1
1053,"The instructor explains NLP concepts clearly and patiently, which made the entire learning experience enjoyable and confidence-building 😌",1,0,0,0,0,1,0,0,0,1,"The instructor explains NLP concepts clearly and patiently, which made the entire learning experience enjoyable and confidence-building",['😌'],1
1054,This course delivered a very positive learning experience by making complex ideas feel simple and motivating 😄,2,0,0,0,0,1,0,0,0,1,This course delivered a very positive learning experience by making complex ideas feel simple and motivating,['😄'],1
1055,I felt happy learning NLP in this course because the content is structured well and explained with clarity 😊,2,0,0,0,0,1,0,0,0,1,I felt happy learning NLP in this course because the content is structured well and explained with clarity,['😊'],1
1056,The explanations in this course helped me build trust in the material and enjoy learning without feeling confused 😌,2,0,0,0,0,1,0,0,0,1,The explanations in this course helped me build trust in the material and enjoy learning without feeling confused,['😌'],1
1057,I am very satisfied with this course as it presents NLP concepts in a way that feels both practical and enjoyable 🙂,4,0,0,0,0,1,0,0,0,1,I am very satisfied with this course as it presents NLP concepts in a way that feels both practical and enjoyable,['🙂'],1
1058,This course made me feel excited to continue learning NLP because the explanations are clear and engaging 😄,4,0,0,0,0,1,0,0,0,1,This course made me feel excited to continue learning NLP because the explanations are clear and engaging,['😄'],1
1059,I enjoyed the learning process because the instructor explains concepts thoroughly while keeping the lessons interesting 😊,1,0,0,0,0,1,0,0,1,1,I enjoyed the learning process because the instructor explains concepts thoroughly while keeping the lessons interesting,['😊'],1
1060,This course exceeded my expectations by making NLP approachable and enjoyable through clear explanations 🤩,4,0,0,0,0,1,0,1,0,1,This course exceeded my expectations by making NLP approachable and enjoyable through clear explanations,['🤩'],1
1061,I felt confident and motivated throughout the course thanks to its structured and well-paced content 😌,2,0,0,0,0,1,0,0,0,1,I felt confident and motivated throughout the course thanks to its structured and well-paced content,['😌'],1
1062,The learning experience was very satisfying because the instructor explains each topic clearly and thoughtfully 😊,1,0,0,0,0,1,0,0,0,1,The learning experience was very satisfying because the instructor explains each topic clearly and thoughtfully,['😊'],1
1063,I enjoyed this course because it makes NLP concepts easy to understand while keeping the learning experience enjoyable 🙂,1,0,0,0,0,1,0,0,0,1,I enjoyed this course because it makes NLP concepts easy to understand while keeping the learning experience enjoyable,['🙂'],1
1064,This course gave me confidence in my understanding of NLP through its clear explanations and logical progression 😌,1,0,0,0,0,1,0,0,0,1,This course gave me confidence in my understanding of NLP through its clear explanations and logical progression,['😌'],1
1065,I feel very satisfied with this course as it helped me learn NLP in a structured and motivating way.,4,0,0,0,0,1,0,0,0,1,I feel very satisfied with this course as it helped me learn NLP in a structured and motivating way.,[],0
1066,The instructor’s explanations made learning NLP enjoyable and helped me trust the material completely.,1,0,0,0,0,1,0,0,0,1,The instructor’s explanations made learning NLP enjoyable and helped me trust the material completely.,[],0
1067,This course made learning NLP feel rewarding by clearly explaining concepts and encouraging continuous learning.,1,0,0,0,0,1,0,0,0,1,This course made learning NLP feel rewarding by clearly explaining concepts and encouraging continuous learning.,[],0
1068,I enjoyed how this course presents NLP ideas in a clear and engaging manner that builds confidence.,1,0,0,0,0,1,0,0,0,1,I enjoyed how this course presents NLP ideas in a clear and engaging manner that builds confidence.,[],0
1069,The learning journey was positive and enjoyable because the course explains everything step by step.,1,0,0,0,0,1,0,0,0,1,The learning journey was positive and enjoyable because the course explains everything step by step.,[],0
1070,"I am very satisfied with this course because it combines clarity, structure, and motivation effectively.",4,0,0,0,0,1,0,0,0,1,"I am very satisfied with this course because it combines clarity, structure, and motivation effectively.",[],0
1071,This course helped me feel confident and excited about applying NLP techniques in practice.,4,0,0,0,0,1,0,0,0,1,This course helped me feel confident and excited about applying NLP techniques in practice.,[],0
1072,I truly enjoyed this course as it made learning NLP both enjoyable and confidence-building.,1,0,0,0,0,1,0,0,0,1,I truly enjoyed this course as it made learning NLP both enjoyable and confidence-building.,[],0
1073,"The instructor explains NLP concepts clearly and consistently, which made the learning experience smooth and enjoyable.",1,0,0,0,0,1,0,0,0,1,"The instructor explains NLP concepts clearly and consistently, which made the learning experience smooth and enjoyable.",[],0
1074,This course exceeded my expectations by making complex topics feel understandable and motivating.,1,0,0,0,0,1,0,1,0,1,This course exceeded my expectations by making complex topics feel understandable and motivating.,[],0
1075,I felt happy learning NLP through this course because the explanations are clear and well organized.,1,0,0,0,0,1,0,0,0,1,I felt happy learning NLP through this course because the explanations are clear and well organized.,[],0
1076,The course structure helped me stay engaged and confident while learning NLP concepts.,1,0,0,0,0,1,0,0,0,1,The course structure helped me stay engaged and confident while learning NLP concepts.,[],0
1077,I am very satisfied with this course as it presents information clearly and builds understanding gradually.,4,0,0,0,0,1,0,0,0,1,I am very satisfied with this course as it presents information clearly and builds understanding gradually.,[],0
1078,This course made learning NLP enjoyable by explaining ideas in a logical and approachable way.,1,0,0,0,0,1,0,0,0,1,This course made learning NLP enjoyable by explaining ideas in a logical and approachable way.,[],0
1079,I enjoyed the learning experience because the instructor explains concepts carefully and clearly.,1,0,0,0,0,1,0,0,0,1,I enjoyed the learning experience because the instructor explains concepts carefully and clearly.,[],0
1080,This course helped me feel confident in my NLP knowledge thanks to its clear explanations.,1,0,0,0,0,1,0,0,0,1,This course helped me feel confident in my NLP knowledge thanks to its clear explanations.,[],0
1081,I felt motivated and satisfied throughout the course due to its well-structured content.,4,0,0,0,0,1,0,0,0,1,I felt motivated and satisfied throughout the course due to its well-structured content.,[],0
1082,The instructor’s teaching style made this course enjoyable and easy to trust.,1,0,0,0,0,1,0,0,0,1,The instructor’s teaching style made this course enjoyable and easy to trust.,[],0
1083,"I enjoyed this course because it explains NLP concepts in a way that feels clear, practical, and motivating.",1,0,0,0,0,1,0,0,0,1,"I enjoyed this course because it explains NLP concepts in a way that feels clear, practical, and motivating.",[],0
1084,This course exceeded my expectations by delivering clear explanations and a smooth learning experience.,1,0,0,0,0,1,0,1,0,1,This course exceeded my expectations by delivering clear explanations and a smooth learning experience.,[],0
1085,I am very satisfied with how this course builds understanding step by step.,4,0,0,0,0,1,0,0,0,1,I am very satisfied with how this course builds understanding step by step.,[],0
1086,The learning experience was enjoyable because the instructor explains everything clearly and thoughtfully.,1,0,0,0,0,1,0,0,0,1,The learning experience was enjoyable because the instructor explains everything clearly and thoughtfully.,[],0
1087,This course made NLP easier to learn and kept me motivated throughout.,1,0,0,0,0,1,0,0,0,1,This course made NLP easier to learn and kept me motivated throughout.,[],0
1088,I enjoyed the structure of this course because it supports clear and confident learning.,4,0,0,0,0,1,0,0,0,1,I enjoyed the structure of this course because it supports clear and confident learning.,[],0
1089,The explanations helped me feel confident and excited about learning NLP.,1,0,0,0,0,1,0,0,0,1,The explanations helped me feel confident and excited about learning NLP.,[],0
1090,This course provided a very positive learning experience through its clarity and organization.,4,0,0,0,0,1,0,0,0,1,This course provided a very positive learning experience through its clarity and organization.,[],0
1091,I felt satisfied learning NLP because the content is presented clearly and logically.,1,0,0,0,0,1,0,0,0,1,I felt satisfied learning NLP because the content is presented clearly and logically.,[],0
1092,The instructor’s explanations made this course enjoyable and confidence-building.,1,0,0,0,0,1,0,0,0,1,The instructor’s explanations made this course enjoyable and confidence-building.,[],0
1093,I enjoyed learning NLP through this course because the material is structured and easy to follow.,2,0,0,0,0,1,0,0,0,1,I enjoyed learning NLP through this course because the material is structured and easy to follow.,[],0
1094,This course exceeded my expectations by making NLP concepts engaging and understandable.,4,0,0,0,0,1,0,1,0,1,This course exceeded my expectations by making NLP concepts engaging and understandable.,[],0
1095,I feel very satisfied with the learning experience this course provided.,4,0,0,0,0,1,0,0,0,1,I feel very satisfied with the learning experience this course provided.,[],0
1096,The course helped me feel confident and motivated while learning NLP.,4,0,0,0,0,1,0,0,0,1,The course helped me feel confident and motivated while learning NLP.,[],0
1097,I enjoyed the clear explanations that made learning NLP enjoyable.,1,0,0,0,0,1,0,0,0,1,I enjoyed the clear explanations that made learning NLP enjoyable.,[],0
1098,This course made learning NLP feel rewarding through its thoughtful structure.,2,0,0,0,0,1,0,0,0,1,This course made learning NLP feel rewarding through its thoughtful structure.,[],0
1099,I felt confident learning from this course because the explanations are clear and consistent.,1,0,0,0,0,1,0,0,0,1,I felt confident learning from this course because the explanations are clear and consistent.,[],0
1100,The learning experience was enjoyable and motivating thanks to the instructor’s teaching style.,1,0,0,0,0,1,0,1,0,1,The learning experience was enjoyable and motivating thanks to the instructor’s teaching style.,[],0
1101,This course exceeded my expectations by making complex ideas easy to grasp.,4,0,0,0,0,1,0,1,0,1,This course exceeded my expectations by making complex ideas easy to grasp.,[],0
1102,I am very satisfied with how clearly NLP concepts are explained in this course.,4,0,0,0,0,1,0,0,0,1,I am very satisfied with how clearly NLP concepts are explained in this course.,[],0
1103,I enjoyed this course because it presents NLP concepts in a way that feels logical and engaging.,2,0,0,0,0,1,0,0,0,1,I enjoyed this course because it presents NLP concepts in a way that feels logical and engaging.,[],0
1104,This course helped me build confidence and enthusiasm for learning NLP.,4,0,0,0,0,1,0,0,0,1,This course helped me build confidence and enthusiasm for learning NLP.,[],0
1105,I felt satisfied with the learning experience because the content is well structured.,2,0,0,0,0,1,0,0,0,1,I felt satisfied with the learning experience because the content is well structured.,[],0
1106,The instructor’s explanations made learning NLP enjoyable and easy to follow.,1,0,0,0,0,1,0,0,0,1,The instructor’s explanations made learning NLP enjoyable and easy to follow.,[],0
1107,This course exceeded my expectations by delivering clear and motivating lessons.,4,0,0,0,0,1,0,1,0,1,This course exceeded my expectations by delivering clear and motivating lessons.,[],0
1108,I enjoyed the learning journey because the course explains concepts step by step.,1,0,0,0,0,1,0,0,0,1,I enjoyed the learning journey because the course explains concepts step by step.,[],0
1109,I feel confident and satisfied after completing this course.,4,0,0,0,0,1,0,0,0,1,I feel confident and satisfied after completing this course.,[],0
1110,The structure of this course made learning NLP enjoyable and effective.,2,0,0,0,0,1,0,0,0,1,The structure of this course made learning NLP enjoyable and effective.,[],0
1111,I enjoyed the clarity and organization of the lessons throughout the course.,2,0,0,0,0,1,0,0,0,1,I enjoyed the clarity and organization of the lessons throughout the course.,[],0
1112,This course made learning NLP feel accessible and rewarding.,4,0,0,0,0,1,0,0,0,1,This course made learning NLP feel accessible and rewarding.,[],0
1113,I am very satisfied with this course because it explains NLP concepts clearly and builds confidence.,4,0,0,0,0,1,0,0,0,1,I am very satisfied with this course because it explains NLP concepts clearly and builds confidence.,[],0
1114,The instructor’s clear explanations made the learning experience enjoyable.,1,0,0,0,0,1,0,0,0,1,The instructor’s clear explanations made the learning experience enjoyable.,[],0
1115,This course exceeded my expectations by making NLP interesting and easy to understand.,4,0,0,0,0,1,0,1,0,1,This course exceeded my expectations by making NLP interesting and easy to understand.,[],0
1116,I enjoyed learning from this course because the content flows logically.,2,0,0,0,0,1,0,0,0,1,I enjoyed learning from this course because the content flows logically.,[],0
1117,The learning experience was positive and motivating thanks to the course structure.,2,0,0,0,0,1,0,0,0,1,The learning experience was positive and motivating thanks to the course structure.,[],0
1118,I feel confident in my understanding of NLP after completing this course.,4,0,0,0,0,1,0,0,0,1,I feel confident in my understanding of NLP after completing this course.,[],0
1119,This course made learning NLP enjoyable through clear and thoughtful explanations.,1,0,0,0,0,1,0,0,0,1,This course made learning NLP enjoyable through clear and thoughtful explanations.,[],0
1120,I enjoyed the learning process because the instructor explains concepts very well.,1,0,0,0,0,1,0,0,0,1,I enjoyed the learning process because the instructor explains concepts very well.,[],0
1121,I am very satisfied with how the course presents NLP topics.,4,0,0,0,0,1,0,0,0,1,I am very satisfied with how the course presents NLP topics.,[],0
1122,This course delivered a very enjoyable and confidence-building learning experience 😊,4,0,0,0,0,1,0,0,0,1,This course delivered a very enjoyable and confidence-building learning experience,['😊'],1
1123,"I felt genuinely happy and pleasantly surprised by how clearly this course explains NLP concepts, making the entire learning experience enjoyable and motivating from start to finish 😄",1,0,0,0,0,1,0,1,0,1,"I felt genuinely happy and pleasantly surprised by how clearly this course explains NLP concepts, making the entire learning experience enjoyable and motivating from start to finish",['😄'],1
1124,"This course made me feel both excited and surprised as it transformed complex NLP topics into something engaging, understandable, and rewarding to learn 🤩",4,0,0,0,0,1,0,1,0,1,"This course made me feel both excited and surprised as it transformed complex NLP topics into something engaging, understandable, and rewarding to learn",['🤩'],1
1125,I was happily surprised by how smoothly the lessons flowed and how enjoyable learning NLP became through the instructor’s clear explanations 😌,1,0,0,0,0,1,0,1,0,1,I was happily surprised by how smoothly the lessons flowed and how enjoyable learning NLP became through the instructor’s clear explanations,['😌'],1
1126,This course exceeded my expectations and made me feel joyful as each topic was explained in a surprisingly clear and approachable way 😃,4,0,0,0,0,1,0,1,0,1,This course exceeded my expectations and made me feel joyful as each topic was explained in a surprisingly clear and approachable way,['😃'],1
1127,"I felt a strong sense of enjoyment and pleasant surprise while learning NLP because the explanations were thoughtful, structured, and easy to follow 🙂",2,0,0,0,0,1,0,1,0,1,"I felt a strong sense of enjoyment and pleasant surprise while learning NLP because the explanations were thoughtful, structured, and easy to follow",['🙂'],1
1128,The course made learning NLP exciting and surprising by presenting concepts in a way that felt both intuitive and deeply engaging 😄,1,0,0,0,0,1,0,1,0,1,The course made learning NLP exciting and surprising by presenting concepts in a way that felt both intuitive and deeply engaging,['😄'],1
1129,I was pleasantly surprised by how much I enjoyed learning NLP through this course due to its clarity and engaging teaching style 😊,1,0,0,0,0,1,0,1,0,1,I was pleasantly surprised by how much I enjoyed learning NLP through this course due to its clarity and engaging teaching style,['😊'],1
1130,This course made me feel joyful and impressed as it explained NLP ideas clearly while keeping the learning experience enjoyable 😃,1,0,0,0,0,1,0,0,0,1,This course made me feel joyful and impressed as it explained NLP ideas clearly while keeping the learning experience enjoyable,['😃'],1
1131,I felt excited and positively surprised by how effectively the instructor made complex NLP concepts easy to understand 🤩,1,0,0,0,0,1,0,1,0,1,I felt excited and positively surprised by how effectively the instructor made complex NLP concepts easy to understand,['🤩'],1
1132,"Learning NLP through this course was a joyful experience, especially because the explanations were clearer than I initially expected 😄",1,0,0,0,0,1,0,1,0,1,"Learning NLP through this course was a joyful experience, especially because the explanations were clearer than I initially expected",['😄'],1
1133,"I felt both happy and surprised by how engaging the lessons were, making NLP feel much more accessible and enjoyable 🙂",1,0,0,0,0,1,0,1,0,1,"I felt both happy and surprised by how engaging the lessons were, making NLP feel much more accessible and enjoyable",['🙂'],1
1134,This course brought a pleasant surprise by turning challenging NLP topics into something fun and motivating to learn 😊,4,0,0,0,0,1,0,1,0,1,This course brought a pleasant surprise by turning challenging NLP topics into something fun and motivating to learn,['😊'],1
1135,I enjoyed this course greatly and was surprised by how naturally the explanations helped me understand NLP concepts 😌,1,0,0,0,0,1,0,1,0,1,I enjoyed this course greatly and was surprised by how naturally the explanations helped me understand NLP concepts,['😌'],1
1136,The learning experience felt joyful and refreshing because the course exceeded my expectations in clarity and structure 😃,4,0,0,0,0,1,0,0,0,1,The learning experience felt joyful and refreshing because the course exceeded my expectations in clarity and structure,['😃'],1
1137,I felt a sense of excitement and surprise as the course made NLP concepts easier and more enjoyable than anticipated 🤩,4,0,0,0,0,1,0,1,0,1,I felt a sense of excitement and surprise as the course made NLP concepts easier and more enjoyable than anticipated,['🤩'],1
1138,"This course made learning NLP a joyful journey, especially with how clearly and engagingly each topic was presented 😄",1,0,0,0,0,1,0,0,0,1,"This course made learning NLP a joyful journey, especially with how clearly and engagingly each topic was presented",['😄'],1
1139,I was pleasantly surprised by the depth of understanding I gained while still enjoying every lesson 🙂,4,0,0,0,0,1,0,1,0,1,I was pleasantly surprised by the depth of understanding I gained while still enjoying every lesson,['🙂'],1
1140,The instructor’s explanations made learning NLP surprisingly enjoyable and consistently satisfying 😊,1,0,0,0,0,1,0,1,0,1,The instructor’s explanations made learning NLP surprisingly enjoyable and consistently satisfying,['😊'],1
1141,I felt happy and impressed by how the course turned complex NLP ideas into something engaging and approachable 😃,4,0,0,0,0,1,0,0,0,1,I felt happy and impressed by how the course turned complex NLP ideas into something engaging and approachable,['😃'],1
1142,This course exceeded my expectations by delivering a joyful and surprisingly smooth learning experience 🤩,4,0,0,0,0,1,0,1,0,1,This course exceeded my expectations by delivering a joyful and surprisingly smooth learning experience,['🤩'],1
1143,I experienced genuine enjoyment and surprise as the course made NLP concepts feel intuitive and well structured 😄,2,0,0,0,0,1,0,1,0,1,I experienced genuine enjoyment and surprise as the course made NLP concepts feel intuitive and well structured,['😄'],1
1144,Learning NLP through this course was both fun and unexpectedly easy due to the clear explanations 😊,1,0,0,0,0,1,0,1,0,1,Learning NLP through this course was both fun and unexpectedly easy due to the clear explanations,['😊'],1
1145,I felt joyful throughout the course and pleasantly surprised by how engaging the learning process was 😃,4,0,0,0,0,1,0,1,0,1,I felt joyful throughout the course and pleasantly surprised by how engaging the learning process was,['😃'],1
1146,This course made NLP learning exciting by explaining concepts more clearly than I had expected 🤩,1,0,0,0,0,1,0,1,0,1,This course made NLP learning exciting by explaining concepts more clearly than I had expected,['🤩'],1
1147,I enjoyed the learning journey and was surprised by how comfortable I felt understanding NLP topics 😌,4,0,0,0,0,1,0,1,0,1,I enjoyed the learning journey and was surprised by how comfortable I felt understanding NLP topics,['😌'],1
1148,The course brought joy and positive surprise by making NLP approachable and interesting 😊,4,0,0,0,0,1,0,1,0,1,The course brought joy and positive surprise by making NLP approachable and interesting,['😊'],1
1149,I felt excited and pleasantly surprised by the instructor’s ability to simplify complex NLP ideas 😄,1,0,0,0,0,1,0,1,0,1,I felt excited and pleasantly surprised by the instructor’s ability to simplify complex NLP ideas,['😄'],1
1150,This course exceeded my expectations by making learning NLP both enjoyable and rewarding 🤩,4,0,0,0,0,1,0,1,0,1,This course exceeded my expectations by making learning NLP both enjoyable and rewarding,['🤩'],1
1151,I experienced a joyful sense of progress and surprise as each lesson became easier to understand 😊,4,0,0,0,0,1,0,1,0,1,I experienced a joyful sense of progress and surprise as each lesson became easier to understand,['😊'],1
1152,Learning NLP felt exciting and refreshing thanks to the course’s clear and engaging explanations.,1,0,0,0,0,1,0,0,0,1,Learning NLP felt exciting and refreshing thanks to the course’s clear and engaging explanations.,[],0
1153,I felt happy and impressed by how well the course explained NLP concepts in an enjoyable way.,1,0,0,0,0,1,0,0,0,1,I felt happy and impressed by how well the course explained NLP concepts in an enjoyable way.,[],0
1154,This course made learning NLP surprisingly smooth and enjoyable through its clear structure.,2,0,0,0,0,1,0,1,0,1,This course made learning NLP surprisingly smooth and enjoyable through its clear structure.,[],0
1155,I experienced joy and positive surprise as the instructor made NLP concepts easy to follow.,1,0,0,0,0,1,0,1,0,1,I experienced joy and positive surprise as the instructor made NLP concepts easy to follow.,[],0
1156,The learning experience was delightful because the course exceeded my expectations in clarity.,4,0,0,0,0,1,0,0,0,1,The learning experience was delightful because the course exceeded my expectations in clarity.,[],0
1157,I felt excited and pleasantly surprised by how engaging and understandable the lessons were.,1,0,0,0,0,1,0,1,0,1,I felt excited and pleasantly surprised by how engaging and understandable the lessons were.,[],0
1158,This course made NLP learning enjoyable by presenting ideas in a surprisingly simple way.,2,0,0,0,0,1,0,1,0,1,This course made NLP learning enjoyable by presenting ideas in a surprisingly simple way.,[],0
1159,I enjoyed every lesson and was surprised by how confident I felt learning NLP.,4,0,0,0,0,1,0,1,0,1,I enjoyed every lesson and was surprised by how confident I felt learning NLP.,[],0
1160,The course brought joy and excitement by making NLP concepts clear and engaging.,1,0,0,0,0,1,0,0,0,1,The course brought joy and excitement by making NLP concepts clear and engaging.,[],0
1161,I felt both happy and impressed by the instructor’s teaching approach.,1,0,0,0,0,1,0,0,0,1,I felt both happy and impressed by the instructor’s teaching approach.,[],0
1162,This course exceeded my expectations by making NLP learning a joyful experience.,4,0,0,0,0,1,0,0,0,1,This course exceeded my expectations by making NLP learning a joyful experience.,[],0
1163,I felt joyful and positively surprised by how clearly the course explained NLP fundamentals.,1,0,0,0,0,1,0,1,0,1,I felt joyful and positively surprised by how clearly the course explained NLP fundamentals.,[],0
1164,Learning NLP through this course was enjoyable and surprisingly motivating.,4,0,0,0,0,1,0,1,0,1,Learning NLP through this course was enjoyable and surprisingly motivating.,[],0
1165,I was pleasantly surprised by how engaging and clear the lessons were.,1,0,0,0,0,1,0,1,0,1,I was pleasantly surprised by how engaging and clear the lessons were.,[],0
1166,This course made NLP feel exciting and approachable through its thoughtful explanations.,1,0,0,0,0,1,0,0,0,1,This course made NLP feel exciting and approachable through its thoughtful explanations.,[],0
1167,I experienced genuine enjoyment and surprise while learning each NLP topic.,4,0,0,0,0,1,0,1,0,1,I experienced genuine enjoyment and surprise while learning each NLP topic.,[],0
1168,The learning journey felt joyful because the course exceeded my expectations in quality.,4,0,0,0,0,1,0,0,0,1,The learning journey felt joyful because the course exceeded my expectations in quality.,[],0
1169,I felt excited and impressed by how smoothly the instructor explained NLP concepts.,1,0,0,0,0,1,0,0,0,1,I felt excited and impressed by how smoothly the instructor explained NLP concepts.,[],0
1170,This course made learning NLP enjoyable and surprisingly easy to understand.,1,0,0,0,0,1,0,1,0,1,This course made learning NLP enjoyable and surprisingly easy to understand.,[],0
1171,I was happy and pleasantly surprised by the clarity of the explanations.,1,0,0,0,0,1,0,1,0,1,I was happy and pleasantly surprised by the clarity of the explanations.,[],0
1172,Learning NLP through this course felt rewarding and exciting.,4,0,0,0,0,1,0,0,0,1,Learning NLP through this course felt rewarding and exciting.,[],0
1173,I felt joyful as the course made NLP concepts engaging and easy to grasp.,1,0,0,0,0,1,0,0,0,1,I felt joyful as the course made NLP concepts engaging and easy to grasp.,[],0
1174,This course exceeded my expectations by turning NLP learning into an enjoyable experience.,4,0,0,0,0,1,0,0,0,1,This course exceeded my expectations by turning NLP learning into an enjoyable experience.,[],0
1175,I experienced positive surprise as the lessons were clearer than anticipated.,1,0,0,0,0,1,0,1,0,1,I experienced positive surprise as the lessons were clearer than anticipated.,[],0
1176,Learning NLP felt exciting and smooth thanks to the instructor’s explanations.,1,0,0,0,0,1,0,0,0,1,Learning NLP felt exciting and smooth thanks to the instructor’s explanations.,[],0
1177,I enjoyed the course and was surprised by how confident I felt.,4,0,0,0,0,1,0,1,0,1,I enjoyed the course and was surprised by how confident I felt.,[],0
1178,This course brought joy by making NLP learning structured and engaging.,2,0,0,0,0,1,0,0,0,1,This course brought joy by making NLP learning structured and engaging.,[],0
1179,I felt happy and impressed with how the course simplified complex ideas.,2,0,0,0,0,1,0,0,0,1,I felt happy and impressed with how the course simplified complex ideas.,[],0
1180,Learning NLP was enjoyable and pleasantly surprising throughout the course.,4,0,0,0,0,1,0,1,0,1,Learning NLP was enjoyable and pleasantly surprising throughout the course.,[],0
1181,The instructor’s approach made NLP learning exciting and accessible.,1,0,0,0,0,1,0,0,0,1,The instructor’s approach made NLP learning exciting and accessible.,[],0
1182,This course exceeded my expectations by making learning enjoyable.,4,0,0,0,0,1,0,0,0,1,This course exceeded my expectations by making learning enjoyable.,[],0
1183,I felt joyful learning NLP because the explanations were clear and engaging.,1,0,0,0,0,1,0,0,0,1,I felt joyful learning NLP because the explanations were clear and engaging.,[],0
1184,This course made learning NLP surprisingly enjoyable and rewarding.,4,0,0,0,0,1,0,1,0,1,This course made learning NLP surprisingly enjoyable and rewarding.,[],0
1185,I experienced happiness and surprise as each lesson became easier to follow.,4,0,0,0,0,1,0,1,0,1,I experienced happiness and surprise as each lesson became easier to follow.,[],0
1186,Learning NLP through this course felt exciting and motivating.,4,0,0,0,0,1,0,0,0,1,Learning NLP through this course felt exciting and motivating.,[],0
1187,I was pleasantly surprised by the quality and clarity of the lessons.,2,0,0,0,0,1,0,1,0,1,I was pleasantly surprised by the quality and clarity of the lessons.,[],0
1188,This course made NLP learning enjoyable by explaining concepts clearly.,1,0,0,0,0,1,0,0,0,1,This course made NLP learning enjoyable by explaining concepts clearly.,[],0
1189,I felt excited and impressed by the instructor’s teaching style.,1,0,0,0,0,1,0,0,0,1,I felt excited and impressed by the instructor’s teaching style.,[],0
1190,Learning NLP became a joyful experience through this course.,4,0,0,0,0,1,0,0,0,1,Learning NLP became a joyful experience through this course.,[],0
1191,I enjoyed the course and was surprised by how approachable NLP felt.,4,0,0,0,0,1,0,1,0,1,I enjoyed the course and was surprised by how approachable NLP felt.,[],0
1192,This course exceeded my expectations in making learning enjoyable.,4,0,0,0,0,1,0,0,0,1,This course exceeded my expectations in making learning enjoyable.,[],0
1193,I felt joyful and impressed by the clarity of the NLP explanations.,1,0,0,0,0,1,0,0,0,1,I felt joyful and impressed by the clarity of the NLP explanations.,[],0
1194,Learning NLP was both exciting and surprisingly smooth.,4,0,0,0,0,1,0,1,0,1,Learning NLP was both exciting and surprisingly smooth.,[],0
1195,I experienced happiness as the course exceeded my expectations.,4,0,0,0,0,1,0,0,0,1,I experienced happiness as the course exceeded my expectations.,[],0
1196,This course made NLP learning engaging and enjoyable.,1,0,0,0,0,1,0,0,0,1,This course made NLP learning engaging and enjoyable.,[],0
1197,I was pleasantly surprised by how much I enjoyed the lessons.,4,0,0,0,0,1,0,1,0,1,I was pleasantly surprised by how much I enjoyed the lessons.,[],0
1198,Learning NLP through this course felt exciting and rewarding.,4,0,0,0,0,1,0,0,0,1,Learning NLP through this course felt exciting and rewarding.,[],0
1199,I felt happy and impressed with how the content was delivered.,1,0,0,0,0,1,0,0,0,1,I felt happy and impressed with how the content was delivered.,[],0
1200,This course exceeded my expectations by making learning NLP enjoyable.,4,0,0,0,0,1,0,0,0,1,This course exceeded my expectations by making learning NLP enjoyable.,[],0
1201,I experienced joy as the lessons made complex ideas understandable.,2,0,0,0,0,1,0,0,0,1,I experienced joy as the lessons made complex ideas understandable.,[],0
1202,Learning NLP felt exciting and smooth throughout the course.,4,0,0,0,0,1,0,0,0,1,Learning NLP felt exciting and smooth throughout the course.,[],0
1203,I felt joyful learning NLP because the explanations were clear and engaging.,1,0,0,0,0,1,0,0,0,1,I felt joyful learning NLP because the explanations were clear and engaging.,[],0
1204,This course made learning NLP surprisingly enjoyable.,4,0,0,0,0,1,0,1,0,1,This course made learning NLP surprisingly enjoyable.,[],0
1205,I experienced positive surprise as the lessons exceeded my expectations.,4,0,0,0,0,1,0,1,0,1,I experienced positive surprise as the lessons exceeded my expectations.,[],0
1206,Learning NLP through this course felt exciting and motivating.,4,0,0,0,0,1,0,0,0,1,Learning NLP through this course felt exciting and motivating.,[],0
1207,I was pleasantly surprised by the quality of the explanations.,2,0,0,0,0,1,0,1,0,1,I was pleasantly surprised by the quality of the explanations.,[],0
1208,This course made NLP learning enjoyable and accessible.,4,0,0,0,0,1,0,0,0,1,This course made NLP learning enjoyable and accessible.,[],0
1209,I felt happy and impressed by how well the instructor explained concepts.,1,0,0,0,0,1,0,0,0,1,I felt happy and impressed by how well the instructor explained concepts.,[],0
1210,Learning NLP became a joyful experience thanks to this course.,4,0,0,0,0,1,0,0,0,1,Learning NLP became a joyful experience thanks to this course.,[],0
1211,I enjoyed the lessons and was surprised by how confident I felt.,4,0,0,0,0,1,0,1,0,1,I enjoyed the lessons and was surprised by how confident I felt.,[],0
1212,This course exceeded my expectations in making learning enjoyable.,4,0,0,0,0,1,0,0,0,1,This course exceeded my expectations in making learning enjoyable.,[],0
1213,I felt joyful and excited learning NLP through this course.,4,0,0,0,0,1,0,0,0,1,I felt joyful and excited learning NLP through this course.,[],0
1214,This course made NLP learning surprisingly smooth and enjoyable.,4,0,0,0,0,1,0,1,0,1,This course made NLP learning surprisingly smooth and enjoyable.,[],0
1215,I experienced happiness as the lessons were clearer than expected.,2,0,0,0,0,1,0,0,0,1,I experienced happiness as the lessons were clearer than expected.,[],0
1216,Learning NLP felt exciting thanks to the course structure.,2,0,0,0,0,1,0,0,0,1,Learning NLP felt exciting thanks to the course structure.,[],0
1217,I was pleasantly surprised by how engaging the content was.,2,0,0,0,0,1,0,1,0,1,I was pleasantly surprised by how engaging the content was.,[],0
1218,This course made learning NLP enjoyable and rewarding.,4,0,0,0,0,1,0,0,0,1,This course made learning NLP enjoyable and rewarding.,[],0
1219,I felt happy and impressed by the instructor’s clarity.,1,0,0,0,0,1,0,0,0,1,I felt happy and impressed by the instructor’s clarity.,[],0
1220,Learning NLP became exciting and enjoyable through this course.,4,0,0,0,0,1,0,0,0,1,Learning NLP became exciting and enjoyable through this course.,[],0
1221,I enjoyed the course and was surprised by how accessible NLP felt.,4,0,0,0,0,1,0,1,0,1,I enjoyed the course and was surprised by how accessible NLP felt.,[],0
1222,This course exceeded my expectations by making learning enjoyable.,4,0,0,0,0,1,0,0,0,1,This course exceeded my expectations by making learning enjoyable.,[],0
1223,I felt joyful learning NLP because the explanations were engaging.,1,0,0,0,0,1,0,0,0,1,I felt joyful learning NLP because the explanations were engaging.,[],0
1224,This course made NLP learning surprisingly enjoyable.,4,0,0,0,0,1,0,1,0,1,This course made NLP learning surprisingly enjoyable.,[],0
1225,I experienced positive surprise as the lessons exceeded expectations.,4,0,0,0,0,1,0,1,0,1,I experienced positive surprise as the lessons exceeded expectations.,[],0
1226,Learning NLP through this course felt exciting.,4,0,0,0,0,1,0,0,0,1,Learning NLP through this course felt exciting.,[],0
1227,I was pleasantly surprised by how clear the explanations were.,1,0,0,0,0,1,0,1,0,1,I was pleasantly surprised by how clear the explanations were.,[],0
1228,This course made learning NLP enjoyable and motivating.,4,0,0,0,0,1,0,0,0,1,This course made learning NLP enjoyable and motivating.,[],0
1229,I felt happy and impressed by the instructor’s teaching.,1,0,0,0,0,1,0,0,0,1,I felt happy and impressed by the instructor’s teaching.,[],0
1230,Learning NLP became a joyful experience through this course.,4,0,0,0,0,1,0,0,0,1,Learning NLP became a joyful experience through this course.,[],0
1231,I enjoyed the lessons and was surprised by the clarity.,2,0,0,0,0,1,0,1,0,1,I enjoyed the lessons and was surprised by the clarity.,[],0
1232,This course exceeded my expectations in making learning enjoyable.,4,0,0,0,0,1,0,0,0,1,This course exceeded my expectations in making learning enjoyable.,[],0
1233,I felt joyful and excited while learning NLP in this course.,4,0,0,0,0,1,0,0,0,1,I felt joyful and excited while learning NLP in this course.,[],0
1234,This course made NLP learning surprisingly smooth.,4,0,0,0,0,1,0,1,0,1,This course made NLP learning surprisingly smooth.,[],0
1235,I experienced happiness as the lessons were well structured.,2,0,0,0,0,1,0,0,0,1,I experienced happiness as the lessons were well structured.,[],0
1236,Learning NLP felt exciting and engaging throughout.,4,0,0,0,0,1,0,0,0,1,Learning NLP felt exciting and engaging throughout.,[],0
1237,I was pleasantly surprised by the quality of instruction.,2,0,0,0,0,1,0,1,0,1,I was pleasantly surprised by the quality of instruction.,[],0
1238,This course made learning NLP enjoyable and accessible.,4,0,0,0,0,1,0,0,0,1,This course made learning NLP enjoyable and accessible.,[],0
1239,I felt happy and impressed by how concepts were explained.,1,0,0,0,0,1,0,0,0,1,I felt happy and impressed by how concepts were explained.,[],0
1240,Learning NLP became a joyful and rewarding experience.,4,0,1,0,0,1,0,0,0,1,Learning NLP became a joyful and rewarding experience.,[],0
1241,I enjoyed the course and was surprised by my progress.,4,0,1,0,0,1,0,1,0,1,I enjoyed the course and was surprised by my progress.,[],0
1242,This course exceeded my expectations by making learning enjoyable.,4,0,1,0,0,1,0,0,0,1,This course exceeded my expectations by making learning enjoyable.,[],0
1243,I felt joyful learning NLP because the explanations were clear.,1,0,1,0,0,1,0,0,0,1,I felt joyful learning NLP because the explanations were clear.,[],0
1244,This course made NLP learning surprisingly engaging.,4,0,1,0,0,1,0,1,0,1,This course made NLP learning surprisingly engaging.,[],0
1245,I experienced positive surprise with each lesson.,4,0,1,0,0,1,0,1,0,1,I experienced positive surprise with each lesson.,[],0
1246,Learning NLP through this course felt exciting.,4,0,1,0,0,1,0,0,0,1,Learning NLP through this course felt exciting.,[],0
1247,I was pleasantly surprised by how understandable the material was.,2,0,1,0,0,1,0,1,0,1,I was pleasantly surprised by how understandable the material was.,[],0
1248,This course made learning NLP enjoyable and rewarding.,4,0,1,0,0,1,0,0,0,1,This course made learning NLP enjoyable and rewarding.,[],0
1249,I felt happy and impressed by the teaching style.,1,0,1,0,0,1,0,0,0,1,I felt happy and impressed by the teaching style.,[],0
1250,Learning NLP became a joyful experience here.,4,0,0,0,0,1,0,0,0,1,Learning NLP became a joyful experience here.,[],0
1251,I enjoyed the lessons and was surprised by how smooth they felt.,4,0,1,0,0,1,0,1,0,1,I enjoyed the lessons and was surprised by how smooth they felt.,[],0
1252,This course exceeded my expectations in making learning enjoyable.,4,0,1,0,0,1,0,0,0,1,This course exceeded my expectations in making learning enjoyable.,[],0
1253,I felt joyful and excited learning NLP in this course.,4,0,1,0,0,1,0,0,0,1,I felt joyful and excited learning NLP in this course.,[],0
1254,This course made NLP learning surprisingly accessible.,4,0,1,0,0,1,0,1,0,1,This course made NLP learning surprisingly accessible.,[],0
1255,I experienced happiness as the lessons exceeded expectations.,4,0,1,0,0,1,0,0,0,1,I experienced happiness as the lessons exceeded expectations.,[],0
1256,Learning NLP felt exciting thanks to the clear explanations.,1,0,1,0,0,1,0,0,0,1,Learning NLP felt exciting thanks to the clear explanations.,[],0
1257,I was pleasantly surprised by how engaging the content was.,2,0,1,0,0,1,0,1,0,1,I was pleasantly surprised by how engaging the content was.,[],0
1258,This course made learning NLP enjoyable and motivating.,4,0,1,0,0,1,0,0,0,1,This course made learning NLP enjoyable and motivating.,[],0
1259,I felt happy and impressed by the instructor’s approach.,1,0,1,0,0,1,0,0,0,1,I felt happy and impressed by the instructor’s approach.,[],0
1260,Learning NLP became a joyful journey through this course.,4,0,1,0,0,1,0,0,0,1,Learning NLP became a joyful journey through this course.,[],0
1261,I enjoyed the course and was surprised by my understanding.,4,0,1,0,0,1,0,1,0,1,I enjoyed the course and was surprised by my understanding.,[],0
1262,This course exceeded my expectations by making learning enjoyable.,4,0,1,0,0,1,0,0,0,1,This course exceeded my expectations by making learning enjoyable.,[],0
1263,I felt joyful learning NLP because the lessons were engaging.,1,0,1,0,0,1,0,0,0,1,I felt joyful learning NLP because the lessons were engaging.,[],0
1264,This course made NLP learning surprisingly smooth.,4,0,1,0,0,1,0,1,0,1,This course made NLP learning surprisingly smooth.,[],0
1265,I experienced positive surprise with each topic.,4,0,1,0,0,1,0,1,0,1,I experienced positive surprise with each topic.,[],0
1266,Learning NLP through this course felt exciting.,4,0,1,0,0,1,0,0,0,1,Learning NLP through this course felt exciting.,[],0
1267,I was pleasantly surprised by the clarity of explanations.,1,0,1,0,0,1,0,1,0,1,I was pleasantly surprised by the clarity of explanations.,[],0
1268,This course made learning NLP enjoyable and accessible.,4,0,1,0,0,1,0,0,0,1,This course made learning NLP enjoyable and accessible.,[],0
1269,I felt happy and impressed by how well concepts were explained.,1,0,1,0,0,1,0,0,0,1,I felt happy and impressed by how well concepts were explained.,[],0
1270,Learning NLP became a joyful experience here.,4,0,0,0,0,1,0,0,0,1,Learning NLP became a joyful experience here.,[],0
1271,I enjoyed the lessons and was surprised by the learning flow.,4,0,1,0,0,1,0,1,0,1,I enjoyed the lessons and was surprised by the learning flow.,[],0
1272,This course exceeded my expectations in making learning enjoyable.,4,0,1,0,0,1,0,0,0,1,This course exceeded my expectations in making learning enjoyable.,[],0
1273,I felt joyful and excited while learning NLP.,4,0,1,0,0,1,0,0,0,1,I felt joyful and excited while learning NLP.,[],0
1274,This course made NLP learning surprisingly enjoyable.,4,0,1,0,0,1,0,1,0,1,This course made NLP learning surprisingly enjoyable.,[],0
1275,I experienced happiness as the lessons exceeded expectations.,4,0,1,0,0,1,0,0,0,1,I experienced happiness as the lessons exceeded expectations.,[],0
1276,Learning NLP felt exciting and motivating.,4,0,1,0,0,1,0,0,0,1,Learning NLP felt exciting and motivating.,[],0
1277,I was pleasantly surprised by how engaging the content was.,2,0,1,0,0,1,0,1,0,1,I was pleasantly surprised by how engaging the content was.,[],0
1278,This course made learning NLP enjoyable and rewarding.,4,0,1,0,0,1,0,0,0,1,This course made learning NLP enjoyable and rewarding.,[],0
1279,I felt happy and impressed by the instructor’s clarity.,1,0,1,0,0,1,0,0,0,1,I felt happy and impressed by the instructor’s clarity.,[],0
1280,Learning NLP became a joyful experience through this course.,4,0,0,0,0,1,0,0,0,1,Learning NLP became a joyful experience through this course.,[],0
1281,I enjoyed the lessons and was surprised by my confidence.,4,0,1,0,0,1,0,1,0,1,I enjoyed the lessons and was surprised by my confidence.,[],0
1282,This course exceeded my expectations by making learning enjoyable.,4,0,1,0,0,1,0,0,0,1,This course exceeded my expectations by making learning enjoyable.,[],0
1283,I felt joyful learning NLP because the explanations were clear.,1,0,1,0,0,1,0,0,0,1,I felt joyful learning NLP because the explanations were clear.,[],0
1284,This course made NLP learning surprisingly engaging.,4,0,1,0,0,1,0,1,0,1,This course made NLP learning surprisingly engaging.,[],0
1285,I experienced positive surprise with the teaching quality.,1,0,1,0,0,1,0,1,0,1,I experienced positive surprise with the teaching quality.,[],0
1286,Learning NLP through this course felt exciting.,4,0,1,0,0,1,0,0,0,1,Learning NLP through this course felt exciting.,[],0
1287,I was pleasantly surprised by how smooth the lessons felt.,2,0,1,0,0,1,0,1,0,1,I was pleasantly surprised by how smooth the lessons felt.,[],0
1288,This course made learning NLP enjoyable and motivating.,4,0,1,0,0,1,0,0,0,1,This course made learning NLP enjoyable and motivating.,[],0
1289,I felt happy and impressed by the instructor’s approach.,1,0,1,0,0,1,0,0,0,1,I felt happy and impressed by the instructor’s approach.,[],0
1290,Learning NLP became a joyful journey.,4,0,0,0,0,1,0,0,0,1,Learning NLP became a joyful journey.,[],0
1291,I enjoyed the lessons and was surprised by my progress.,4,0,1,0,0,1,0,1,0,1,I enjoyed the lessons and was surprised by my progress.,[],0
1292,This course exceeded my expectations in making learning enjoyable.,4,0,1,0,0,1,0,0,0,1,This course exceeded my expectations in making learning enjoyable.,[],0
1293,I felt joyful and excited learning NLP in this course.,4,0,1,0,0,1,0,0,0,1,I felt joyful and excited learning NLP in this course.,[],0
1294,This course made NLP learning surprisingly accessible.,4,0,1,0,0,1,0,1,0,1,This course made NLP learning surprisingly accessible.,[],0
1295,I experienced happiness as the lessons exceeded expectations.,4,0,1,0,0,1,0,0,0,1,I experienced happiness as the lessons exceeded expectations.,[],0
1296,Learning NLP felt exciting thanks to the course structure.,2,0,1,0,0,1,0,0,0,1,Learning NLP felt exciting thanks to the course structure.,[],0
1297,I was pleasantly surprised by the clarity of the explanations.,1,0,1,0,0,1,0,1,0,1,I was pleasantly surprised by the clarity of the explanations.,[],0
1298,This course made learning NLP enjoyable and rewarding.,4,0,1,0,0,1,0,0,0,1,This course made learning NLP enjoyable and rewarding.,[],0
1299,I felt happy and impressed by how well concepts were explained.,1,0,1,0,0,1,0,0,0,1,I felt happy and impressed by how well concepts were explained.,[],0
1300,Learning NLP became a joyful experience here.,4,0,0,0,0,1,0,0,0,1,Learning NLP became a joyful experience here.,[],0
1301,I enjoyed the lessons and was surprised by my understanding.,4,0,1,0,0,1,0,1,0,1,I enjoyed the lessons and was surprised by my understanding.,[],0
1302,This course exceeded my expectations by making learning enjoyable.,4,0,1,0,0,1,0,0,0,1,This course exceeded my expectations by making learning enjoyable.,[],0
1303,I felt joyful learning NLP because the lessons were engaging.,1,0,1,0,0,1,0,0,0,1,I felt joyful learning NLP because the lessons were engaging.,[],0
1304,This course made NLP learning surprisingly smooth.,4,0,1,0,0,1,0,1,0,1,This course made NLP learning surprisingly smooth.,[],0
1305,I experienced positive surprise with each topic.,4,0,1,0,0,1,0,1,0,1,I experienced positive surprise with each topic.,[],0
1306,Learning NLP through this course felt exciting.,4,0,1,0,0,1,0,0,0,1,Learning NLP through this course felt exciting.,[],0
1307,I was pleasantly surprised by how understandable the material was.,2,0,1,0,0,1,0,1,0,1,I was pleasantly surprised by how understandable the material was.,[],0
1308,This course made learning NLP enjoyable and motivating.,4,0,1,0,0,1,0,0,0,1,This course made learning NLP enjoyable and motivating.,[],0
1309,I felt happy and impressed by the instructor’s teaching style.,1,0,1,0,0,1,0,0,0,1,I felt happy and impressed by the instructor’s teaching style.,[],0
1310,Learning NLP became a joyful journey.,4,0,0,0,0,1,0,0,0,1,Learning NLP became a joyful journey.,[],0
1311,I enjoyed the lessons and was surprised by the learning flow.,4,0,1,0,0,1,0,1,0,1,I enjoyed the lessons and was surprised by the learning flow.,[],0
1312,This course exceeded my expectations in making learning enjoyable.,4,0,1,0,0,1,0,0,0,1,This course exceeded my expectations in making learning enjoyable.,[],0
1313,I felt joyful and excited while learning NLP.,4,0,0,0,0,1,0,0,0,1,I felt joyful and excited while learning NLP.,[],0
1314,This course made NLP learning surprisingly enjoyable.,4,0,0,0,0,1,0,1,0,1,This course made NLP learning surprisingly enjoyable.,[],0
1315,I experienced happiness as the lessons exceeded expectations.,4,0,0,0,0,1,0,0,0,1,I experienced happiness as the lessons exceeded expectations.,[],0
1316,Learning NLP felt exciting and engaging.,4,0,0,0,0,1,0,0,0,1,Learning NLP felt exciting and engaging.,[],0
1317,I was pleasantly surprised by the quality of explanations.,2,0,0,0,0,1,0,1,0,1,I was pleasantly surprised by the quality of explanations.,[],0
1318,This course made learning NLP enjoyable and accessible.,4,0,0,0,0,1,0,0,0,1,This course made learning NLP enjoyable and accessible.,[],0
1319,I felt happy and impressed by how concepts were presented.,1,0,0,0,0,1,0,0,0,1,I felt happy and impressed by how concepts were presented.,[],0
1320,Learning NLP became a joyful experience through this course.,4,0,0,0,0,1,0,0,0,1,Learning NLP became a joyful experience through this course.,[],0
1321,I enjoyed the lessons and was surprised by my confidence.,4,0,0,0,0,1,0,1,0,1,I enjoyed the lessons and was surprised by my confidence.,[],0
1322,This course exceeded my expectations by making learning enjoyable.,4,0,0,0,0,1,0,0,0,1,This course exceeded my expectations by making learning enjoyable.,[],0
1323,I felt joyful learning NLP because the explanations were clear.,1,0,0,0,0,1,0,0,0,1,I felt joyful learning NLP because the explanations were clear.,[],0
1324,This course made NLP learning surprisingly engaging.,4,0,0,0,0,1,0,1,0,1,This course made NLP learning surprisingly engaging.,[],0
1325,I experienced positive surprise with the lesson structure.,4,0,0,0,0,1,0,1,0,1,I experienced positive surprise with the lesson structure.,[],0
1326,Learning NLP through this course felt exciting.,4,0,0,0,0,1,0,0,0,1,Learning NLP through this course felt exciting.,[],0
1327,I was pleasantly surprised by how smooth the learning experience was.,2,0,0,0,0,1,0,1,0,1,I was pleasantly surprised by how smooth the learning experience was.,[],0
1328,This course made learning NLP enjoyable and motivating.,4,0,0,0,0,1,0,0,0,1,This course made learning NLP enjoyable and motivating.,[],0
1329,I felt happy and impressed by the instructor’s clarity.,1,0,0,0,0,1,0,0,0,1,I felt happy and impressed by the instructor’s clarity.,[],0
1330,Learning NLP became a joyful journey here.,4,0,0,0,0,1,0,0,0,1,Learning NLP became a joyful journey here.,[],0
1331,I enjoyed the lessons and was surprised by my progress.,4,0,0,0,0,1,0,1,0,1,I enjoyed the lessons and was surprised by my progress.,[],0
1332,This course exceeded my expectations in making learning enjoyable.,4,0,0,0,0,1,0,0,0,1,This course exceeded my expectations in making learning enjoyable.,[],0
1333,I felt joyful and excited learning NLP in this course.,4,0,0,0,0,1,0,0,0,1,I felt joyful and excited learning NLP in this course.,[],0
1334,This course made NLP learning surprisingly accessible.,4,0,0,0,0,1,0,1,0,1,This course made NLP learning surprisingly accessible.,[],0
1335,I experienced happiness as the lessons exceeded expectations.,4,0,0,0,0,1,0,0,0,1,I experienced happiness as the lessons exceeded expectations.,[],0
1336,Learning NLP felt exciting thanks to the clear explanations.,1,0,0,0,0,1,0,0,0,1,Learning NLP felt exciting thanks to the clear explanations.,[],0
1337,I was pleasantly surprised by how engaging the content was.,2,0,0,0,0,1,0,1,0,1,I was pleasantly surprised by how engaging the content was.,[],0
1338,This course made learning NLP enjoyable and rewarding.,4,0,0,0,0,1,0,0,0,1,This course made learning NLP enjoyable and rewarding.,[],0
1339,I felt happy and impressed by how well the instructor explained concepts.,1,0,0,0,0,1,0,0,0,1,I felt happy and impressed by how well the instructor explained concepts.,[],0
1340,Learning NLP became a joyful experience here.,4,0,0,0,0,1,0,0,0,1,Learning NLP became a joyful experience here.,[],0
1341,I enjoyed the lessons and was surprised by my understanding.,4,0,0,0,0,1,0,1,0,1,I enjoyed the lessons and was surprised by my understanding.,[],0
1342,This course exceeded my expectations by making learning enjoyable.,4,0,0,0,0,1,0,0,0,1,This course exceeded my expectations by making learning enjoyable.,[],0
1343,I felt joyful learning NLP because the lessons were engaging.,1,0,0,0,0,1,0,0,0,1,I felt joyful learning NLP because the lessons were engaging.,[],0
1344,This course made NLP learning surprisingly smooth.,4,0,0,0,0,1,0,1,0,1,This course made NLP learning surprisingly smooth.,[],0
1345,I experienced positive surprise with each topic.,4,0,0,0,0,1,0,1,0,1,I experienced positive surprise with each topic.,[],0
1346,Learning NLP through this course felt exciting.,4,0,0,0,0,1,0,0,0,1,Learning NLP through this course felt exciting.,[],0
1347,I was pleasantly surprised by how clear the material was.,2,0,0,0,0,1,0,1,0,1,I was pleasantly surprised by how clear the material was.,[],0
1348,This course made learning NLP enjoyable and motivating.,4,0,0,0,0,1,0,0,0,1,This course made learning NLP enjoyable and motivating.,[],0
1349,I felt happy and impressed by the instructor’s teaching style.,1,0,0,0,0,1,0,0,0,1,I felt happy and impressed by the instructor’s teaching style.,[],0
1350,Learning NLP became a joyful journey.,4,0,0,0,0,1,0,0,0,1,Learning NLP became a joyful journey.,[],0
1351,I enjoyed the lessons and was surprised by the learning flow.,4,0,0,0,0,1,0,1,0,1,I enjoyed the lessons and was surprised by the learning flow.,[],0
1352,This course exceeded my expectations in making learning enjoyable.,4,0,0,0,0,1,0,0,0,1,This course exceeded my expectations in making learning enjoyable.,[],0
1353,I felt joyful and excited while learning NLP.,4,0,0,0,0,1,0,0,0,1,I felt joyful and excited while learning NLP.,[],0
1354,This course made NLP learning surprisingly enjoyable.,4,0,0,0,0,1,0,1,0,1,This course made NLP learning surprisingly enjoyable.,[],0
1355,I experienced happiness as the lessons exceeded expectations.,4,0,0,0,0,1,0,0,0,1,I experienced happiness as the lessons exceeded expectations.,[],0
1356,Learning NLP felt exciting and engaging.,4,0,0,0,0,1,0,0,0,1,Learning NLP felt exciting and engaging.,[],0
1357,I was pleasantly surprised by the clarity of explanations.,1,0,0,0,0,1,0,1,0,1,I was pleasantly surprised by the clarity of explanations.,[],0
1358,This course made learning NLP enjoyable and accessible.,4,0,0,0,0,1,0,0,0,1,This course made learning NLP enjoyable and accessible.,[],0
1359,I felt happy and impressed by how concepts were presented.,1,0,0,0,0,1,0,0,0,1,I felt happy and impressed by how concepts were presented.,[],0
1360,Learning NLP became a joyful experience through this course.,4,0,0,0,0,1,0,0,0,1,Learning NLP became a joyful experience through this course.,[],0
1361,I enjoyed the lessons and was surprised by my confidence.,4,0,0,0,0,1,0,1,0,1,I enjoyed the lessons and was surprised by my confidence.,[],0
1362,This course exceeded my expectations by making learning enjoyable.,4,0,0,0,0,1,0,0,0,1,This course exceeded my expectations by making learning enjoyable.,[],0
1363,I felt joyful learning NLP because the explanations were clear.,1,0,0,0,0,1,0,0,0,1,I felt joyful learning NLP because the explanations were clear.,[],0
1364,This course made NLP learning surprisingly engaging.,4,0,0,0,0,1,0,1,0,1,This course made NLP learning surprisingly engaging.,[],0
1365,I experienced positive surprise with the lesson structure.,4,0,0,0,0,1,0,1,0,1,I experienced positive surprise with the lesson structure.,[],0
1366,Learning NLP through this course felt exciting.,4,0,0,0,0,1,0,0,0,1,Learning NLP through this course felt exciting.,[],0
1367,I was pleasantly surprised by how smooth the learning experience was.,2,0,0,0,0,1,0,1,0,1,I was pleasantly surprised by how smooth the learning experience was.,[],0
1368,This course made learning NLP enjoyable and motivating.,4,0,0,0,0,1,0,0,0,1,This course made learning NLP enjoyable and motivating.,[],0
1369,I felt happy and impressed by the instructor’s clarity.,1,0,0,0,0,1,0,0,0,1,I felt happy and impressed by the instructor’s clarity.,[],0
1370,Learning NLP became a joyful journey here.,4,0,0,0,0,1,0,0,0,1,Learning NLP became a joyful journey here.,[],0
1371,I enjoyed the lessons and was surprised by my progress.,4,0,0,0,0,1,0,1,0,1,I enjoyed the lessons and was surprised by my progress.,[],0
1372,This course exceeded my expectations by making learning enjoyable.,4,0,0,0,0,1,0,0,0,1,This course exceeded my expectations by making learning enjoyable.,[],0
1373,I felt joyful and excited learning NLP in this course.,4,0,0,0,0,1,0,0,0,1,I felt joyful and excited learning NLP in this course.,[],0
1374,This course made NLP learning surprisingly accessible.,4,0,0,0,0,1,0,1,0,1,This course made NLP learning surprisingly accessible.,[],0
1375,I experienced happiness as the lessons exceeded expectations.,4,0,0,0,0,1,0,0,0,1,I experienced happiness as the lessons exceeded expectations.,[],0
1376,Learning NLP felt exciting thanks to the clear explanations.,1,0,0,0,0,1,0,0,0,1,Learning NLP felt exciting thanks to the clear explanations.,[],0
1377,I was pleasantly surprised by how engaging the content was.,2,0,0,0,0,1,0,1,0,1,I was pleasantly surprised by how engaging the content was.,[],0
1378,This course made learning NLP enjoyable and rewarding.,4,0,0,0,0,1,0,0,0,1,This course made learning NLP enjoyable and rewarding.,[],0
1379,I felt happy and impressed by how well the instructor explained concepts.,1,0,0,0,0,1,0,0,0,1,I felt happy and impressed by how well the instructor explained concepts.,[],0
1380,Learning NLP became a joyful and surprisingly enjoyable experience overall.,4,0,0,0,0,1,0,1,0,1,Learning NLP became a joyful and surprisingly enjoyable experience overall.,[],0
1381,"I felt genuinely happy taking this course and also excited to continue learning more advanced NLP topics because the explanations were clear, engaging, and motivating.",4,0,0,0,0,1,0,0,0,1,"I felt genuinely happy taking this course and also excited to continue learning more advanced NLP topics because the explanations were clear, engaging, and motivating.",[],0
1382,This course made me feel joyful while also building strong anticipation to apply and expand these NLP concepts in future projects.,4,0,1,0,0,1,0,0,0,1,This course made me feel joyful while also building strong anticipation to apply and expand these NLP concepts in future projects.,[],0
1383,I am very satisfied with this course as it made learning NLP enjoyable and left me eager to explore deeper topics afterward.,4,0,0,0,0,1,0,0,0,1,I am very satisfied with this course as it made learning NLP enjoyable and left me eager to explore deeper topics afterward.,[],0
1384,"The learning experience was joyful and inspiring, making me look forward to continuing my NLP journey with confidence.",4,0,0,0,0,1,0,0,0,1,"The learning experience was joyful and inspiring, making me look forward to continuing my NLP journey with confidence.",[],0
1385,I enjoyed this course a lot and felt excited about what I could learn next because the content was clear and well structured.,2,0,0,0,0,1,0,0,0,1,I enjoyed this course a lot and felt excited about what I could learn next because the content was clear and well structured.,[],0
1386,This course made me happy with my progress and motivated me to keep learning more about NLP.,4,0,0,0,0,1,0,0,0,1,This course made me happy with my progress and motivated me to keep learning more about NLP.,[],0
1387,I felt a strong sense of enjoyment throughout the course and anticipation to further develop my NLP skills.,4,0,0,0,0,1,0,0,0,1,I felt a strong sense of enjoyment throughout the course and anticipation to further develop my NLP skills.,[],0
1388,Learning NLP through this course was enjoyable and sparked excitement to explore more advanced techniques.,4,0,0,0,0,1,0,0,0,1,Learning NLP through this course was enjoyable and sparked excitement to explore more advanced techniques.,[],0
1389,I am satisfied with how this course explains NLP concepts while making me eager to keep improving my understanding.,1,0,0,0,0,1,0,0,0,1,I am satisfied with how this course explains NLP concepts while making me eager to keep improving my understanding.,[],0
1390,The course brought joy to the learning process and encouraged anticipation for future learning opportunities.,4,0,0,0,0,1,0,0,0,1,The course brought joy to the learning process and encouraged anticipation for future learning opportunities.,[],0
1391,I felt happy learning NLP in this course and excited about applying these ideas to new challenges.,4,0,0,0,0,1,0,0,0,1,I felt happy learning NLP in this course and excited about applying these ideas to new challenges.,[],0
1392,This course made learning enjoyable and left me looking forward to continuing my studies in NLP.,4,0,1,0,0,1,0,0,0,1,This course made learning enjoyable and left me looking forward to continuing my studies in NLP.,[],0
1393,I experienced joy throughout the lessons and anticipation to dive deeper into NLP after completing the course.,4,0,0,0,0,1,0,0,0,1,I experienced joy throughout the lessons and anticipation to dive deeper into NLP after completing the course.,[],0
1394,The explanations made me feel satisfied with my learning and excited about exploring more NLP topics.,1,0,0,0,0,1,0,0,0,1,The explanations made me feel satisfied with my learning and excited about exploring more NLP topics.,[],0
1395,This course created a joyful learning environment while motivating me to continue learning beyond the basics.,4,0,0,0,0,1,0,0,0,1,This course created a joyful learning environment while motivating me to continue learning beyond the basics.,[],0
1396,I enjoyed the learning journey and felt excited to expand my NLP knowledge further.,4,0,0,0,0,1,0,0,0,1,I enjoyed the learning journey and felt excited to expand my NLP knowledge further.,[],0
1397,This course made learning NLP fun and sparked anticipation for future learning and practice.,4,0,0,0,0,1,0,0,0,1,This course made learning NLP fun and sparked anticipation for future learning and practice.,[],0
1398,I felt happy with how clearly the content was presented and excited to keep learning more.,1,0,0,0,0,1,0,0,0,1,I felt happy with how clearly the content was presented and excited to keep learning more.,[],0
1399,The learning experience was satisfying and left me eager to continue studying NLP.,4,0,1,0,0,1,0,0,0,1,The learning experience was satisfying and left me eager to continue studying NLP.,[],0
1400,I enjoyed every lesson and felt motivated to keep exploring NLP concepts.,4,0,1,0,0,1,0,0,0,1,I enjoyed every lesson and felt motivated to keep exploring NLP concepts.,[],0
1401,This course brought joy to my learning experience and encouraged me to look forward to more advanced NLP topics.,4,0,0,0,0,1,0,0,0,1,This course brought joy to my learning experience and encouraged me to look forward to more advanced NLP topics.,[],0
1402,I felt satisfied with the explanations and excited to apply what I learned in future work.,1,0,0,0,0,1,0,0,0,1,I felt satisfied with the explanations and excited to apply what I learned in future work.,[],0
1403,Learning NLP here was enjoyable and made me eager to continue learning and practicing.,4,0,1,0,0,1,0,0,0,1,Learning NLP here was enjoyable and made me eager to continue learning and practicing.,[],0
1404,This course made me happy with my progress and curious about what comes next in NLP.,4,0,1,0,0,1,0,0,0,1,This course made me happy with my progress and curious about what comes next in NLP.,[],0
1405,I am very satisfied with this course and feel excited to build upon the knowledge I gained.,4,0,0,0,0,1,0,0,0,1,I am very satisfied with this course and feel excited to build upon the knowledge I gained.,[],0
1406,The lessons were enjoyable and inspired anticipation for deeper exploration of NLP.,4,0,0,0,0,1,0,0,0,1,The lessons were enjoyable and inspired anticipation for deeper exploration of NLP.,[],0
1407,I felt joyful learning NLP and motivated to continue expanding my understanding.,4,0,1,0,0,1,0,0,0,1,I felt joyful learning NLP and motivated to continue expanding my understanding.,[],0
1408,This course left me feeling satisfied and excited to learn more advanced NLP concepts.,4,0,1,0,0,1,0,0,0,1,This course left me feeling satisfied and excited to learn more advanced NLP concepts.,[],0
1409,The learning journey was enjoyable and sparked anticipation for further study.,4,0,0,0,0,1,0,0,0,1,The learning journey was enjoyable and sparked anticipation for further study.,[],0
1410,I enjoyed this course and felt enthusiastic about continuing my NLP learning path.,4,0,1,0,0,1,0,0,0,1,I enjoyed this course and felt enthusiastic about continuing my NLP learning path.,[],0
1411,This course made learning NLP enjoyable while encouraging excitement for future learning.,4,0,1,0,0,1,0,0,0,1,This course made learning NLP enjoyable while encouraging excitement for future learning.,[],0
1412,I felt happy throughout the lessons and eager to apply these concepts in upcoming projects.,4,0,1,0,0,1,0,0,0,1,I felt happy throughout the lessons and eager to apply these concepts in upcoming projects.,[],0
1413,The content made me satisfied with my learning and excited about what I could learn next.,2,0,1,0,0,1,0,0,0,1,The content made me satisfied with my learning and excited about what I could learn next.,[],0
1414,I enjoyed the clear explanations and felt motivated to keep improving my NLP skills.,1,0,1,0,0,1,0,0,0,1,I enjoyed the clear explanations and felt motivated to keep improving my NLP skills.,[],0
1415,This course brought joy to learning and anticipation for future challenges in NLP.,4,0,1,0,0,1,0,0,0,1,This course brought joy to learning and anticipation for future challenges in NLP.,[],0
1416,I felt satisfied with how the course progressed and excited to continue learning.,4,0,1,0,0,1,0,0,0,1,I felt satisfied with how the course progressed and excited to continue learning.,[],0
1417,Learning NLP through this course was fun and made me look forward to further study.,4,0,1,0,0,1,0,0,0,1,Learning NLP through this course was fun and made me look forward to further study.,[],0
1418,This course made me happy with my understanding and eager to go deeper into NLP.,4,0,1,0,0,1,0,0,0,1,This course made me happy with my understanding and eager to go deeper into NLP.,[],0
1419,I enjoyed the learning experience and felt excited about applying these concepts next.,4,0,1,0,0,1,0,0,0,1,I enjoyed the learning experience and felt excited about applying these concepts next.,[],0
1420,The course created a joyful experience and encouraged anticipation for continued learning.,4,0,1,0,0,1,0,0,0,1,The course created a joyful experience and encouraged anticipation for continued learning.,[],0
1421,I felt happy learning NLP and motivated to explore more advanced topics afterward.,4,0,1,0,0,1,0,0,0,1,I felt happy learning NLP and motivated to explore more advanced topics afterward.,[],0
1422,This course left me satisfied and excited about continuing my learning journey.,4,0,1,0,0,1,0,0,0,1,This course left me satisfied and excited about continuing my learning journey.,[],0
1423,I enjoyed every part of the course and felt eager to learn more about NLP.,4,0,1,0,0,1,0,0,0,1,I enjoyed every part of the course and felt eager to learn more about NLP.,[],0
1424,The explanations were enjoyable and sparked excitement for future learning.,1,0,1,0,0,1,0,0,0,1,The explanations were enjoyable and sparked excitement for future learning.,[],0
1425,This course made learning NLP fun and encouraged anticipation for what comes next.,4,0,1,0,0,1,0,0,0,1,This course made learning NLP fun and encouraged anticipation for what comes next.,[],0
1426,I felt joyful throughout the course and excited to keep developing my NLP skills.,4,0,1,0,0,1,0,0,0,1,I felt joyful throughout the course and excited to keep developing my NLP skills.,[],0
1427,The learning experience was satisfying and made me curious to learn more.,4,0,1,0,0,1,0,0,0,1,The learning experience was satisfying and made me curious to learn more.,[],0
1428,I enjoyed this course and felt motivated to continue studying NLP concepts.,4,0,1,0,0,1,0,0,0,1,I enjoyed this course and felt motivated to continue studying NLP concepts.,[],0
1429,This course left me happy with my progress and excited for further learning.,4,0,1,0,0,1,0,0,0,1,This course left me happy with my progress and excited for further learning.,[],0
1430,Learning NLP here was enjoyable and inspired anticipation for future challenges.,4,0,1,0,0,1,0,0,0,1,Learning NLP here was enjoyable and inspired anticipation for future challenges.,[],0
1431,I felt satisfied with the clarity of the course and excited to explore more NLP topics.,1,0,1,0,0,1,0,0,0,1,I felt satisfied with the clarity of the course and excited to explore more NLP topics.,[],0
1432,This course made learning NLP enjoyable and motivated me to keep learning.,4,0,1,0,0,1,0,0,0,1,This course made learning NLP enjoyable and motivated me to keep learning.,[],0
1433,I enjoyed the lessons and felt eager to apply and expand my knowledge.,4,0,1,0,0,1,0,0,0,1,I enjoyed the lessons and felt eager to apply and expand my knowledge.,[],0
1434,The course provided a joyful learning experience and anticipation for deeper study.,4,0,1,0,0,1,0,0,0,1,The course provided a joyful learning experience and anticipation for deeper study.,[],0
1435,I felt happy learning NLP and excited about continuing my learning journey.,4,0,1,0,0,1,0,0,0,1,I felt happy learning NLP and excited about continuing my learning journey.,[],0
1436,This course left me satisfied and motivated to keep improving my NLP skills.,4,0,1,0,0,1,0,0,0,1,This course left me satisfied and motivated to keep improving my NLP skills.,[],0
1437,Learning NLP through this course was fun and sparked excitement for future learning.,4,0,1,0,0,1,0,0,0,1,Learning NLP through this course was fun and sparked excitement for future learning.,[],0
1438,I enjoyed the structured content and felt eager to learn more afterward.,2,0,1,0,0,1,0,0,0,1,I enjoyed the structured content and felt eager to learn more afterward.,[],0
1439,The learning experience was joyful and encouraged anticipation for further exploration.,4,0,1,0,0,1,0,0,0,1,The learning experience was joyful and encouraged anticipation for further exploration.,[],0
1440,I felt satisfied with this course and excited to continue learning NLP.,4,0,1,0,0,1,0,0,0,1,I felt satisfied with this course and excited to continue learning NLP.,[],0
1441,This course made learning NLP enjoyable and inspired me to look forward to advanced topics.,4,0,1,0,0,1,0,0,0,1,This course made learning NLP enjoyable and inspired me to look forward to advanced topics.,[],0
1442,I felt happy throughout the course and eager to apply what I learned next.,4,0,1,0,0,1,0,0,0,1,I felt happy throughout the course and eager to apply what I learned next.,[],0
1443,The explanations were satisfying and made me excited to deepen my NLP knowledge.,1,0,1,0,0,1,0,0,0,1,The explanations were satisfying and made me excited to deepen my NLP knowledge.,[],0
1444,I enjoyed this course and felt motivated to continue learning more about NLP.,4,0,1,0,0,1,0,0,0,1,I enjoyed this course and felt motivated to continue learning more about NLP.,[],0
1445,This course brought joy to learning and anticipation for future progress.,4,0,1,0,0,1,0,0,0,1,This course brought joy to learning and anticipation for future progress.,[],0
1446,I felt satisfied with my understanding and excited to keep learning.,4,0,1,0,0,1,0,0,0,1,I felt satisfied with my understanding and excited to keep learning.,[],0
1447,Learning NLP here was enjoyable and made me eager to explore more concepts.,4,0,1,0,0,1,0,0,0,1,Learning NLP here was enjoyable and made me eager to explore more concepts.,[],0
1448,This course left me happy and excited to continue studying NLP.,4,0,1,0,0,1,0,0,0,1,This course left me happy and excited to continue studying NLP.,[],0
1449,I enjoyed the learning process and felt enthusiastic about what comes next.,4,0,1,0,0,1,0,0,0,1,I enjoyed the learning process and felt enthusiastic about what comes next.,[],0
1450,The course made learning NLP fun and encouraged anticipation for future learning.,4,0,1,0,0,1,0,0,0,1,The course made learning NLP fun and encouraged anticipation for future learning.,[],0
1451,I felt joyful learning NLP and motivated to continue expanding my skills.,4,0,1,0,0,1,0,0,0,1,I felt joyful learning NLP and motivated to continue expanding my skills.,[],0
1452,This course made me satisfied with my progress and excited for further study.,4,0,1,0,0,1,0,0,0,1,This course made me satisfied with my progress and excited for further study.,[],0
1453,I enjoyed the lessons and felt eager to dive deeper into NLP topics.,4,0,1,0,0,1,0,0,0,1,I enjoyed the lessons and felt eager to dive deeper into NLP topics.,[],0
1454,The learning experience was enjoyable and sparked anticipation for continued learning.,4,0,1,0,0,1,0,0,0,1,The learning experience was enjoyable and sparked anticipation for continued learning.,[],0
1455,I felt happy with the clarity of the course and excited to learn more.,1,0,1,0,0,1,0,0,0,1,I felt happy with the clarity of the course and excited to learn more.,[],0
1456,This course made learning NLP rewarding and encouraged me to keep learning.,4,0,1,0,0,1,0,0,0,1,This course made learning NLP rewarding and encouraged me to keep learning.,[],0
1457,I enjoyed this course and felt enthusiastic about applying these concepts next.,4,0,1,0,0,1,0,0,0,1,I enjoyed this course and felt enthusiastic about applying these concepts next.,[],0
1458,The course brought joy to learning and anticipation for future challenges.,4,0,1,0,0,1,0,0,0,1,The course brought joy to learning and anticipation for future challenges.,[],0
1459,I felt satisfied throughout the course and excited to continue my NLP journey.,4,0,1,0,0,1,0,0,0,1,I felt satisfied throughout the course and excited to continue my NLP journey.,[],0
1460,Learning NLP here was enjoyable and motivated me to keep exploring.,4,0,1,0,0,1,0,0,0,1,Learning NLP here was enjoyable and motivated me to keep exploring.,[],0
1461,I felt happy learning NLP and eager to move on to more advanced topics.,4,0,1,0,0,1,0,0,0,1,I felt happy learning NLP and eager to move on to more advanced topics.,[],0
1462,This course made me satisfied with my learning and excited for what comes next.,4,0,1,0,0,1,0,0,0,1,This course made me satisfied with my learning and excited for what comes next.,[],0
1463,I enjoyed the structured lessons and felt motivated to continue learning.,2,0,1,0,0,1,0,0,0,1,I enjoyed the structured lessons and felt motivated to continue learning.,[],0
1464,The learning experience was joyful and encouraged anticipation for deeper study.,4,0,1,0,0,1,0,0,0,1,The learning experience was joyful and encouraged anticipation for deeper study.,[],0
1465,I felt satisfied with the explanations and excited to apply them further.,1,0,1,0,0,1,0,0,0,1,I felt satisfied with the explanations and excited to apply them further.,[],0
1466,This course made learning NLP fun and inspired me to keep improving.,4,0,1,0,0,1,0,0,1,1,This course made learning NLP fun and inspired me to keep improving.,[],0
1467,I enjoyed every lesson and felt eager to learn more afterward.,4,0,1,0,0,1,0,0,1,1,I enjoyed every lesson and felt eager to learn more afterward.,[],0
1468,The course left me happy with my progress and excited to continue.,4,0,1,0,0,1,0,0,1,1,The course left me happy with my progress and excited to continue.,[],0
1469,Learning NLP through this course was enjoyable and motivating.,4,0,1,0,0,1,0,0,1,1,Learning NLP through this course was enjoyable and motivating.,[],0
1470,I felt joyful and excited about continuing my NLP studies.,4,0,1,0,0,1,0,0,1,1,I felt joyful and excited about continuing my NLP studies.,[],0
1471,This course made learning NLP enjoyable and sparked anticipation for future learning.,4,0,1,0,0,1,0,0,1,1,This course made learning NLP enjoyable and sparked anticipation for future learning.,[],0
1472,I felt satisfied with how the course was structured and excited to learn more.,2,0,1,0,0,1,0,0,0,1,I felt satisfied with how the course was structured and excited to learn more.,[],0
1473,I enjoyed the learning experience and felt motivated to continue exploring NLP.,4,0,1,0,0,1,0,0,0,1,I enjoyed the learning experience and felt motivated to continue exploring NLP.,[],0
1474,The course brought joy to learning and encouraged excitement for what comes next.,4,0,1,0,0,1,0,0,0,1,The course brought joy to learning and encouraged excitement for what comes next.,[],0
1475,I felt happy learning NLP and eager to expand my knowledge further.,4,0,1,0,0,1,0,0,0,1,I felt happy learning NLP and eager to expand my knowledge further.,[],0
1476,This course left me satisfied and excited about continuing my learning journey.,4,0,1,0,0,1,0,0,0,1,This course left me satisfied and excited about continuing my learning journey.,[],0
1477,I enjoyed the lessons and felt enthusiastic about applying these concepts.,4,0,1,0,0,1,0,0,0,1,I enjoyed the lessons and felt enthusiastic about applying these concepts.,[],0
1478,The learning experience was enjoyable and sparked anticipation for future growth.,4,0,1,0,0,1,0,0,0,1,The learning experience was enjoyable and sparked anticipation for future growth.,[],0
1479,I felt satisfied with the course and excited to keep learning NLP.,4,0,1,0,0,1,0,0,0,1,I felt satisfied with the course and excited to keep learning NLP.,[],0
1480,Learning NLP here was fun and inspired me to look forward to more learning.,4,0,1,0,0,1,0,0,0,1,Learning NLP here was fun and inspired me to look forward to more learning.,[],0
1481,I felt joyful learning NLP and motivated to continue building my skills.,4,0,1,0,0,1,0,0,0,1,I felt joyful learning NLP and motivated to continue building my skills.,[],0
1482,This course made me satisfied with my understanding and excited for advanced topics.,4,0,1,0,0,1,0,0,0,1,This course made me satisfied with my understanding and excited for advanced topics.,[],0
1483,I enjoyed the clear explanations and felt eager to learn more.,1,0,1,0,0,1,0,0,0,1,I enjoyed the clear explanations and felt eager to learn more.,[],0
1484,The course created a joyful learning experience and anticipation for further study.,4,0,1,0,0,1,0,0,0,1,The course created a joyful learning experience and anticipation for further study.,[],0
1485,I felt happy with the progress I made and excited to continue learning.,4,0,1,0,0,1,0,0,0,1,I felt happy with the progress I made and excited to continue learning.,[],0
1486,This course made learning NLP rewarding and encouraged continuous learning.,4,0,1,0,0,1,0,0,0,1,This course made learning NLP rewarding and encouraged continuous learning.,[],0
1487,I enjoyed the course and felt motivated to keep expanding my knowledge.,4,0,1,0,0,1,0,0,0,1,I enjoyed the course and felt motivated to keep expanding my knowledge.,[],0
1488,The learning experience was joyful and inspired excitement for future topics.,4,0,1,0,0,1,0,0,0,1,The learning experience was joyful and inspired excitement for future topics.,[],0
1489,I felt satisfied with this course and eager to explore NLP further.,4,0,1,0,0,1,0,0,0,1,I felt satisfied with this course and eager to explore NLP further.,[],0
1490,Learning NLP through this course was enjoyable and motivating.,4,0,1,0,0,1,0,0,0,1,Learning NLP through this course was enjoyable and motivating.,[],0
1491,I felt happy learning NLP and excited to apply these ideas next.,4,0,1,0,0,1,0,0,0,1,I felt happy learning NLP and excited to apply these ideas next.,[],0
1492,This course left me satisfied and eager to continue my NLP journey.,4,0,1,0,0,1,0,0,0,1,This course left me satisfied and eager to continue my NLP journey.,[],0
1493,I enjoyed the lessons and felt motivated to learn more.,4,0,1,0,0,1,0,0,0,1,I enjoyed the lessons and felt motivated to learn more.,[],0
1494,The course made learning NLP enjoyable and sparked anticipation for continued study.,4,0,1,0,0,1,0,0,0,1,The course made learning NLP enjoyable and sparked anticipation for continued study.,[],0
1495,I felt joyful throughout the course and excited to move forward.,4,0,1,0,0,1,0,0,0,1,I felt joyful throughout the course and excited to move forward.,[],0
1496,This course made me satisfied with my progress and eager to continue learning.,4,0,1,0,0,1,0,0,0,1,This course made me satisfied with my progress and eager to continue learning.,[],0
1497,I enjoyed learning NLP here and felt enthusiastic about what comes next.,4,0,1,0,0,1,0,0,0,1,I enjoyed learning NLP here and felt enthusiastic about what comes next.,[],0
1498,The learning experience was enjoyable and encouraged excitement for future learning.,4,0,1,0,0,1,0,0,0,1,The learning experience was enjoyable and encouraged excitement for future learning.,[],0
1499,I felt happy with the clarity of the course and motivated to keep learning.,1,0,1,0,0,1,0,0,0,1,I felt happy with the clarity of the course and motivated to keep learning.,[],0
1500,This course made learning NLP fun and rewarding.,4,0,1,0,0,1,0,0,0,1,This course made learning NLP fun and rewarding.,[],0
1501,I felt joyful learning NLP and excited to deepen my understanding.,4,0,1,0,0,1,0,0,1,1,I felt joyful learning NLP and excited to deepen my understanding.,[],0
1502,This course left me satisfied and eager to continue exploring NLP.,4,0,1,0,0,1,0,0,1,1,This course left me satisfied and eager to continue exploring NLP.,[],0
1503,I enjoyed the learning journey and felt motivated to keep improving.,4,0,1,0,0,1,0,0,1,1,I enjoyed the learning journey and felt motivated to keep improving.,[],0
1504,The course brought joy to learning and anticipation for future topics.,4,0,1,0,0,1,0,0,1,1,The course brought joy to learning and anticipation for future topics.,[],0
1505,I felt happy learning NLP and excited about continuing my studies.,4,0,1,0,0,1,0,0,1,1,I felt happy learning NLP and excited about continuing my studies.,[],0
1506,This course made me satisfied with my learning and eager to move forward.,4,0,1,0,0,1,0,0,1,1,This course made me satisfied with my learning and eager to move forward.,[],0
1507,I enjoyed the lessons and felt enthusiastic about future learning.,4,0,1,0,0,1,0,0,1,1,I enjoyed the lessons and felt enthusiastic about future learning.,[],0
1508,The learning experience was enjoyable and sparked anticipation for deeper study.,4,0,1,0,0,1,0,0,1,1,The learning experience was enjoyable and sparked anticipation for deeper study.,[],0
1509,I felt satisfied with the course and excited to continue learning NLP.,4,0,1,0,0,1,0,0,1,1,I felt satisfied with the course and excited to continue learning NLP.,[],0
1510,Learning NLP here was fun and motivating.,4,0,1,0,0,1,0,0,0,1,Learning NLP here was fun and motivating.,[],0
1511,I felt joyful learning NLP and eager to apply these concepts further.,4,0,1,0,0,1,0,0,1,1,I felt joyful learning NLP and eager to apply these concepts further.,[],0
1512,This course made me satisfied with my progress and excited for what comes next.,4,0,1,0,0,1,0,0,0,1,This course made me satisfied with my progress and excited for what comes next.,[],0
1513,I enjoyed the structured lessons and felt motivated to continue learning.,2,0,1,0,0,1,0,0,0,1,I enjoyed the structured lessons and felt motivated to continue learning.,[],0
1514,The course created a joyful learning experience and anticipation for continued growth.,4,0,1,0,0,1,0,0,0,1,The course created a joyful learning experience and anticipation for continued growth.,[],0
1515,I felt happy learning NLP and excited to expand my knowledge.,4,0,1,0,0,1,0,0,0,1,I felt happy learning NLP and excited to expand my knowledge.,[],0
1516,This course made learning NLP enjoyable and inspired me to keep learning.,4,0,1,0,0,1,0,0,1,1,This course made learning NLP enjoyable and inspired me to keep learning.,[],0
1517,I enjoyed this course and felt eager to continue my NLP journey.,4,0,1,0,0,1,0,0,1,1,I enjoyed this course and felt eager to continue my NLP journey.,[],0
1518,Learning NLP through this course was joyful and motivating from start to finish.,4,0,1,0,0,1,0,0,1,1,Learning NLP through this course was joyful and motivating from start to finish.,[],0
1519,"I felt disappointed and a bit sad because several videos kept buffering 😕, which made it hard to stay engaged even though I wanted to follow the lessons properly.",0,0,0,0,0,0,1,0,0,0,"I felt disappointed and a bit sad because several videos kept buffering , which made it hard to stay engaged even though I wanted to follow the lessons properly.",['😕'],1
1520,"It was discouraging to experience repeated audio issues, as the interruptions made the learning process feel less smooth and enjoyable.",0,0,0,0,0,0,1,0,0,0,"It was discouraging to experience repeated audio issues, as the interruptions made the learning process feel less smooth and enjoyable.",[],0
1521,"I felt quite down when some lecture videos were unavailable for a while, which disrupted my study schedule.",0,0,0,0,0,0,1,0,0,0,"I felt quite down when some lecture videos were unavailable for a while, which disrupted my study schedule.",[],0
1522,"The frequent technical glitches made me feel discouraged, especially when I was trying to focus and learn consistently.",0,0,0,0,0,0,1,0,0,0,"The frequent technical glitches made me feel discouraged, especially when I was trying to focus and learn consistently.",[],0
1523,I felt sad that the platform issues interrupted my progress during important parts of the course.,0,0,0,0,0,0,1,0,0,0,I felt sad that the platform issues interrupted my progress during important parts of the course.,[],0
1524,The repeated loading problems made the learning experience feel frustrating and emotionally draining.,0,1,0,0,0,0,1,0,0,0,The repeated loading problems made the learning experience feel frustrating and emotionally draining.,[],0
1525,"I felt disappointed when the notebooks failed to load properly, slowing down my learning momentum.",0,0,0,0,0,0,1,0,0,0,"I felt disappointed when the notebooks failed to load properly, slowing down my learning momentum.",[],0
1526,"The technical interruptions made me feel less motivated, even though I was initially excited about the course.",0,0,0,0,0,0,1,0,0,0,"The technical interruptions made me feel less motivated, even though I was initially excited about the course.",[],0
1527,I felt a sense of sadness when the video quality dropped repeatedly during key explanations.,0,0,0,0,0,0,1,0,0,0,I felt a sense of sadness when the video quality dropped repeatedly during key explanations.,[],0
1528,The unstable platform experience left me feeling discouraged about continuing smoothly.,0,0,0,0,0,0,1,0,0,0,The unstable platform experience left me feeling discouraged about continuing smoothly.,[],0
1529,I felt let down 💔 by the frequent playback issues that interrupted my learning sessions.,0,0,0,0,0,0,1,0,0,0,I felt let down  by the frequent playback issues that interrupted my learning sessions.,['💔'],1
1530,The recurring technical problems made the overall experience emotionally tiring.,0,0,0,0,0,0,1,0,0,0,The recurring technical problems made the overall experience emotionally tiring.,[],0
1531,I felt worried that ongoing platform issues might prevent me from completing the course properly.,0,0,0,0,1,0,0,0,0,0,I felt worried that ongoing platform issues might prevent me from completing the course properly.,[],0
1532,The frequent crashes made me anxious 😰 about losing progress during important lessons and disrupted my focus.,0,0,0,0,1,0,0,0,0,0,The frequent crashes made me anxious  about losing progress during important lessons and disrupted my focus.,['😰'],1
1533,I was concerned that the technical problems would affect my ability to follow the course effectively.,0,0,0,0,0,0,0,0,0,0,I was concerned that the technical problems would affect my ability to follow the course effectively.,[],0
1534,The unstable video player made me uneasy about relying on the platform for consistent learning.,0,0,0,0,1,0,0,0,0,0,The unstable video player made me uneasy about relying on the platform for consistent learning.,[],0
1535,I felt anxious whenever the videos stopped unexpectedly during critical explanations.,0,0,0,0,1,0,0,0,0,0,I felt anxious whenever the videos stopped unexpectedly during critical explanations.,[],0
1536,The repeated errors made me fear that I might miss important content.,0,0,0,0,1,0,0,0,0,0,The repeated errors made me fear that I might miss important content.,[],0
1537,I was worried that the technical problems would affect my ability to follow the course effectively ⚠️.,0,0,0,0,0,0,0,0,0,0,I was worried that the technical problems would affect my ability to follow the course effectively .,['⚠️'],1
1538,The frequent disconnections made me feel uncertain about continuing without interruptions.,0,0,0,0,0,0,0,0,0,0,The frequent disconnections made me feel uncertain about continuing without interruptions.,[],0
1539,I felt uneasy 😟 about whether the platform could reliably support the course content.,0,0,0,0,1,0,0,0,0,0,I felt uneasy  about whether the platform could reliably support the course content.,['😟'],1
1540,The constant buffering made me anxious about finishing lessons on time ⏳.,0,0,0,0,1,0,0,0,0,0,The constant buffering made me anxious about finishing lessons on time .,['⏳'],1
1541,I worried that unresolved technical issues could impact my overall learning outcome.,0,0,0,0,1,0,0,0,0,0,I worried that unresolved technical issues could impact my overall learning outcome.,[],0
1542,The unstable system made me feel uncertain about planning my study time.,0,0,0,0,1,0,0,0,0,0,The unstable system made me feel uncertain about planning my study time.,[],0
1543,I felt concerned that these technical problems would persist throughout the course.,0,0,0,0,0,0,0,0,0,0,I felt concerned that these technical problems would persist throughout the course.,[],0
1544,The recurring errors caused anxiety about accessing materials when needed.,0,0,0,0,0,0,0,0,0,0,The recurring errors caused anxiety about accessing materials when needed.,[],0
1545,I felt nervous every time the platform lagged during lectures.,0,0,0,0,1,0,0,0,0,0,I felt nervous every time the platform lagged during lectures.,[],0
1546,The unreliable playback made me fear missing key explanations.,0,0,0,0,1,0,0,0,0,0,The unreliable playback made me fear missing key explanations.,[],0
1547,I was anxious about how often technical problems interrupted my learning flow.,0,0,0,0,1,0,0,0,0,0,I was anxious about how often technical problems interrupted my learning flow.,[],0
1548,The technical instability made me uncertain about continuing smoothly.,0,0,0,0,0,0,0,0,0,0,The technical instability made me uncertain about continuing smoothly.,[],0
1549,"I felt irritated and uncomfortable with how often the platform froze during lectures 😣, making the learning experience unpleasant.",0,1,0,0,0,0,0,0,0,0,"I felt irritated and uncomfortable with how often the platform froze during lectures , making the learning experience unpleasant.",['😣'],1
1550,The repeated technical glitches made the experience feel messy and unpleasant 😤.,0,1,0,0,0,0,0,0,0,0,The repeated technical glitches made the experience feel messy and unpleasant .,['😤'],1
1551,I was quite dissatisfied with the poor video quality during several lessons.,0,0,0,0,0,0,1,0,0,0,I was quite dissatisfied with the poor video quality during several lessons.,[],0
1552,The constant buffering was annoying and reduced my enjoyment of the course.,0,1,0,0,0,0,0,0,0,0,The constant buffering was annoying and reduced my enjoyment of the course.,[],0
1553,I felt uncomfortable with how unreliable the platform felt at times.,0,0,0,0,0,0,0,0,0,0,I felt uncomfortable with how unreliable the platform felt at times.,[],0
1554,The frequent playback errors made the experience feel poorly handled.,0,1,0,0,0,0,0,0,0,0,The frequent playback errors made the experience feel poorly handled.,[],0
1555,I found the recurring technical problems frustrating and unpleasant to deal with.,0,1,0,0,0,0,0,0,0,0,I found the recurring technical problems frustrating and unpleasant to deal with.,[],0
1556,The platform issues made the learning experience feel unnecessarily complicated.,0,1,0,0,0,0,0,0,0,0,The platform issues made the learning experience feel unnecessarily complicated.,[],0
1557,I felt annoyed by how often technical errors disrupted my focus.,0,1,0,0,0,0,0,0,0,0,I felt annoyed by how often technical errors disrupted my focus.,[],0
1558,The unstable system left a bad impression during multiple sessions.,0,1,0,0,0,0,0,0,0,0,The unstable system left a bad impression during multiple sessions.,[],0
1559,I was dissatisfied with the technical reliability throughout the course.,0,0,0,0,0,0,1,0,0,0,I was dissatisfied with the technical reliability throughout the course.,[],0
1560,I felt frustrated and angry 😠 when the platform crashed repeatedly during important lessons.,0,1,0,0,0,0,0,0,0,0,I felt frustrated and angry  when the platform crashed repeatedly during important lessons.,['😠'],1
1561,The constant technical failures made me genuinely irritated while trying to learn.,0,1,0,0,0,0,0,0,0,0,The constant technical failures made me genuinely irritated while trying to learn.,[],0
1562,I was annoyed by how often the videos stopped working without warning.,0,1,0,0,0,0,0,0,0,0,I was annoyed by how often the videos stopped working without warning.,[],0
1563,The repeated system errors made the learning experience very frustrating.,0,1,0,0,0,0,0,0,0,0,The repeated system errors made the learning experience very frustrating.,[],0
1564,I felt angry that technical problems kept interrupting my study time.,0,1,0,0,0,0,0,0,0,0,I felt angry that technical problems kept interrupting my study time.,[],0
1565,The lack of technical stability made me lose patience 😠 during the course.,0,0,0,0,0,0,1,0,0,0,The lack of technical stability made me lose patience  during the course.,['😠'],1
1566,"I felt frustrated and worried because the frequent buffering disrupted my learning flow, even though I was eager to continue the course.",0,1,0,0,1,0,0,0,0,0,"I felt frustrated and worried because the frequent buffering disrupted my learning flow, even though I was eager to continue the course.",[],0
1567,"The technical issues made me feel disappointed and anxious, especially when I was looking forward to completing the lessons smoothly.",0,0,0,0,0,0,1,0,0,0,"The technical issues made me feel disappointed and anxious, especially when I was looking forward to completing the lessons smoothly.",[],0
1568,I experienced irritation and concern due to repeated video crashes 🔄 that interrupted my motivation to learn.,0,1,0,0,1,0,0,0,0,0,I experienced irritation and concern due to repeated video crashes  that interrupted my motivation to learn.,['🔄'],1
1569,"The unstable platform made me feel uneasy and frustrated 😰, despite my anticipation to progress further.",0,1,0,0,1,0,0,0,0,0,"The unstable platform made me feel uneasy and frustrated , despite my anticipation to progress further.",['😰'],1
1570,I felt discouraged and annoyed when technical errors repeatedly interrupted important explanations 😣.,0,1,0,0,0,0,1,0,0,0,I felt discouraged and annoyed when technical errors repeatedly interrupted important explanations .,['😣'],1
1571,The recurring glitches made me anxious 😟 and reduced my enthusiasm for continuing the course.,0,0,0,0,1,0,0,0,0,0,The recurring glitches made me anxious  and reduced my enthusiasm for continuing the course.,['😟'],1
1572,I felt frustrated and uneasy as the platform lagged during lessons I was eager to complete.,0,1,0,0,1,0,0,0,0,0,I felt frustrated and uneasy as the platform lagged during lessons I was eager to complete.,[],0
1573,The technical interruptions caused both irritation and concern about missing key material.,0,1,0,0,0,0,0,0,0,0,The technical interruptions caused both irritation and concern about missing key material.,[],0
1574,I experienced disappointment and frustration when videos failed to load properly.,0,1,0,0,0,0,1,0,0,0,I experienced disappointment and frustration when videos failed to load properly.,[],0
1575,The unstable playback made me feel anxious while also feeling annoyed by the interruptions.,0,1,0,0,0,0,0,0,0,0,The unstable playback made me feel anxious while also feeling annoyed by the interruptions.,[],0
1576,I felt irritated and worried that technical issues were slowing down my learning progress ⏳.,0,1,0,0,1,0,0,0,0,0,I felt irritated and worried that technical issues were slowing down my learning progress .,['⏳'],1
1577,The frequent errors made me feel both frustrated and discouraged.,0,1,0,0,0,0,1,0,0,0,The frequent errors made me feel both frustrated and discouraged.,[],0
1578,I experienced a mix of annoyance and concern due to repeated technical problems.,0,1,0,0,1,0,0,0,0,0,I experienced a mix of annoyance and concern due to repeated technical problems.,[],0
1579,The platform issues made me feel uneasy and less motivated despite my initial excitement.,0,0,0,0,1,0,0,0,0,0,The platform issues made me feel uneasy and less motivated despite my initial excitement.,[],0
1580,I felt frustrated and anxious when technical glitches interrupted my study sessions.,0,1,0,0,1,0,0,0,0,0,I felt frustrated and anxious when technical glitches interrupted my study sessions.,[],0
1581,The recurring issues caused disappointment and irritation while trying to stay focused.,0,1,0,0,0,0,1,0,0,0,The recurring issues caused disappointment and irritation while trying to stay focused.,[],0
1582,I felt uneasy and annoyed as technical problems kept appearing unexpectedly.,0,1,0,0,0,0,0,0,0,0,I felt uneasy and annoyed as technical problems kept appearing unexpectedly.,[],0
1583,The unstable system made me feel frustrated and worried about continuing effectively.,0,1,0,0,1,0,0,0,0,0,The unstable system made me feel frustrated and worried about continuing effectively.,[],0
1584,I experienced irritation mixed with concern during repeated playback failures.,0,1,0,0,0,0,0,0,0,0,I experienced irritation mixed with concern during repeated playback failures.,[],0
1585,The technical interruptions caused both annoyance and emotional fatigue 😞.,0,1,0,0,0,0,1,0,0,0,The technical interruptions caused both annoyance and emotional fatigue .,['😞'],1
1586,I felt frustrated and disappointed as technical problems disrupted my learning momentum.,0,1,0,0,0,0,1,0,0,0,I felt frustrated and disappointed as technical problems disrupted my learning momentum.,[],0
1587,The platform issues made me anxious and reduced my enthusiasm.,0,0,0,0,0,0,1,0,0,0,The platform issues made me anxious and reduced my enthusiasm.,[],0
1588,I experienced annoyance and concern when videos froze repeatedly.,0,1,0,0,0,0,0,0,0,0,I experienced annoyance and concern when videos froze repeatedly.,[],0
1589,The technical instability caused frustration and worry about my progress.,0,1,0,0,1,0,0,0,0,0,The technical instability caused frustration and worry about my progress.,[],0
1590,I felt irritated and uneasy due to constant buffering issues.,0,1,0,0,0,0,0,0,0,0,I felt irritated and uneasy due to constant buffering issues.,[],0
1591,The repeated glitches made me feel disappointed and anxious.,0,0,0,0,0,0,1,0,0,0,The repeated glitches made me feel disappointed and anxious.,[],0
1592,I experienced frustration mixed with concern 😟 during unstable sessions that broke my learning flow.,0,1,0,0,0,0,0,0,0,0,I experienced frustration mixed with concern  during unstable sessions that broke my learning flow.,['😟'],1
1593,The platform problems caused irritation and emotional discomfort.,0,1,0,0,1,0,0,0,0,0,The platform problems caused irritation and emotional discomfort.,[],0
1594,I felt uneasy and annoyed 😠 when technical errors interrupted learning unexpectedly.,0,1,0,0,1,0,0,0,0,0,I felt uneasy and annoyed  when technical errors interrupted learning unexpectedly.,['😠'],1
1595,The recurring issues made me frustrated despite wanting to continue.,0,1,0,0,0,0,0,0,0,0,The recurring issues made me frustrated despite wanting to continue.,[],0
1596,I experienced disappointment and worry due to unstable playback.,0,0,0,0,1,0,1,0,0,0,I experienced disappointment and worry due to unstable playback.,[],0
1597,The technical problems caused irritation and reduced motivation.,0,1,0,0,0,0,1,0,0,0,The technical problems caused irritation and reduced motivation.,[],0
1598,I felt frustrated and uneasy during repeated system failures.,0,1,0,0,1,0,0,0,0,0,I felt frustrated and uneasy during repeated system failures.,[],0
1599,The glitches caused annoyance and concern about learning continuity.,0,1,0,0,0,0,0,0,0,0,The glitches caused annoyance and concern about learning continuity.,[],0
1600,I experienced irritation mixed with anticipation to resume learning smoothly.,0,1,1,0,1,0,0,0,0,0,I experienced irritation mixed with anticipation to resume learning smoothly.,[],0
1601,The platform issues made me feel anxious and frustrated 😰 while trying to stay focused..,0,1,0,0,1,0,0,0,0,0,The platform issues made me feel anxious and frustrated  while trying to stay focused..,['😰'],1
1602,I felt disappointed and annoyed when lessons were interrupted.,0,1,0,0,0,0,1,0,0,0,I felt disappointed and annoyed when lessons were interrupted.,[],0
1603,The technical instability caused worry and irritation.,0,1,0,0,0,0,0,0,0,0,The technical instability caused worry and irritation.,[],0
1604,I experienced frustration and emotional discomfort due to errors.,0,1,0,0,0,0,0,0,0,0,I experienced frustration and emotional discomfort due to errors.,[],0
1605,The recurring problems made me uneasy and annoyed.,0,1,0,0,1,0,0,0,0,0,The recurring problems made me uneasy and annoyed.,[],0
1606,I felt anxious and irritated by repeated buffering.,0,1,0,0,1,0,0,0,0,0,I felt anxious and irritated by repeated buffering.,[],0
1607,The platform issues caused disappointment and frustration.,0,1,0,0,0,0,1,0,0,0,The platform issues caused disappointment and frustration.,[],0
1608,I experienced concern and annoyance due to technical failures.,0,1,0,0,1,0,0,0,0,0,I experienced concern and annoyance due to technical failures.,[],0
1609,The unstable system made me feel frustrated and discouraged 💔 about continuing smoothly.,0,1,0,0,0,0,1,0,0,0,The unstable system made me feel frustrated and discouraged  about continuing smoothly.,['💔'],1
1610,I felt irritated and worried when videos failed to load.,0,1,0,0,1,0,0,0,0,0,I felt irritated and worried when videos failed to load.,[],0
1611,The repeated errors caused frustration and unease.,0,1,0,0,0,0,0,0,0,0,The repeated errors caused frustration and unease.,[],0
1612,I experienced annoyance mixed with concern during learning sessions.,0,1,0,0,0,0,0,0,0,0,I experienced annoyance mixed with concern during learning sessions.,[],0
1613,The technical problems made me feel uneasy and dissatisfied.,0,0,0,0,0,0,1,0,0,0,The technical problems made me feel uneasy and dissatisfied.,[],0
1614,I felt frustrated and anxious when the platform lagged.,0,1,0,0,1,0,0,0,0,0,I felt frustrated and anxious when the platform lagged.,[],0
1615,The interruptions caused irritation and reduced motivation.,0,1,0,0,0,0,1,0,0,0,The interruptions caused irritation and reduced motivation.,[],0
1616,I experienced disappointment and worry due to unstable access.,0,0,0,0,1,0,1,0,0,0,I experienced disappointment and worry due to unstable access.,[],0
1617,The recurring glitches made me feel frustrated and uneasy.,0,1,0,0,1,0,0,0,0,0,The recurring glitches made me feel frustrated and uneasy.,[],0
1618,I felt annoyed and concerned 😤 by persistent technical issues throughout the course.,0,1,0,0,1,0,0,0,0,0,I felt annoyed and concerned  by persistent technical issues throughout the course.,['😤'],1
1619,The platform instability caused emotional frustration and worry.,0,1,0,0,1,0,0,0,0,0,The platform instability caused emotional frustration and worry.,[],0
1620,I experienced irritation mixed with disappointment during lessons.,0,1,0,0,0,0,1,0,0,0,I experienced irritation mixed with disappointment during lessons.,[],0
1621,The technical failures made me feel uneasy and annoyed.,0,1,0,0,1,0,0,0,0,0,The technical failures made me feel uneasy and annoyed.,[],0
1622,I felt frustrated and anxious trying to follow the course.,0,1,0,0,1,0,0,0,0,0,I felt frustrated and anxious trying to follow the course.,[],0
1623,The glitches caused annoyance and concern about learning progress.,0,1,0,0,1,0,0,0,0,0,The glitches caused annoyance and concern about learning progress.,[],0
1624,I experienced disappointment and irritation due to repeated issues.,0,1,0,0,0,0,1,0,0,0,I experienced disappointment and irritation due to repeated issues.,[],0
1625,The platform problems made me feel uneasy and frustrated.,0,1,0,0,1,0,0,0,0,0,The platform problems made me feel uneasy and frustrated.,[],0
1626,I felt annoyed and worried when lessons were interrupted.,0,1,0,0,1,0,0,0,0,0,I felt annoyed and worried when lessons were interrupted.,[],0
1627,The technical issues caused frustration and emotional strain.,0,1,0,0,1,0,0,0,0,0,The technical issues caused frustration and emotional strain.,[],0
1628,I experienced irritation and concern due to unstable playback.,0,1,0,0,0,0,0,0,0,0,I experienced irritation and concern due to unstable playback.,[],0
1629,The repeated errors made me feel uneasy and annoyed.,0,1,0,0,0,0,0,0,0,0,The repeated errors made me feel uneasy and annoyed.,[],0
1630,I felt frustrated and anxious about continuing smoothly.,0,1,0,0,0,0,0,0,0,0,I felt frustrated and anxious about continuing smoothly.,[],0
1631,The platform issues caused disappointment and irritation.,0,1,0,0,0,0,1,0,0,0,The platform issues caused disappointment and irritation.,[],0
1632,I experienced annoyance mixed with concern during sessions.,0,1,0,0,0,0,0,0,0,0,I experienced annoyance mixed with concern during sessions.,[],0
1633,The technical instability made me feel frustrated and uneasy.,0,1,0,0,0,0,0,0,0,0,The technical instability made me feel frustrated and uneasy.,[],0
1634,I felt irritated and worried about missing content.,0,1,0,0,0,0,0,0,0,0,I felt irritated and worried about missing content.,[],0
1635,The recurring problems caused frustration and disappointment.,0,1,0,0,0,0,1,0,0,0,The recurring problems caused frustration and disappointment.,[],0
1636,I experienced anxiety and irritation 😣 during repeated glitches that interrupted my study sessions.,0,1,0,0,1,0,0,0,0,0,I experienced anxiety and irritation  during repeated glitches that interrupted my study sessions.,['😣'],1
1637,The technical failures made me feel uneasy and frustrated.,0,1,0,0,0,0,0,0,0,0,The technical failures made me feel uneasy and frustrated.,[],0
1638,I felt annoyed and concerned as technical issues persisted.,0,1,0,0,0,0,0,0,0,0,I felt annoyed and concerned as technical issues persisted.,[],0
1639,"The learning material is very well structured and detailed, making it easy to follow while still offering enough depth to truly understand the concepts.",2,0,1,0,0,1,0,0,1,1,"The learning material is very well structured and detailed, making it easy to follow while still offering enough depth to truly understand the concepts.",[],0
1640,"I found the course materials clear and thoughtfully organized, which helped me stay engaged and confident throughout the learning process.",2,0,1,0,0,1,0,0,1,1,"I found the course materials clear and thoughtfully organized, which helped me stay engaged and confident throughout the learning process.",[],0
1641,"The explanations strike a good balance between theory and practice, making the learning material enjoyable and useful.",1,0,1,0,0,1,0,0,1,1,"The explanations strike a good balance between theory and practice, making the learning material enjoyable and useful.",[],0
1642,The course content is comprehensive and helps build a solid understanding of the subject step by step.,2,0,1,0,0,1,0,0,1,1,The course content is comprehensive and helps build a solid understanding of the subject step by step.,[],0
1643,"I appreciate how the learning material is presented clearly and logically, making complex ideas easier to digest.",2,0,1,0,0,1,0,0,1,1,"I appreciate how the learning material is presented clearly and logically, making complex ideas easier to digest.",[],0
1644,The materials are detailed enough to build understanding while still being accessible for learners at different levels.,2,0,1,0,0,1,0,0,1,1,The materials are detailed enough to build understanding while still being accessible for learners at different levels.,[],0
1645,"I found the learning material to be practical and well explained, which helped reinforce key concepts.",1,0,1,0,0,1,0,0,1,1,"I found the learning material to be practical and well explained, which helped reinforce key concepts.",[],0
1646,The structure of the learning material makes it easy to revisit topics and deepen understanding over time.,2,0,1,0,0,1,0,0,1,1,The structure of the learning material makes it easy to revisit topics and deepen understanding over time.,[],0
1647,"The explanations are clear and provide enough context to understand not just how things work, but why.",1,0,1,0,0,1,0,0,1,1,"The explanations are clear and provide enough context to understand not just how things work, but why.",[],0
1648,The learning material feels thoughtfully designed to support gradual and confident learning.,2,0,1,0,0,1,0,0,1,1,The learning material feels thoughtfully designed to support gradual and confident learning.,[],0
1649,I enjoyed how the course materials guide the learner from basic ideas to more advanced concepts smoothly.,2,0,1,0,0,1,0,0,1,1,I enjoyed how the course materials guide the learner from basic ideas to more advanced concepts smoothly.,[],0
1650,The depth of the learning material helped me feel confident that I was building a strong foundation.,2,0,1,0,0,1,0,0,1,1,The depth of the learning material helped me feel confident that I was building a strong foundation.,[],0
1651,"I appreciate the clarity of the explanations, which made learning feel organized rather than overwhelming.",1,0,1,0,0,1,0,0,1,1,"I appreciate the clarity of the explanations, which made learning feel organized rather than overwhelming.",[],0
1652,The material is well paced and allows time to absorb concepts before moving forward.,2,0,1,0,0,1,0,0,1,1,The material is well paced and allows time to absorb concepts before moving forward.,[],0
1653,I found the learning content engaging and helpful for understanding both theory and application.,1,0,1,0,0,1,0,0,1,1,I found the learning content engaging and helpful for understanding both theory and application.,[],0
1654,The way the material is structured encourages consistent learning and reflection.,2,0,1,0,0,1,0,0,1,1,The way the material is structured encourages consistent learning and reflection.,[],0
1655,"The course materials feel reliable and well prepared, which builds trust in the learning process.",2,0,1,0,0,1,0,0,1,1,"The course materials feel reliable and well prepared, which builds trust in the learning process.",[],0
1656,I liked how the explanations were detailed without being unnecessarily complicated.,1,0,1,0,0,1,0,0,1,1,I liked how the explanations were detailed without being unnecessarily complicated.,[],0
1657,The learning material helped me connect concepts logically and meaningfully.,2,0,1,0,0,1,0,0,1,1,The learning material helped me connect concepts logically and meaningfully.,[],0
1658,"Overall, the content is clear and supports a positive learning experience.",2,0,1,0,0,1,0,0,1,1,"Overall, the content is clear and supports a positive learning experience.",[],0
1659,The material covers a wide range of topics while maintaining clarity and focus 📘.,2,0,1,0,0,1,0,0,1,1,The material covers a wide range of topics while maintaining clarity and focus .,['📘'],1
1660,I appreciate the effort put into organizing the learning content in a practical and accessible way.,2,0,1,0,0,1,0,0,1,1,I appreciate the effort put into organizing the learning content in a practical and accessible way.,[],0
1661,The explanations provide helpful insights that deepen understanding beyond surface-level learning.,1,0,1,0,0,1,0,0,1,1,The explanations provide helpful insights that deepen understanding beyond surface-level learning.,[],0
1662,The learning material feels complete and supports independent study and review.,2,0,1,0,0,1,0,0,1,1,The learning material feels complete and supports independent study and review.,[],0
1663,"I enjoyed the structured approach, which made learning feel manageable and rewarding.",2,0,0,0,0,1,0,0,1,1,"I enjoyed the structured approach, which made learning feel manageable and rewarding.",[],0
1664,The course materials explain concepts clearly and reinforce them effectively through examples.,1,0,0,0,0,1,0,0,1,1,The course materials explain concepts clearly and reinforce them effectively through examples.,[],0
1665,The learning content helped me feel confident progressing through each section 🙂.,2,0,0,0,0,1,0,0,1,1,The learning content helped me feel confident progressing through each section .,['🙂'],1
1666,I found the explanations thorough and useful for building long-term understanding.,1,0,0,0,0,1,0,0,1,1,I found the explanations thorough and useful for building long-term understanding.,[],0
1667,"The course material balances depth and clarity well, making it suitable for both beginners and more experienced learners.",2,0,0,0,0,1,0,0,1,1,"The course material balances depth and clarity well, making it suitable for both beginners and more experienced learners.",[],0
1668,I appreciate how the learning material is broken into manageable sections that build on each other.,2,0,0,0,0,1,0,0,1,1,I appreciate how the learning material is broken into manageable sections that build on each other.,[],0
1669,"The explanations helped me understand the reasoning behind concepts, not just the final outcome.",1,0,0,0,0,1,0,0,1,1,"The explanations helped me understand the reasoning behind concepts, not just the final outcome.",[],0
1670,The material feels carefully curated to support meaningful learning.,2,0,0,0,0,1,0,0,1,1,The material feels carefully curated to support meaningful learning.,[],0
1671,"I enjoyed the logical flow of the content, which made learning feel intuitive.",2,0,0,0,0,1,0,0,1,1,"I enjoyed the logical flow of the content, which made learning feel intuitive.",[],0
1672,The learning material is informative and encourages deeper thinking 🤔.,2,0,0,0,0,1,0,0,1,1,The learning material is informative and encourages deeper thinking .,['🤔'],1
1673,The explanations provide clarity and help reduce confusion when tackling complex topics.,1,0,0,0,0,1,0,0,1,1,The explanations provide clarity and help reduce confusion when tackling complex topics.,[],0
1674,I found the course materials easy to follow and useful for reinforcing knowledge.,2,0,0,0,0,1,0,0,1,1,I found the course materials easy to follow and useful for reinforcing knowledge.,[],0
1675,The learning content supports steady progress and builds confidence over time.,2,0,0,0,0,1,0,0,1,1,The learning content supports steady progress and builds confidence over time.,[],0
1676,The material is presented in a way that feels approachable and motivating.,2,0,0,0,0,1,0,0,1,1,The material is presented in a way that feels approachable and motivating.,[],0
1677,I liked how the learning material connects different concepts into a coherent whole.,2,0,0,0,0,1,0,0,1,1,I liked how the learning material connects different concepts into a coherent whole.,[],0
1678,The explanations are clear and provide sufficient detail to understand the subject well.,1,0,0,0,0,1,0,0,1,1,The explanations are clear and provide sufficient detail to understand the subject well.,[],0
1679,The course materials help learners stay focused and organized.,2,0,0,0,0,1,0,0,1,1,The course materials help learners stay focused and organized.,[],0
1680,"I appreciate the depth of the content, which allows for a more complete understanding.",2,0,0,0,0,1,0,0,1,1,"I appreciate the depth of the content, which allows for a more complete understanding.",[],0
1681,The learning material is well structured and supports effective study habits.,2,0,0,0,0,1,0,0,1,1,The learning material is well structured and supports effective study habits.,[],0
1682,I found the explanations engaging and helpful for grasping difficult ideas.,1,0,0,0,0,1,0,0,1,1,I found the explanations engaging and helpful for grasping difficult ideas.,[],0
1683,The course content feels thoughtfully planned and relevant.,2,0,0,0,0,1,0,0,1,1,The course content feels thoughtfully planned and relevant.,[],0
1684,The learning material supports both conceptual understanding and practical thinking 🚀.,2,0,0,0,0,1,0,0,1,1,The learning material supports both conceptual understanding and practical thinking .,['🚀'],1
1685,I enjoyed how the explanations gradually increase in depth without feeling abrupt.,1,0,0,0,0,1,0,0,1,1,I enjoyed how the explanations gradually increase in depth without feeling abrupt.,[],0
1686,The structure of the material makes it easy to follow along and stay motivated.,2,0,0,0,0,1,0,0,1,1,The structure of the material makes it easy to follow along and stay motivated.,[],0
1687,The learning material provides a solid foundation and encourages further exploration.,2,0,0,0,0,1,0,0,1,1,The learning material provides a solid foundation and encourages further exploration.,[],0
1688,I found the explanations helpful in clarifying concepts that initially seemed confusing.,1,0,0,0,0,1,0,0,1,1,I found the explanations helpful in clarifying concepts that initially seemed confusing.,[],0
1689,The content is detailed but still easy to follow.,2,0,0,0,0,1,0,0,1,1,The content is detailed but still easy to follow.,[],0
1690,The way the material is organized helps reinforce learning naturally.,2,0,0,0,0,1,0,0,1,1,The way the material is organized helps reinforce learning naturally.,[],0
1691,I appreciated the clarity and consistency of the learning content.,2,0,0,0,0,1,0,0,1,1,I appreciated the clarity and consistency of the learning content.,[],0
1692,The explanations feel trustworthy and well thought out.,1,0,0,0,0,1,0,0,1,1,The explanations feel trustworthy and well thought out.,[],0
1693,The learning material supports steady improvement and understanding 🙂.,2,0,0,0,0,1,0,0,1,1,The learning material supports steady improvement and understanding .,['🙂'],1
1694,I enjoyed how the course content builds confidence through clear explanations.,2,0,0,0,0,1,0,0,1,1,I enjoyed how the course content builds confidence through clear explanations.,[],0
1695,The structure of the material makes revisiting topics straightforward.,2,0,0,0,0,1,0,0,1,1,The structure of the material makes revisiting topics straightforward.,[],0
1696,The learning content feels purposeful and well aligned with learning goals.,2,0,0,0,0,1,0,0,1,1,The learning content feels purposeful and well aligned with learning goals.,[],0
1697,I found the course materials informative and helpful for understanding key ideas.,2,0,0,0,0,1,0,0,1,1,I found the course materials informative and helpful for understanding key ideas.,[],0
1698,The explanations are clear and allow learners to follow along comfortably.,1,0,0,0,0,1,0,0,1,1,The explanations are clear and allow learners to follow along comfortably.,[],0
1699,The learning material provides useful context that enhances understanding.,2,0,0,0,0,1,0,0,1,1,The learning material provides useful context that enhances understanding.,[],0
1700,I appreciate how the content supports gradual learning without rushing.,2,0,0,0,0,1,0,0,1,1,I appreciate how the content supports gradual learning without rushing.,[],0
1701,The course materials help clarify complex topics effectively.,1,0,0,0,0,1,0,0,1,1,The course materials help clarify complex topics effectively.,[],0
1702,The learning material is well presented and easy to navigate.,2,0,0,0,0,1,0,0,1,1,The learning material is well presented and easy to navigate.,[],0
1703,I enjoyed the thoughtful organization of the content.,2,0,0,0,0,1,0,0,1,1,I enjoyed the thoughtful organization of the content.,[],0
1704,The explanations made learning feel structured and rewarding 📘.,1,0,0,0,0,1,0,0,1,1,The explanations made learning feel structured and rewarding .,['📘'],1
1705,The learning material supports a positive and engaging study experience.,2,0,0,0,0,1,0,0,1,1,The learning material supports a positive and engaging study experience.,[],0
1706,I found the course content helpful for reinforcing foundational concepts.,2,0,0,0,0,1,0,0,1,1,I found the course content helpful for reinforcing foundational concepts.,[],0
1707,The material encourages deeper understanding rather than surface memorization.,2,0,0,0,0,1,0,0,1,1,The material encourages deeper understanding rather than surface memorization.,[],0
1708,I appreciated how the explanations connect theory with practical insight.,1,0,0,0,0,1,0,0,1,1,I appreciated how the explanations connect theory with practical insight.,[],0
1709,The learning material feels carefully designed to support comprehension.,2,0,0,0,0,1,0,0,1,1,The learning material feels carefully designed to support comprehension.,[],0
1710,The course content is clear and supports long-term learning.,2,0,0,0,0,1,0,0,1,1,The course content is clear and supports long-term learning.,[],0
1711,I enjoyed the way the material unfolds logically.,2,0,0,0,0,1,0,0,1,1,I enjoyed the way the material unfolds logically.,[],0
1712,The explanations helped me build confidence in my understanding 🙂.,1,0,0,0,0,1,0,0,1,1,The explanations helped me build confidence in my understanding .,['🙂'],1
1713,The learning material is accessible and informative.,2,0,0,0,0,1,0,0,1,1,The learning material is accessible and informative.,[],0
1714,I found the content engaging and well explained.,1,0,0,0,0,1,0,0,1,1,I found the content engaging and well explained.,[],0
1715,The structure of the material helps maintain focus and clarity.,2,0,0,0,0,1,0,0,1,1,The structure of the material helps maintain focus and clarity.,[],0
1716,The explanations feel thorough and thoughtfully presented.,1,0,0,0,0,1,0,0,1,1,The explanations feel thorough and thoughtfully presented.,[],0
1717,The learning material is comprehensive and supports consistent progress.,2,0,0,0,0,1,0,0,1,1,The learning material is comprehensive and supports consistent progress.,[],0
1718,I appreciate how the content builds understanding step by step.,2,0,0,0,0,1,0,0,1,1,I appreciate how the content builds understanding step by step.,[],0
1719,The explanations are clear and help make sense of complex ideas.,1,0,0,0,0,1,0,0,1,1,The explanations are clear and help make sense of complex ideas.,[],0
1720,The learning material encourages curiosity and exploration 🤔.,2,0,0,0,0,1,0,0,1,1,The learning material encourages curiosity and exploration .,['🤔'],1
1721,I found the course content reliable and well organized.,2,0,0,0,0,1,0,0,1,1,I found the course content reliable and well organized.,[],0
1722,The structure of the material supports effective learning habits.,2,0,0,0,0,1,0,0,1,1,The structure of the material supports effective learning habits.,[],0
1723,I enjoyed how the explanations reinforce key points clearly.,1,0,0,0,0,1,0,0,1,1,I enjoyed how the explanations reinforce key points clearly.,[],0
1724,The learning material provides useful insights for deeper understanding.,2,0,0,0,0,1,0,0,1,1,The learning material provides useful insights for deeper understanding.,[],0
1725,I found the content informative and easy to follow.,2,0,0,0,0,1,0,0,1,1,I found the content informative and easy to follow.,[],0
1726,The course materials support a confident learning experience.,2,0,0,0,0,1,0,0,1,1,The course materials support a confident learning experience.,[],0
1727,The learning material feels balanced and thoughtfully arranged.,2,0,0,0,0,1,0,0,1,1,The learning material feels balanced and thoughtfully arranged.,[],0
1728,I appreciate the clarity and organization of the explanations.,1,0,0,0,0,1,0,0,1,1,I appreciate the clarity and organization of the explanations.,[],0
1729,The content supports understanding without feeling overwhelming.,2,0,0,0,0,1,0,0,1,1,The content supports understanding without feeling overwhelming.,[],0
1730,I found the learning material helpful for connecting ideas logically.,2,0,0,0,0,1,0,0,1,1,I found the learning material helpful for connecting ideas logically.,[],0
1731,The explanations provide enough depth to feel meaningful 🚀.,1,0,0,0,0,1,0,0,1,1,The explanations provide enough depth to feel meaningful .,['🚀'],1
1732,The course materials help maintain engagement throughout.,2,0,0,0,0,1,0,0,1,1,The course materials help maintain engagement throughout.,[],0
1733,I enjoyed the structured progression of the learning content.,2,0,0,0,0,1,0,0,1,1,I enjoyed the structured progression of the learning content.,[],0
1734,The learning material supports steady improvement over time.,2,0,0,0,0,1,0,0,1,1,The learning material supports steady improvement over time.,[],0
1735,I found the explanations clear and reassuring 🙂.,1,0,0,0,0,1,0,0,1,1,I found the explanations clear and reassuring .,['🙂'],1
1736,The content feels well aligned with learning objectives.,2,0,0,0,0,1,0,0,1,1,The content feels well aligned with learning objectives.,[],0
1737,The learning material encourages confidence and curiosity.,2,0,0,0,0,1,0,0,1,1,The learning material encourages confidence and curiosity.,[],0
1738,I appreciated how the content is presented clearly and logically.,2,0,0,0,0,1,0,0,1,1,I appreciated how the content is presented clearly and logically.,[],0
1739,The explanations help make learning feel approachable.,1,0,0,0,0,1,0,0,1,1,The explanations help make learning feel approachable.,[],0
1740,The course materials are informative and thoughtfully designed.,2,0,0,0,0,1,0,0,1,1,The course materials are informative and thoughtfully designed.,[],0
1741,I enjoyed how the learning material supports independent study.,2,0,0,0,0,1,0,0,1,1,I enjoyed how the learning material supports independent study.,[],0
1742,The structure of the content makes learning more effective 📘.,2,0,0,0,0,1,0,0,1,1,The structure of the content makes learning more effective .,['📘'],1
1743,The explanations are clear and help reinforce understanding.,1,0,0,0,0,1,0,0,1,1,The explanations are clear and help reinforce understanding.,[],0
1744,The learning material supports a positive learning mindset.,2,0,0,0,0,1,0,0,1,1,The learning material supports a positive learning mindset.,[],0
1745,I found the content engaging and easy to navigate.,2,0,0,0,0,1,0,0,1,1,I found the content engaging and easy to navigate.,[],0
1746,The course materials feel comprehensive and reliable.,2,0,0,0,0,1,0,0,1,1,The course materials feel comprehensive and reliable.,[],0
1747,The learning material provides a strong foundation for further learning.,2,0,0,0,0,1,0,0,1,1,The learning material provides a strong foundation for further learning.,[],0
1748,I appreciated the clarity and depth of the explanations.,1,0,0,0,0,1,0,0,1,1,I appreciated the clarity and depth of the explanations.,[],0
1749,The content supports meaningful understanding rather than quick memorization.,2,0,0,0,0,1,0,0,1,1,The content supports meaningful understanding rather than quick memorization.,[],0
1750,The learning material feels well organized and supportive.,2,0,0,0,0,1,0,0,1,1,The learning material feels well organized and supportive.,[],0
1751,I enjoyed how the explanations clarify complex topics.,1,0,0,0,0,1,0,0,1,1,I enjoyed how the explanations clarify complex topics.,[],0
1752,The course content helps build confidence gradually 🙂.,2,0,0,0,0,1,0,0,1,1,The course content helps build confidence gradually .,['🙂'],1
1753,The learning material encourages thoughtful engagement.,2,0,0,0,0,1,0,0,1,1,The learning material encourages thoughtful engagement.,[],0
1754,I found the explanations helpful and informative.,1,0,0,0,0,1,0,0,1,1,I found the explanations helpful and informative.,[],0
1755,The structure of the material supports effective learning.,2,0,0,0,0,1,0,0,1,1,The structure of the material supports effective learning.,[],0
1756,The learning content feels consistent and well planned.,2,0,0,0,0,1,0,0,1,1,The learning content feels consistent and well planned.,[],0
1757,The learning material is easy to follow and informative.,2,0,0,0,0,1,0,0,1,1,The learning material is easy to follow and informative.,[],0
1758,I appreciated the logical flow of the content.,2,0,0,0,0,1,0,0,1,1,I appreciated the logical flow of the content.,[],0
1759,The explanations provide clarity and useful context 🤔.,1,0,0,0,0,1,0,0,1,1,The explanations provide clarity and useful context .,['🤔'],1
1760,The course materials help learners stay focused and engaged.,2,0,0,0,0,1,0,0,1,1,The course materials help learners stay focused and engaged.,[],0
1761,I enjoyed how the learning material builds understanding over time.,2,0,0,0,0,1,0,0,1,1,I enjoyed how the learning material builds understanding over time.,[],0
1762,The content feels thoughtfully arranged and accessible.,2,0,0,0,0,1,0,0,1,1,The content feels thoughtfully arranged and accessible.,[],0
1763,The learning material supports confidence and curiosity.,2,0,0,0,0,1,0,0,1,1,The learning material supports confidence and curiosity.,[],0
1764,I found the explanations clear and helpful.,1,0,0,0,0,1,0,0,1,1,I found the explanations clear and helpful.,[],0
1765,The course content feels reliable and well structured.,2,0,0,0,0,1,0,0,1,1,The course content feels reliable and well structured.,[],0
1766,The learning material supports a smooth learning experience.,2,0,0,0,0,1,0,0,1,1,The learning material supports a smooth learning experience.,[],0
1767,The learning material offers clarity while still covering topics in depth.,2,0,0,0,0,1,0,0,1,1,The learning material offers clarity while still covering topics in depth.,[],0
1768,I appreciated how the explanations encourage deeper understanding.,1,0,0,0,0,1,0,0,1,1,I appreciated how the explanations encourage deeper understanding.,[],0
1769,The content supports steady learning progress.,2,0,0,0,0,1,0,0,1,1,The content supports steady learning progress.,[],0
1770,The learning material feels practical and informative 📘.,2,0,0,0,0,1,0,0,1,1,The learning material feels practical and informative .,['📘'],1
1771,I enjoyed how the material is structured for clarity.,2,0,0,0,0,1,0,0,1,1,I enjoyed how the material is structured for clarity.,[],0
1772,The explanations make learning feel manageable and engaging 🙂.,1,0,0,0,0,1,0,0,1,1,The explanations make learning feel manageable and engaging .,['🙂'],1
1773,The course materials support thoughtful learning.,2,0,0,0,0,1,0,0,1,1,The course materials support thoughtful learning.,[],0
1774,I found the learning content clear and useful.,2,0,0,0,0,1,0,0,1,1,I found the learning content clear and useful.,[],0
1775,The structure of the material makes learning efficient.,2,0,0,0,0,1,0,0,1,1,The structure of the material makes learning efficient.,[],0
1776,The explanations provide helpful insight into key concepts.,1,0,0,0,0,1,0,0,1,1,The explanations provide helpful insight into key concepts.,[],0
1777,The learning material supports confidence and continuous improvement.,2,0,0,0,0,1,0,0,1,1,The learning material supports confidence and continuous improvement.,[],0
1778,I appreciated the clarity and organization of the content.,2,0,0,0,0,1,0,0,1,1,I appreciated the clarity and organization of the content.,[],0
1779,The explanations help learners stay engaged and motivated.,1,0,0,0,0,1,0,0,1,1,The explanations help learners stay engaged and motivated.,[],0
1780,The course materials feel well developed and accessible.,2,0,0,0,0,1,0,0,1,1,The course materials feel well developed and accessible.,[],0
1781,I enjoyed how the learning material builds understanding gradually.,2,0,0,0,0,1,0,0,1,1,I enjoyed how the learning material builds understanding gradually.,[],0
1782,The content supports meaningful learning experiences 🚀.,2,0,0,0,0,1,0,0,1,1,The content supports meaningful learning experiences .,['🚀'],1
1783,The learning material is clear and thoughtfully presented.,2,0,0,0,0,1,0,0,1,1,The learning material is clear and thoughtfully presented.,[],0
1784,I found the explanations reliable and easy to follow.,1,0,0,0,0,1,0,0,1,1,I found the explanations reliable and easy to follow.,[],0
1785,The course materials help reinforce understanding effectively.,2,0,0,0,0,1,0,0,1,1,The course materials help reinforce understanding effectively.,[],0
1786,"Overall, the learning material provides a positive and confidence-building experience 🙂",2,0,0,0,0,1,0,0,1,1,"Overall, the learning material provides a positive and confidence-building experience",['🙂'],1
1787,"The learning material feels poorly structured and outdated, making it difficult to follow the concepts smoothly and reducing my overall confidence in the course.",2,0,0,0,0,0,1,0,0,0,"The learning material feels poorly structured and outdated, making it difficult to follow the concepts smoothly and reducing my overall confidence in the course.",[],0
1788,"I found the explanations confusing at times, as important details in the learning material were skipped or not clearly connected.",1,0,0,0,0,0,1,0,0,0,"I found the explanations confusing at times, as important details in the learning material were skipped or not clearly connected.",[],0
1789,"The course content lacks sufficient depth in key areas, which left me feeling unsatisfied with the learning material 😞.",2,0,0,0,0,0,1,0,0,0,"The course content lacks sufficient depth in key areas, which left me feeling unsatisfied with the learning material .",['😞'],1
1790,I struggled with the learning material because it assumes too much prior knowledge and does not properly explain the fundamentals 😐.,2,0,0,0,0,0,1,0,0,0,I struggled with the learning material because it assumes too much prior knowledge and does not properly explain the fundamentals .,['😐'],1
1791,"The explanations in the learning material often feel rushed, making it hard to fully understand the concepts.",1,0,0,0,0,0,1,0,0,0,"The explanations in the learning material often feel rushed, making it hard to fully understand the concepts.",[],0
1792,I felt frustrated with the learning material because several topics were introduced without enough explanation or context.,2,1,0,0,0,0,1,0,0,0,I felt frustrated with the learning material because several topics were introduced without enough explanation or context.,[],0
1793,"The course material feels inconsistent in quality, which made the learning experience confusing and disappointing 😕.",2,0,0,0,0,0,1,0,0,0,"The course material feels inconsistent in quality, which made the learning experience confusing and disappointing .",['😕'],1
1794,I found the learning material hard to engage with due to its unclear structure and lack of practical clarification 😟.,2,1,0,0,0,0,0,0,0,0,I found the learning material hard to engage with due to its unclear structure and lack of practical clarification .,['😟'],1
1795,"Some sections of the learning material feel incomplete, leaving gaps in understanding that were never properly addressed 😢.",2,0,0,0,0,0,1,0,0,0,"Some sections of the learning material feel incomplete, leaving gaps in understanding that were never properly addressed .",['😢'],1
1796,"The explanations rely too heavily on theory, which made the learning material feel unbalanced and difficult to apply 😐.",1,0,0,0,0,0,1,0,0,0,"The explanations rely too heavily on theory, which made the learning material feel unbalanced and difficult to apply .",['😐'],1
1797,I felt disappointed by the learning material because important concepts were not explained in enough detail 😞.,2,0,0,0,0,0,1,0,0,0,I felt disappointed by the learning material because important concepts were not explained in enough detail .,['😞'],1
1798,The way the learning material is presented makes it difficult to stay focused and motivated.,2,0,0,0,0,0,1,0,0,0,The way the learning material is presented makes it difficult to stay focused and motivated.,[],0
1799,I found the content frustrating as the learning material jumps between topics without clear transitions 😤.,2,1,0,0,0,0,0,0,0,0,I found the content frustrating as the learning material jumps between topics without clear transitions .,['😤'],1
1800,"The learning material does not adequately support beginners, which made the overall experience discouraging.",2,0,0,0,0,0,1,0,0,0,"The learning material does not adequately support beginners, which made the overall experience discouraging.",[],0
1801,I often felt confused when studying the learning material because examples were either missing or insufficient.,2,0,0,0,0,0,1,0,0,0,I often felt confused when studying the learning material because examples were either missing or insufficient.,[],0
1802,"The course content feels disorganized, causing unnecessary confusion while trying to understand the learning material.",2,0,0,0,0,0,1,0,0,0,"The course content feels disorganized, causing unnecessary confusion while trying to understand the learning material.",[],0
1803,I was disappointed with the learning material because it lacks clear explanations for more complex concepts 😞.,1,0,0,0,0,0,1,0,0,0,I was disappointed with the learning material because it lacks clear explanations for more complex concepts .,['😞'],1
1804,"The explanations sometimes feel superficial, which made the learning material less helpful than expected.",1,0,0,0,0,0,1,0,0,0,"The explanations sometimes feel superficial, which made the learning material less helpful than expected.",[],0
1805,I found the learning material frustrating as it does not clearly explain the reasoning behind key ideas 😠.,1,1,0,0,0,0,1,0,0,0,I found the learning material frustrating as it does not clearly explain the reasoning behind key ideas .,['😠'],1
1806,The structure of the learning material makes it harder to build understanding step by step 😣.,2,0,0,0,0,0,1,0,0,0,The structure of the learning material makes it harder to build understanding step by step .,['😣'],1
1807,I felt unsatisfied with the learning material because it does not clearly connect concepts across different sections.,2,0,0,0,0,0,1,0,0,0,I felt unsatisfied with the learning material because it does not clearly connect concepts across different sections.,[],0
1808,"The explanations in the learning material often feel incomplete, leaving me uncertain about my understanding 😐.",1,0,0,0,0,0,1,0,0,0,"The explanations in the learning material often feel incomplete, leaving me uncertain about my understanding .",['😐'],1
1809,I struggled to stay engaged with the learning material due to its unclear organization and pacing 😕.,2,0,0,0,0,0,1,0,0,0,I struggled to stay engaged with the learning material due to its unclear organization and pacing .,['😕'],1
1810,The course content feels less helpful than expected because the learning material lacks clarity and depth.,2,0,0,0,0,0,1,0,0,0,The course content feels less helpful than expected because the learning material lacks clarity and depth.,[],0
1811,"Overall, the learning material feels confusing and insufficiently explained, which negatively affected my learning experience.",2,0,0,0,0,0,1,0,0,0,"Overall, the learning material feels confusing and insufficiently explained, which negatively affected my learning experience.",[],0
1812,"The learning material is generally clear, although some sections require extra attention to fully understand the explanations.",2,0,0,0,0,1,0,0,1,1,"The learning material is generally clear, although some sections require extra attention to fully understand the explanations.",[],0
1813,"I find the course material acceptable overall, with certain topics explained more clearly than others.",2,0,0,0,0,1,0,0,1,1,"I find the course material acceptable overall, with certain topics explained more clearly than others.",[],0
1814,"The learning material provides a reasonable overview of the subject, though some parts feel brief 🙂.",2,0,0,0,0,1,0,0,1,1,"The learning material provides a reasonable overview of the subject, though some parts feel brief .",['🙂'],1
1815,"The content is structured in a logical way, even if a few transitions feel abrupt.",2,0,0,0,0,1,0,0,1,1,"The content is structured in a logical way, even if a few transitions feel abrupt.",[],0
1816,"I think the learning material works fine as an introduction, but additional references may be helpful.",2,0,0,0,0,1,0,0,1,1,"I think the learning material works fine as an introduction, but additional references may be helpful.",[],0
1817,"The explanations are understandable, although some examples could be expanded.",1,0,0,0,0,1,0,0,1,1,"The explanations are understandable, although some examples could be expanded.",[],0
1818,"The learning material feels balanced between theory and explanation, without leaning too strongly in one direction.",2,0,0,0,0,1,0,0,1,1,"The learning material feels balanced between theory and explanation, without leaning too strongly in one direction.",[],0
1819,"I was able to follow most of the content, though a few sections needed rereading.",2,0,0,0,0,1,0,0,1,1,"I was able to follow most of the content, though a few sections needed rereading.",[],0
1820,"The material explains the core ideas adequately, even if not all details are explored deeply.",2,0,0,0,0,1,0,0,1,1,"The material explains the core ideas adequately, even if not all details are explored deeply.",[],0
1821,"The learning content feels informative, without being particularly engaging or confusing.",2,0,0,0,0,1,0,0,1,1,"The learning content feels informative, without being particularly engaging or confusing.",[],0
1822,"The course material is organized reasonably well, though some reordering could improve clarity.",2,0,0,0,0,1,0,0,1,1,"The course material is organized reasonably well, though some reordering could improve clarity.",[],0
1823,"I find the learning material sufficient for understanding the basics, but not fully comprehensive.",2,0,0,0,0,1,0,0,1,1,"I find the learning material sufficient for understanding the basics, but not fully comprehensive.",[],0
1824,"The explanations are straightforward, even if they sometimes assume prior familiarity.",1,0,0,0,0,1,0,0,1,1,"The explanations are straightforward, even if they sometimes assume prior familiarity.",[],0
1825,"The learning material is easy to navigate, but certain concepts require extra effort 😐.",2,0,0,0,0,1,0,0,1,1,"The learning material is easy to navigate, but certain concepts require extra effort .",['😐'],1
1826,"The content feels neutral in tone, focusing more on explanation than persuasion.",2,0,0,0,0,1,0,0,1,1,"The content feels neutral in tone, focusing more on explanation than persuasion.",[],0
1827,I think the learning material communicates the main ideas clearly enough.,2,0,0,0,0,1,0,0,1,1,I think the learning material communicates the main ideas clearly enough.,[],0
1828,"The explanations are serviceable, though some concepts could benefit from more context.",1,0,0,0,0,1,0,0,1,1,"The explanations are serviceable, though some concepts could benefit from more context.",[],0
1829,"The course content provides a stable foundation, without covering many edge cases.",2,0,0,0,0,1,0,0,1,1,"The course content provides a stable foundation, without covering many edge cases.",[],0
1830,"I found the learning material manageable, though not especially memorable.",2,0,0,0,0,1,0,0,1,1,"I found the learning material manageable, though not especially memorable.",[],0
1831,The material presents the subject adequately without strongly standing out.,2,0,0,0,0,1,0,0,1,1,The material presents the subject adequately without strongly standing out.,[],0
1832,"The learning material feels consistent in style, even if some sections are more detailed than others.",2,0,0,0,0,1,0,0,1,1,"The learning material feels consistent in style, even if some sections are more detailed than others.",[],0
1833,"I was able to understand the lessons, but some explanations felt brief.",2,0,0,0,0,1,0,0,1,1,"I was able to understand the lessons, but some explanations felt brief.",[],0
1834,"The content presents ideas clearly, though a few examples feel limited.",2,0,0,0,0,1,0,0,1,1,"The content presents ideas clearly, though a few examples feel limited.",[],0
1835,"The learning material is structured logically, with minor gaps in explanation.",2,0,0,0,0,1,0,0,1,1,"The learning material is structured logically, with minor gaps in explanation.",[],0
1836,I think the material is suitable for learners willing to review concepts independently.,2,0,0,0,0,1,0,0,1,1,I think the material is suitable for learners willing to review concepts independently.,[],0
1837,The explanations are neutral and focused on information delivery.,1,0,0,0,0,1,0,0,1,1,The explanations are neutral and focused on information delivery.,[],0
1838,"The learning material helped me follow the course, though some parts required extra focus 🤔.",2,0,0,0,0,1,0,0,1,1,"The learning material helped me follow the course, though some parts required extra focus .",['🤔'],1
1839,"The content feels steady and informational, without strong emotional impact.",2,0,0,0,0,1,0,0,1,1,"The content feels steady and informational, without strong emotional impact.",[],0
1840,"I found the learning material acceptable, with mixed levels of clarity.",2,0,0,0,0,1,0,0,1,1,"I found the learning material acceptable, with mixed levels of clarity.",[],0
1841,"The explanations provide a general understanding, though deeper insight may require practice.",1,0,0,0,0,1,0,0,1,1,"The explanations provide a general understanding, though deeper insight may require practice.",[],0
1842,"The learning material supports gradual learning, even if it does not always feel engaging.",2,0,0,0,0,1,0,0,1,1,"The learning material supports gradual learning, even if it does not always feel engaging.",[],0
1843,"I think the content explains the fundamentals adequately, with room for clarification later.",2,0,0,0,0,1,0,0,1,1,"I think the content explains the fundamentals adequately, with room for clarification later.",[],0
1844,"The material feels structured, though some lessons seem condensed.",2,0,0,0,0,1,0,0,1,1,"The material feels structured, though some lessons seem condensed.",[],0
1845,"I was able to follow the learning material, but some ideas felt briefly introduced.",2,0,0,0,0,1,0,0,1,1,"I was able to follow the learning material, but some ideas felt briefly introduced.",[],0
1846,"The explanations are generally understandable, though not always detailed.",1,0,0,0,0,1,0,0,1,1,"The explanations are generally understandable, though not always detailed.",[],0
1847,The learning content feels neutral and instructional in its delivery.,2,0,0,0,0,1,0,0,1,1,The learning content feels neutral and instructional in its delivery.,[],0
1848,"I found the material useful for orientation, though further exploration is needed.",2,0,0,0,0,1,0,0,1,1,"I found the material useful for orientation, though further exploration is needed.",[],0
1849,The learning material presents topics clearly enough to follow along.,2,0,0,0,0,1,0,0,1,1,The learning material presents topics clearly enough to follow along.,[],0
1850,"Some sections are clearer than others, but overall the material remains understandable 😶.",2,0,0,0,0,1,0,0,1,1,"Some sections are clearer than others, but overall the material remains understandable .",['😶'],1
1851,"The explanations outline the main concepts, even if not all details are covered.",1,0,0,0,0,1,0,0,1,1,"The explanations outline the main concepts, even if not all details are covered.",[],0
1852,"The learning material is presented in a straightforward manner, without unnecessary complexity.",2,0,0,0,0,1,0,0,1,1,"The learning material is presented in a straightforward manner, without unnecessary complexity.",[],0
1853,I think the content is adequate for understanding the course direction.,2,0,0,0,0,1,0,0,1,1,I think the content is adequate for understanding the course direction.,[],0
1854,"The material feels informative, though it sometimes lacks illustrative depth.",2,0,0,0,0,1,0,0,1,1,"The material feels informative, though it sometimes lacks illustrative depth.",[],0
1855,"I was able to keep up with the learning material, despite occasional ambiguity.",2,0,0,0,0,1,0,0,1,1,"I was able to keep up with the learning material, despite occasional ambiguity.",[],0
1856,"The explanations convey essential ideas, even if some examples feel limited.",1,0,0,0,0,1,0,0,1,1,"The explanations convey essential ideas, even if some examples feel limited.",[],0
1857,The learning content is serviceable and does not cause major confusion.,2,0,0,0,0,1,0,0,1,1,The learning content is serviceable and does not cause major confusion.,[],0
1858,"I found the material generally accessible, with a few sections needing clarification.",2,0,0,0,0,1,0,0,1,1,"I found the material generally accessible, with a few sections needing clarification.",[],0
1859,The course content maintains a consistent level of explanation.,2,0,0,0,0,1,0,0,1,1,The course content maintains a consistent level of explanation.,[],0
1860,The learning material provides a reasonable overview of the subject.,2,0,0,0,0,1,0,0,1,1,The learning material provides a reasonable overview of the subject.,[],0
1861,"I think the explanations are sufficient, though not especially detailed.",1,0,0,0,0,1,0,0,1,1,"I think the explanations are sufficient, though not especially detailed.",[],0
1862,"The learning material is easy to follow in most parts, with a few exceptions.",2,0,0,0,0,1,0,0,1,1,"The learning material is easy to follow in most parts, with a few exceptions.",[],0
1863,"The content explains the topics adequately, though it sometimes feels surface-level 😑.",2,0,0,0,0,1,0,0,1,1,"The content explains the topics adequately, though it sometimes feels surface-level .",['😑'],1
1864,I found the material neutral in tone and approach.,2,0,0,0,0,1,0,0,1,1,I found the material neutral in tone and approach.,[],0
1865,"The explanations are mostly clear, even if some ideas are briefly addressed.",1,0,0,0,0,1,0,0,1,1,"The explanations are mostly clear, even if some ideas are briefly addressed.",[],0
1866,"The learning material allows for understanding, provided the learner stays attentive.",2,0,0,0,0,1,0,0,1,1,"The learning material allows for understanding, provided the learner stays attentive.",[],0
1867,I think the course content works best when paired with additional practice.,2,0,0,0,0,1,0,0,1,1,I think the course content works best when paired with additional practice.,[],0
1868,"The material presents concepts logically, though not always thoroughly.",2,0,0,0,0,1,0,0,1,1,"The material presents concepts logically, though not always thoroughly.",[],0
1869,"I was able to understand the lessons, but some explanations felt minimal.",2,0,0,0,0,1,0,0,1,1,"I was able to understand the lessons, but some explanations felt minimal.",[],0
1870,The learning content is organized reasonably well.,2,0,0,0,0,1,0,0,1,1,The learning content is organized reasonably well.,[],0
1871,The explanations give a general sense of the topic without going too deep.,1,0,0,0,0,1,0,0,1,1,The explanations give a general sense of the topic without going too deep.,[],0
1872,"The learning material feels balanced, neither too simple nor overly complex.",2,0,0,0,0,1,0,0,1,1,"The learning material feels balanced, neither too simple nor overly complex.",[],0
1873,I think the content communicates the main ideas clearly enough.,2,0,0,0,0,1,0,0,1,1,I think the content communicates the main ideas clearly enough.,[],0
1874,"The material is understandable, though some clarification would help.",2,0,0,0,0,1,0,0,1,1,"The material is understandable, though some clarification would help.",[],0
1875,"The explanations are consistent, even if not always engaging.",1,0,0,0,0,1,0,0,1,1,"The explanations are consistent, even if not always engaging.",[],0
1876,The learning material presents information in a straightforward way.,2,0,0,0,0,1,0,0,1,1,The learning material presents information in a straightforward way.,[],0
1877,"Some concepts are explained clearly, while others need more attention 😕.",1,0,0,0,0,1,0,0,1,1,"Some concepts are explained clearly, while others need more attention .",['😕'],1
1878,The content supports steady learning without strong emotional response.,2,0,0,0,0,1,0,0,1,1,The content supports steady learning without strong emotional response.,[],0
1879,"I found the learning material practical, though not particularly detailed.",2,0,0,0,0,1,0,0,1,1,"I found the learning material practical, though not particularly detailed.",[],0
1880,The explanations are adequate for following the course structure.,1,0,0,0,0,1,0,0,1,1,The explanations are adequate for following the course structure.,[],0
1881,The learning material outlines the subject without overwhelming detail.,2,0,0,0,0,1,0,0,1,1,The learning material outlines the subject without overwhelming detail.,[],0
1882,The course content is neutral in presentation and generally easy to follow.,2,0,0,0,0,1,0,0,1,1,The course content is neutral in presentation and generally easy to follow.,[],0
1883,I was able to understand most of the learning material with some effort.,2,0,0,0,0,1,0,0,1,1,I was able to understand most of the learning material with some effort.,[],0
1884,The explanations provide a baseline understanding of the topics.,1,0,0,0,0,1,0,0,1,1,The explanations provide a baseline understanding of the topics.,[],0
1885,"The learning material feels informative, though not deeply analytical.",2,0,0,0,0,1,0,0,1,1,"The learning material feels informative, though not deeply analytical.",[],0
1886,I think the content serves as a reasonable reference for the subject.,2,0,0,0,0,1,0,0,1,1,I think the content serves as a reasonable reference for the subject.,[],0
1887,The material explains the concepts clearly enough for continued learning.,2,0,0,0,0,1,0,0,1,1,The material explains the concepts clearly enough for continued learning.,[],0
1888,The learning content is structured in a predictable way.,2,0,0,0,0,1,0,0,1,1,The learning content is structured in a predictable way.,[],0
1889,"I found the explanations straightforward, if somewhat brief.",1,0,0,0,0,1,0,0,1,1,"I found the explanations straightforward, if somewhat brief.",[],0
1890,"The learning material feels accessible, though some areas lack depth 😐.",2,0,0,0,0,1,0,0,1,1,"The learning material feels accessible, though some areas lack depth .",['😐'],1
1891,"The content communicates ideas clearly, without strong emphasis.",2,0,0,0,0,1,0,0,1,1,"The content communicates ideas clearly, without strong emphasis.",[],0
1892,"The learning material supports understanding, provided key sections are revisited.",2,0,0,0,0,1,0,0,1,1,"The learning material supports understanding, provided key sections are revisited.",[],0
1893,"I think the explanations are acceptable, though not especially detailed.",1,0,0,0,0,1,0,0,1,1,"I think the explanations are acceptable, though not especially detailed.",[],0
1894,The material feels neutral and informational.,2,0,0,0,0,1,0,0,1,1,The material feels neutral and informational.,[],0
1895,"The learning content is easy to follow, though some sections feel compressed.",2,0,0,0,0,1,0,0,1,1,"The learning content is easy to follow, though some sections feel compressed.",[],0
1896,I found the explanations clear enough to proceed through the course.,1,0,0,0,0,1,0,0,1,1,I found the explanations clear enough to proceed through the course.,[],0
1897,"The learning material provides general clarity, with occasional ambiguity.",2,0,0,0,0,1,0,0,1,1,"The learning material provides general clarity, with occasional ambiguity.",[],0
1898,"The content is understandable, though some examples could help.",2,0,0,0,0,1,0,0,1,1,"The content is understandable, though some examples could help.",[],0
1899,The explanations outline concepts without excessive elaboration.,1,0,0,0,0,1,0,0,1,1,The explanations outline concepts without excessive elaboration.,[],0
1900,The learning material feels sufficient for orientation.,2,0,0,0,0,1,0,0,1,1,The learning material feels sufficient for orientation.,[],0
1901,I think the course content communicates the essentials effectively.,2,0,0,0,0,1,0,0,1,1,I think the course content communicates the essentials effectively.,[],0
1902,"The learning material is clear overall, though a few sections felt slightly confusing 😬.",2,0,0,0,0,1,0,0,1,1,"The learning material is clear overall, though a few sections felt slightly confusing .",['😬'],1
1903,I found the explanations neutral and focused on information delivery.,1,0,0,0,0,1,0,0,1,1,I found the explanations neutral and focused on information delivery.,[],0
1904,The content supports learning at a steady pace.,2,0,0,0,0,1,0,0,1,1,The content supports learning at a steady pace.,[],0
1905,"The learning material is understandable, though not deeply explanatory.",2,0,0,0,0,1,0,0,1,1,"The learning material is understandable, though not deeply explanatory.",[],0
1906,I was able to follow the lessons without major difficulty.,2,0,0,0,0,1,0,0,1,1,I was able to follow the lessons without major difficulty.,[],0
1907,"The explanations are serviceable, even if some parts feel brief.",1,0,0,0,0,1,0,0,1,1,"The explanations are serviceable, even if some parts feel brief.",[],0
1908,The learning content feels balanced and consistent.,2,0,0,0,0,1,0,0,1,1,The learning content feels balanced and consistent.,[],0
1909,I think the material is appropriate for general understanding.,2,0,0,0,0,1,0,0,1,1,I think the material is appropriate for general understanding.,[],0
1910,The explanations communicate ideas clearly enough.,1,0,0,0,0,1,0,0,1,1,The explanations communicate ideas clearly enough.,[],0
1911,The learning material feels informative without being overly detailed.,2,0,0,0,0,1,0,0,1,1,The learning material feels informative without being overly detailed.,[],0
1912,The course content provides a basic understanding of the subject.,2,0,0,0,0,1,0,0,1,1,The course content provides a basic understanding of the subject.,[],0
1913,"I found the learning material easy to follow, with occasional need for clarification.",2,0,0,0,0,1,0,0,1,1,"I found the learning material easy to follow, with occasional need for clarification.",[],0
1914,The explanations are neutral and straightforward.,1,0,0,0,0,1,0,0,1,1,The explanations are neutral and straightforward.,[],0
1915,"Some parts of the learning material feel clear, while others require more effort 😮‍💨.",2,0,0,0,0,1,0,0,1,1,"Some parts of the learning material feel clear, while others require more effort .",['😮\u200d💨'],1
1916,"The content presents concepts logically, though not always deeply.",2,0,0,0,0,1,0,0,1,1,"The content presents concepts logically, though not always deeply.",[],0
1917,The learning material is structured to support steady learning.,2,0,0,0,0,1,0,0,1,1,The learning material is structured to support steady learning.,[],0
1918,I think the explanations are adequate for following along.,1,0,0,0,0,1,0,0,1,1,I think the explanations are adequate for following along.,[],0
1919,The learning content feels neutral and instructional.,2,0,0,0,0,1,0,0,1,1,The learning content feels neutral and instructional.,[],0
1920,The material helps establish a general understanding of the topics.,2,0,0,0,0,1,0,0,1,1,The material helps establish a general understanding of the topics.,[],0
1921,"The explanations are understandable, though sometimes brief.",1,0,0,0,0,1,0,0,1,1,"The explanations are understandable, though sometimes brief.",[],0
1922,The learning material is clear enough to proceed through the course.,2,0,0,0,0,1,0,0,1,1,The learning material is clear enough to proceed through the course.,[],0
1923,"I found the content acceptable, with some parts clearer than others.",2,0,0,0,0,1,0,0,1,1,"I found the content acceptable, with some parts clearer than others.",[],0
1924,The explanations provide a general overview of the subject.,1,0,0,0,0,1,0,0,1,1,The explanations provide a general overview of the subject.,[],0
1925,The learning material feels consistent in tone and structure.,2,0,0,0,0,1,0,0,1,1,The learning material feels consistent in tone and structure.,[],0
1926,I think the content works as a foundational reference.,2,0,0,0,0,1,0,0,1,1,I think the content works as a foundational reference.,[],0
1927,The explanations communicate core ideas without much embellishment.,1,0,0,0,0,1,0,0,1,1,The explanations communicate core ideas without much embellishment.,[],0
1928,"The learning material supports comprehension, though practice is needed.",2,0,0,0,0,1,0,0,1,1,"The learning material supports comprehension, though practice is needed.",[],0
1929,I found the course content informative and neutral.,2,0,0,0,0,1,0,0,1,1,I found the course content informative and neutral.,[],0
1930,"The explanations are clear, though not especially detailed.",1,0,0,0,0,1,0,0,1,1,"The explanations are clear, though not especially detailed.",[],0
1931,"The learning material is understandable overall, with a few moments of uncertainty 😯.",2,0,0,0,0,1,0,0,1,1,"The learning material is understandable overall, with a few moments of uncertainty .",['😯'],1
1932,The content presents the subject in a straightforward manner.,2,0,0,0,0,1,0,0,1,1,The content presents the subject in a straightforward manner.,[],0
1933,I think the learning material is adequate for following the course.,2,0,0,0,0,1,0,0,1,1,I think the learning material is adequate for following the course.,[],0
1934,The explanations provide clarity on most topics.,1,0,0,0,0,1,0,0,1,1,The explanations provide clarity on most topics.,[],0
1935,The learning content feels balanced and accessible.,2,0,0,0,0,1,0,0,1,1,The learning content feels balanced and accessible.,[],0
1936,I found the material easy to follow with some concentration.,2,0,0,0,0,1,0,0,1,1,I found the material easy to follow with some concentration.,[],0
1937,The explanations outline the main ideas clearly.,1,0,0,0,0,1,0,0,1,1,The explanations outline the main ideas clearly.,[],0
1938,The learning material feels neutral and informative throughout.,2,0,0,0,0,1,0,0,1,1,The learning material feels neutral and informative throughout.,[],0
1939,"Overall, the learning material communicates the concepts clearly enough for steady progress.",2,0,0,0,0,1,0,0,1,1,"Overall, the learning material communicates the concepts clearly enough for steady progress.",[],0
1940,The instructor is very responsive in the Q&A section and usually provides clear answers that help move forward 🙂.,3,0,0,0,0,1,0,0,1,1,The instructor is very responsive in the Q&A section and usually provides clear answers that help move forward .,['🙂'],1
1941,"I appreciate how quickly questions are addressed, which makes the learning experience feel supported.",3,0,0,0,0,1,0,0,1,1,"I appreciate how quickly questions are addressed, which makes the learning experience feel supported.",[],0
1942,"The instructor often replies within hours, which builds trust and confidence in the course support.",3,0,0,0,0,1,0,0,0,1,"The instructor often replies within hours, which builds trust and confidence in the course support.",[],0
1943,"Most of my questions were answered clearly and politely, making the interaction feel encouraging.",3,0,0,0,0,1,0,0,0,1,"Most of my questions were answered clearly and politely, making the interaction feel encouraging.",[],0
1944,I found the Q&A section helpful because the instructor actively engages with student questions.,3,0,0,0,0,1,0,0,0,1,I found the Q&A section helpful because the instructor actively engages with student questions.,[],0
1945,The responses in the discussion area are generally clear and to the point.,3,0,0,0,0,1,0,0,0,1,The responses in the discussion area are generally clear and to the point.,[],0
1946,I felt reassured knowing that questions are acknowledged promptly by the instructor.,3,0,0,0,0,1,0,0,0,1,I felt reassured knowing that questions are acknowledged promptly by the instructor.,[],0
1947,The instructor’s presence in the Q&A makes the course feel more interactive.,3,0,0,0,0,1,0,0,1,1,The instructor’s presence in the Q&A makes the course feel more interactive.,[],0
1948,"I appreciate the consistent responses to questions, which helped clarify many doubts.",3,0,0,0,0,1,0,0,0,1,"I appreciate the consistent responses to questions, which helped clarify many doubts.",[],0
1949,The instructor usually provides helpful explanations when responding to questions 😃.,3,0,0,0,0,1,0,0,0,1,The instructor usually provides helpful explanations when responding to questions .,['😃'],1
1950,The interaction in the Q&A section made it easier to stay on track with the course.,3,0,0,0,0,1,0,0,0,1,The interaction in the Q&A section made it easier to stay on track with the course.,[],0
1951,I found the instructor’s replies informative and easy to understand.,3,0,0,0,0,1,0,0,1,1,I found the instructor’s replies informative and easy to understand.,[],0
1952,Questions posted in the discussion section are often answered in a timely manner 🙂.,3,0,0,0,0,1,0,0,0,1,Questions posted in the discussion section are often answered in a timely manner .,['🙂'],1
1953,The instructor’s engagement in Q&A adds value to the overall learning experience.,3,0,0,0,0,1,0,0,0,1,The instructor’s engagement in Q&A adds value to the overall learning experience.,[],0
1954,I felt supported by the instructor’s willingness to respond to questions.,3,0,0,0,0,1,0,0,0,1,I felt supported by the instructor’s willingness to respond to questions.,[],0
1955,The Q&A responses are usually straightforward and helpful 😄.,3,0,0,0,0,1,0,0,0,1,The Q&A responses are usually straightforward and helpful .,['😄'],1
1956,"The instructor maintains an active presence, which improves communication with learners.",3,0,0,0,0,1,0,0,0,1,"The instructor maintains an active presence, which improves communication with learners.",[],0
1957,I appreciated how the instructor clarifies misunderstandings in the discussion section.,3,0,0,0,0,1,0,0,0,1,I appreciated how the instructor clarifies misunderstandings in the discussion section.,[],0
1958,The responses I received helped resolve my confusion efficiently.,3,0,0,0,0,1,0,0,0,1,The responses I received helped resolve my confusion efficiently.,[],0
1959,The instructor’s quick replies made the learning process smoother.,3,0,0,0,0,1,0,0,0,1,The instructor’s quick replies made the learning process smoother.,[],0
1960,I found the interaction to be generally positive and responsive.,3,0,0,0,0,1,0,0,0,1,I found the interaction to be generally positive and responsive.,[],0
1961,The Q&A section is useful because the instructor actively addresses common issues.,3,0,0,0,0,1,0,0,0,1,The Q&A section is useful because the instructor actively addresses common issues.,[],0
1962,I liked how the instructor explains solutions clearly in the replies.,3,0,0,0,0,1,0,0,0,1,I liked how the instructor explains solutions clearly in the replies.,[],0
1963,The interaction style feels professional and informative.,3,0,0,0,0,1,0,0,0,1,The interaction style feels professional and informative.,[],0
1964,I felt encouraged to ask questions knowing they would be answered 🙂.,3,0,0,0,0,1,0,0,0,1,I felt encouraged to ask questions knowing they would be answered .,['🙂'],1
1965,The instructor’s responses helped me progress without unnecessary delays.,3,0,0,0,0,1,0,0,0,1,The instructor’s responses helped me progress without unnecessary delays.,[],0
1966,The Q&A interaction adds clarity to parts of the course that need explanation.,3,0,0,0,0,1,0,0,0,1,The Q&A interaction adds clarity to parts of the course that need explanation.,[],0
1967,I appreciate the instructor’s effort to reply to many questions 😃.,3,0,0,0,0,1,0,0,0,1,I appreciate the instructor’s effort to reply to many questions .,['😃'],1
1968,The communication in the discussion section feels supportive overall.,3,0,0,0,0,1,0,0,0,1,The communication in the discussion section feels supportive overall.,[],0
1969,The instructor provides clear guidance when responding to queries.,3,0,0,0,0,1,0,0,0,1,The instructor provides clear guidance when responding to queries.,[],0
1970,I felt confident continuing the course due to the instructor’s responsiveness 🙂.,3,0,0,0,0,1,0,0,0,1,I felt confident continuing the course due to the instructor’s responsiveness .,['🙂'],1
1971,The Q&A responses often resolve issues quickly.,3,0,0,0,0,1,0,0,0,1,The Q&A responses often resolve issues quickly.,[],0
1972,I appreciated the instructor’s direct and informative answers.,3,0,0,0,0,1,0,0,0,1,I appreciated the instructor’s direct and informative answers.,[],0
1973,The interaction with learners feels consistent throughout the course 😁.,3,0,0,0,0,1,0,0,0,1,The interaction with learners feels consistent throughout the course .,['😁'],1
1974,The instructor usually responds politely and professionally.,3,0,0,0,0,1,0,0,0,1,The instructor usually responds politely and professionally.,[],0
1975,I found the Q&A explanations helpful for understanding tricky parts.,3,0,0,0,0,1,0,0,0,1,I found the Q&A explanations helpful for understanding tricky parts.,[],0
1976,The instructor’s replies made the learning experience more interactive.,3,0,0,0,0,1,0,0,0,1,The instructor’s replies made the learning experience more interactive.,[],0
1977,"Questions are often answered clearly, which saves time.",3,0,0,0,0,1,0,0,0,1,"Questions are often answered clearly, which saves time.",[],0
1978,I felt reassured by the instructor’s active engagement in discussions.,3,0,0,0,0,1,0,0,0,1,I felt reassured by the instructor’s active engagement in discussions.,[],0
1979,The instructor’s interaction style generally feels constructive 😄.,3,0,0,0,0,1,0,0,0,1,The instructor’s interaction style generally feels constructive .,['😄'],1
1980,I appreciated how the instructor addresses both simple and complex questions.,3,0,0,0,0,1,0,0,0,1,I appreciated how the instructor addresses both simple and complex questions.,[],0
1981,The Q&A section helped clarify doubts efficiently 🙂.,3,0,0,0,0,1,0,0,0,1,The Q&A section helped clarify doubts efficiently .,['🙂'],1
1982,The instructor’s responses feel reliable and informative.,3,0,0,0,0,1,0,0,0,1,The instructor’s responses feel reliable and informative.,[],0
1983,I found the interaction in the course to be mostly positive.,3,0,0,0,0,1,0,0,0,1,I found the interaction in the course to be mostly positive.,[],0
1984,The instructor’s replies helped guide me through confusing steps 😁.,3,0,0,0,0,1,0,0,0,1,The instructor’s replies helped guide me through confusing steps .,['😁'],1
1985,Communication in the Q&A section feels accessible and helpful.,3,0,0,0,0,1,0,0,0,1,Communication in the Q&A section feels accessible and helpful.,[],0
1986,I felt comfortable asking questions due to the instructor’s responsiveness.,3,0,0,0,0,1,0,0,0,1,I felt comfortable asking questions due to the instructor’s responsiveness.,[],0
1987,The instructor’s engagement improves the overall course experience 🙂.,3,0,0,0,0,1,0,0,0,1,The instructor’s engagement improves the overall course experience .,['🙂'],1
1988,I appreciated the clarity provided in most Q&A responses.,3,0,0,0,0,1,0,0,0,1,I appreciated the clarity provided in most Q&A responses.,[],0
1989,The interaction style generally supports learning.,3,0,0,0,0,1,0,0,0,1,The interaction style generally supports learning.,[],0
1990,"The instructor replies quickly, which helps maintain learning momentum 😃.",3,0,0,0,0,1,0,0,0,1,"The instructor replies quickly, which helps maintain learning momentum .",['😃'],1
1991,I found the Q&A discussions useful for resolving common issues.,3,0,0,0,0,1,0,0,0,1,I found the Q&A discussions useful for resolving common issues.,[],0
1992,The instructor’s responses are usually clear and relevant.,3,0,0,0,0,1,0,0,0,1,The instructor’s responses are usually clear and relevant.,[],0
1993,I felt supported by the instructor’s presence in the discussion section.,3,0,0,0,0,1,0,0,0,1,I felt supported by the instructor’s presence in the discussion section.,[],0
1994,The interaction in Q&A contributes positively to understanding the material.,3,0,0,0,0,1,0,0,0,1,The interaction in Q&A contributes positively to understanding the material.,[],0
1995,The instructor’s replies often address the core of the problem.,3,0,0,0,0,1,0,0,0,1,The instructor’s replies often address the core of the problem.,[],0
1996,I appreciated the effort put into answering learner questions 😁.,3,0,0,0,0,1,0,0,0,1,I appreciated the effort put into answering learner questions .,['😁'],1
1997,The communication feels mostly positive and helpful.,3,0,0,0,0,1,0,0,0,1,The communication feels mostly positive and helpful.,[],0
1998,The instructor’s engagement makes the course feel less isolated 🙂.,3,0,0,0,0,1,0,0,0,1,The instructor’s engagement makes the course feel less isolated .,['🙂'],1
1999,I found the Q&A interaction valuable for clarifying uncertainties.,3,0,0,0,0,1,0,0,0,1,I found the Q&A interaction valuable for clarifying uncertainties.,[],0
2000,The instructor generally provides helpful feedback in responses.,3,0,0,0,0,1,0,0,0,1,The instructor generally provides helpful feedback in responses.,[],0
2001,I appreciated the clear explanations given in the discussion replies.,3,0,0,0,0,1,0,0,0,1,I appreciated the clear explanations given in the discussion replies.,[],0
2002,The interaction style helps maintain confidence while learning.,3,0,0,0,0,1,0,0,0,1,The interaction style helps maintain confidence while learning.,[],0
2003,I found the instructor approachable through the Q&A section 🙂.,3,0,0,0,0,1,0,0,0,1,I found the instructor approachable through the Q&A section .,['🙂'],1
2004,"Overall, the interaction with the instructor feels supportive and beneficial.",3,0,0,0,0,1,0,0,0,1,"Overall, the interaction with the instructor feels supportive and beneficial.",[],0
2005,"The instructor responds to questions, though the level of detail varies.",3,0,0,0,0,1,0,0,0,1,"The instructor responds to questions, though the level of detail varies.",[],0
2006,"I found the Q&A section functional, even if not all answers are detailed.",3,0,0,0,0,1,0,0,0,1,"I found the Q&A section functional, even if not all answers are detailed.",[],0
2007,The interaction in the discussion area is present but sometimes brief.,3,0,0,0,0,1,0,0,0,1,The interaction in the discussion area is present but sometimes brief.,[],0
2008,"Questions are generally answered, though some replies are short.",3,0,0,0,0,1,0,0,0,1,"Questions are generally answered, though some replies are short.",[],0
2009,I think the instructor addresses most questions adequately.,3,0,0,0,0,1,0,0,0,1,I think the instructor addresses most questions adequately.,[],0
2010,The Q&A responses provide basic clarification when needed.,3,0,0,0,0,1,0,0,0,1,The Q&A responses provide basic clarification when needed.,[],0
2011,Interaction with the instructor feels neutral and informational.,3,0,0,0,0,1,0,0,0,1,Interaction with the instructor feels neutral and informational.,[],0
2012,"I received responses, though not always immediately.",3,0,0,0,0,0,0,0,0,2,"I received responses, though not always immediately.",[],0
2013,The discussion section serves its purpose for general questions.,3,0,0,0,0,0,0,0,0,2,The discussion section serves its purpose for general questions.,[],0
2014,"The instructor replies clearly, but without much elaboration.",3,0,0,0,0,0,0,0,0,2,"The instructor replies clearly, but without much elaboration.",[],0
2015,"I found the interaction acceptable, though not especially engaging 🙂.",3,0,0,0,0,1,0,0,0,2,"I found the interaction acceptable, though not especially engaging .",['🙂'],1
2016,The Q&A responses are usually concise.,3,0,0,0,0,0,0,0,0,2,The Q&A responses are usually concise.,[],0
2017,Communication with the instructor feels straightforward and neutral.,3,0,0,0,0,0,0,0,0,2,Communication with the instructor feels straightforward and neutral.,[],0
2018,Some questions receive more attention than others 😐.,3,0,0,0,0,0,1,0,0,2,Some questions receive more attention than others .,['😐'],1
2019,The interaction helps clarify issues at a basic level.,3,0,0,0,0,1,0,0,0,1,The interaction helps clarify issues at a basic level.,[],0
2020,"The instructor responds, though explanations can be brief.",3,0,0,0,0,0,0,0,0,2,"The instructor responds, though explanations can be brief.",[],0
2021,I found the Q&A section useful for simple clarifications.,3,0,0,0,0,1,0,0,0,1,I found the Q&A section useful for simple clarifications.,[],0
2022,The interaction style is neutral and direct.,3,0,0,0,0,0,0,0,0,2,The interaction style is neutral and direct.,[],0
2023,Responses address the question but may lack depth 😐.,3,0,0,0,0,0,1,0,0,2,Responses address the question but may lack depth .,['😐'],1
2024,The discussion area is functional but not very interactive.,3,0,0,0,0,0,1,0,0,2,The discussion area is functional but not very interactive.,[],0
2025,"The instructor replies when needed, without much additional context.",3,0,0,0,0,0,0,0,0,2,"The instructor replies when needed, without much additional context.",[],0
2026,I found the interaction acceptable for resolving minor doubts.,3,0,0,0,0,1,0,0,0,1,I found the interaction acceptable for resolving minor doubts.,[],0
2027,The Q&A responses feel neutral in tone.,3,0,0,0,0,0,0,0,0,2,The Q&A responses feel neutral in tone.,[],0
2028,The discussion section works as expected.,4,0,0,0,0,1,0,0,0,1,The discussion section works as expected.,[],0
2029,"Communication is present, though not always detailed 😐.",3,0,0,0,0,0,1,0,0,2,"Communication is present, though not always detailed .",['😐'],1
2030,"The instructor answers questions, but the tone remains neutral.",3,0,0,0,0,0,0,0,0,2,"The instructor answers questions, but the tone remains neutral.",[],0
2031,I found the Q&A interaction sufficient for basic support 🙂.,3,0,0,0,0,1,0,0,0,1,I found the Q&A interaction sufficient for basic support .,['🙂'],1
2032,"Responses are usually clear, even if brief.",3,0,0,0,0,0,0,0,0,2,"Responses are usually clear, even if brief.",[],0
2033,The interaction does not strongly stand out.,3,0,0,0,0,0,1,0,0,2,The interaction does not strongly stand out.,[],0
2034,The discussion section provides minimal but useful feedback 😐.,3,0,0,0,0,0,1,0,0,2,The discussion section provides minimal but useful feedback .,['😐'],1
2035,I found the interaction adequate for following the course.,3,0,0,0,0,1,0,0,0,1,I found the interaction adequate for following the course.,[],0
2036,"The instructor replies, though sometimes without much explanation.",3,0,0,0,0,0,0,0,0,2,"The instructor replies, though sometimes without much explanation.",[],0
2037,Communication feels neutral and informational.,3,0,0,0,0,0,0,0,0,2,Communication feels neutral and informational.,[],0
2038,The Q&A section works but could be more engaging 😐.,3,0,0,0,0,0,1,0,0,2,The Q&A section works but could be more engaging .,['😐'],1
2039,"Overall, the interaction is functional but not particularly memorable.",3,0,0,0,0,0,1,0,0,2,"Overall, the interaction is functional but not particularly memorable.",[],0
2040,"Some Q&A responses feel dismissive, which makes asking questions less comfortable 😕.",3,1,0,1,0,0,1,0,0,0,"Some Q&A responses feel dismissive, which makes asking questions less comfortable .",['😕'],1
2041,I found the instructor’s tone in a few replies unnecessarily harsh.,3,1,0,1,0,0,1,0,0,0,I found the instructor’s tone in a few replies unnecessarily harsh.,[],0
2042,The interaction in the discussion section sometimes feels discouraging 😞.,3,0,0,0,0,0,1,0,0,0,The interaction in the discussion section sometimes feels discouraging .,['😞'],1
2043,Some questions were answered in a way that felt abrupt and unhelpful.,3,1,0,1,0,0,1,0,0,0,Some questions were answered in a way that felt abrupt and unhelpful.,[],0
2044,I felt frustrated by the lack of empathy in certain responses.,3,1,0,1,0,0,1,0,0,0,I felt frustrated by the lack of empathy in certain responses.,[],0
2045,The instructor’s replies occasionally sound passive aggressive 😑.,3,1,0,1,0,0,1,0,0,0,The instructor’s replies occasionally sound passive aggressive .,['😑'],1
2046,I was disappointed when my question was redirected instead of addressed directly.,3,1,0,0,0,0,1,0,0,0,I was disappointed when my question was redirected instead of addressed directly.,[],0
2047,The Q&A interaction sometimes feels unsupportive 😕.,3,0,0,0,0,0,1,0,0,0,The Q&A interaction sometimes feels unsupportive .,['😕'],1
2048,Some responses come across as rude rather than encouraging.,3,1,0,1,0,0,1,0,0,0,Some responses come across as rude rather than encouraging.,[],0
2049,I felt discouraged by the tone used in certain discussion replies 😞.,3,0,0,0,0,0,1,0,0,0,I felt discouraged by the tone used in certain discussion replies .,['😞'],1
2050,The interaction style made me hesitant to ask follow-up questions.,3,0,0,0,0,0,1,0,0,0,The interaction style made me hesitant to ask follow-up questions.,[],0
2051,I found the instructor’s responses occasionally frustrating.,3,1,0,0,0,0,1,0,0,0,I found the instructor’s responses occasionally frustrating.,[],0
2052,"Some questions remain unanswered, which affects confidence in support.",3,0,0,0,0,0,1,0,0,0,"Some questions remain unanswered, which affects confidence in support.",[],0
2053,The discussion replies sometimes feel defensive.,3,1,0,1,0,0,1,0,0,0,The discussion replies sometimes feel defensive.,[],0
2054,I was disappointed by how certain concerns were handled.,3,1,0,0,0,0,1,0,0,0,I was disappointed by how certain concerns were handled.,[],0
2055,The interaction in Q&A can feel dismissive at time.,3,1,0,1,0,0,1,0,0,0,The interaction in Q&A can feel dismissive at time.,[],0
2056,Some responses lack patience and clarity.,3,1,0,0,0,0,1,0,0,0,Some responses lack patience and clarity.,[],0
2057,I felt uncomfortable with the tone used in a few replies 😞.,3,0,0,0,0,0,1,0,0,0,I felt uncomfortable with the tone used in a few replies .,['😞'],1
2058,The instructor’s attitude in certain responses feels unnecessarily aggressive 😠.,3,1,0,1,0,0,1,0,0,0,The instructor’s attitude in certain responses feels unnecessarily aggressive .,['😠'],1
2059,The lack of supportive language made the interaction less pleasant.,3,0,0,0,0,0,1,0,0,0,The lack of supportive language made the interaction less pleasant.,[],0
2060,I found the Q&A interaction inconsistent and sometimes frustrating.,3,1,0,0,0,0,1,0,0,0,I found the Q&A interaction inconsistent and sometimes frustrating.,[],0
2061,Some replies feel more critical than helpful.,3,1,0,1,0,0,1,0,0,0,Some replies feel more critical than helpful.,[],0
2062,I was disappointed by how some technical questions were handled.,0,1,0,0,0,0,1,0,0,0,I was disappointed by how some technical questions were handled.,[],0
2063,The interaction style occasionally feels discouraging.,3,0,0,0,0,0,1,0,0,0,The interaction style occasionally feels discouraging.,[],0
2064,I felt annoyed by responses that did not directly address the question 😠.,3,1,0,0,0,0,1,0,0,0,I felt annoyed by responses that did not directly address the question .,['😠'],1
2065,The discussion section sometimes lacks a supportive tone 😞.,3,0,0,0,0,0,1,0,0,0,The discussion section sometimes lacks a supportive tone .,['😞'],1
2066,"Overall, the interaction can feel discouraging despite the instructor’s presence 😕.",3,0,0,0,0,0,1,0,0,0,"Overall, the interaction can feel discouraging despite the instructor’s presence .",['😕'],1
