No,feedback,aspect,anger,anticipation,disgust,fear,joy,sadness,surprise,trust,sentiment,feed_no_emo,_emo,n_emo
1,"एक बहुत ही मजबूत पाठ्यक्रम, Azure में अपने क्लाउड कौशल को बढ़ाने के लिए अत्यधिक अनुशंसित",4,0,0,0,0,1,0,0,1,1,"एक बहुत ही मजबूत पाठ्यक्रम, Azure में अपने क्लाउड कौशल को बढ़ाने के लिए अत्यधिक अनुशंसित",[],0
2,अब तक का अनुभव शानदार रहा है,4,0,0,0,0,1,0,0,0,1,अब तक का अनुभव शानदार रहा है,[],0
3,व्याख्याएँ समझने में आसान हैं,4,0,0,0,0,1,0,0,1,1,व्याख्याएँ समझने में आसान हैं,[],0
4,बेहतरीन पाठ्यक्रम !!! बहुत अच्छी व्याख्या के साथ बहुत अच्छे उदाहरण,4,0,0,0,0,1,0,1,1,1,बेहतरीन पाठ्यक्रम !!! बहुत अच्छी व्याख्या के साथ बहुत अच्छे उदाहरण,[],0
5,इसने मेरे सभी अवधारणाओं को स्पष्ट कर दिया,4,0,0,0,0,0,0,0,1,1,इसने मेरे सभी अवधारणाओं को स्पष्ट कर दिया,[],0
6,बहुत-बहुत धन्यवाद,4,0,0,0,0,1,0,0,0,2,बहुत-बहुत धन्यवाद,[],0
7,Azure शुरू करने के लिए एकदम सही पाठ्यक्रम,4,0,0,0,0,1,0,0,1,1,Azure शुरू करने के लिए एकदम सही पाठ्यक्रम,[],0
8,"विषयवस्तु के अनुसार, सीखना आसान है",4,0,0,0,0,1,0,0,1,1,"विषयवस्तु के अनुसार, सीखना आसान है",[],0
9,धन्यवाद,4,0,0,0,0,1,0,0,0,1,धन्यवाद,[],0
10,उत्कृष्ट पाठ्यक्रम,4,0,0,0,0,1,0,0,0,1,उत्कृष्ट पाठ्यक्रम,[],0
11,सभी विषयों को लाइव डेमो के साथ विस्तार से कवर करता है,4,0,0,0,0,0,0,0,1,1,सभी विषयों को लाइव डेमो के साथ विस्तार से कवर करता है,[],0
12,अधिकांश विषयवस्तु को कवर किया गया,4,0,0,0,0,0,0,0,1,0,अधिकांश विषयवस्तु को कवर किया गया,[],0
13,Azure शुरू करने के लिए अच्छा पाठ्यक्रम,4,0,0,0,0,0,0,0,1,1,Azure शुरू करने के लिए अच्छा पाठ्यक्रम,[],0
14,"Udemy में अब तक के सबसे बेहतरीन प्रशिक्षक, प्रत्येक विषय को बहुत अच्छी तरह से समझाया गया है",4,0,0,0,0,1,0,0,1,1,"Udemy में अब तक के सबसे बेहतरीन प्रशिक्षक, प्रत्येक विषय को बहुत अच्छी तरह से समझाया गया है",[],0
15,"सामान्यतः, पाठ्यक्रम अच्छी तरह से डिजाइन किया गया था और सभी को कवर करता है",4,0,0,0,0,1,0,0,1,1,"सामान्यतः, पाठ्यक्रम अच्छी तरह से डिजाइन किया गया था और सभी को कवर करता है",[],0
16,प्रत्येक विषय पर अच्छी व्याख्या और समझने में आसान,4,0,0,0,0,1,0,0,1,1,प्रत्येक विषय पर अच्छी व्याख्या और समझने में आसान,[],0
17,"शानदार Azure अवलोकन, बिल्कुल वही जो मैं ढूंढ रहा था",4,0,0,0,0,1,0,1,0,1,"शानदार Azure अवलोकन, बिल्कुल वही जो मैं ढूंढ रहा था",[],0
18,"सामान्यतः, पाठ्यक्रम अच्छी तरह से डिजाइन किया गया था और सभी को कवर करता है",4,0,0,0,0,0,0,0,1,1,"सामान्यतः, पाठ्यक्रम अच्छी तरह से डिजाइन किया गया था और सभी को कवर करता है",[],0
19,"व्याख्याएँ अच्छी हैं, बोली समझने योग्य है",4,0,0,0,0,1,0,0,1,1,"व्याख्याएँ अच्छी हैं, बोली समझने योग्य है",[],0
20,"उत्कृष्ट प्रशिक्षक, स्पष्ट व्याख्याएँ और बहुत आसान समझने में",4,0,0,0,0,1,0,0,1,1,"उत्कृष्ट प्रशिक्षक, स्पष्ट व्याख्याएँ और बहुत आसान समझने में",[],0
21,बहुत अच्छा और जटिलता वाला पाठ्यक्रम,4,0,0,0,0,1,0,0,1,1,बहुत अच्छा और जटिलता वाला पाठ्यक्रम,[],0
22,अच्छा,4,0,0,0,0,1,0,0,0,1,अच्छा,[],0
23,यह पाठ्यक्रम बेहतरीन जानकारी प्रदान कर रहा है और बहुत अच्छा प्रैक्टिकल अनुभव भी,4,0,0,0,0,1,0,0,1,1,यह पाठ्यक्रम बेहतरीन जानकारी प्रदान कर रहा है और बहुत अच्छा प्रैक्टिकल अनुभव भी,[],0
24,बहुत अच्छा और विस्तारपूर्ण पाठ्यक्रम हाथों के उदाहरणों के साथ,4,0,0,0,0,1,0,0,1,1,बहुत अच्छा और विस्तारपूर्ण पाठ्यक्रम हाथों के उदाहरणों के साथ,[],0
25,बेहतरीन प्रशिक्षण पाठ्यक्रम,4,0,0,0,0,1,0,0,1,1,बेहतरीन प्रशिक्षण पाठ्यक्रम,[],0
26,जबरदस्त Azure पाठ्यक्रम,4,0,0,0,0,1,0,0,0,1,जबरदस्त Azure पाठ्यक्रम,[],0
27,यह पाठ्यक्रम शानदार है,4,0,0,0,0,1,0,0,0,1,यह पाठ्यक्रम शानदार है,[],0
28,यह एक व्यावहारिक कदम-दर-कदम तरीका है जिसमें कुछ सिद्धांत भी शामिल हैं — जो मैं चाहता था वही,4,0,1,0,0,1,0,0,1,1,यह एक व्यावहारिक कदम-दर-कदम तरीका है जिसमें कुछ सिद्धांत भी शामिल हैं — जो मैं चाहता था वही,[],0
29,"अवधारणाओं को समझना वास्तव में आसान है, और मुझे यह बहुत पसंद आया",4,0,0,0,0,1,0,0,1,1,"अवधारणाओं को समझना वास्तव में आसान है, और मुझे यह बहुत पसंद आया",[],0
30,कठिन विषयों की वास्तव में अच्छी और विस्तृत व्याख्या,4,0,0,0,0,1,0,0,1,1,कठिन विषयों की वास्तव में अच्छी और विस्तृत व्याख्या,[],0
31,"हाँ, यह अच्छा है",4,0,0,0,0,1,0,0,0,1,"हाँ, यह अच्छा है",[],0
32,"बहुत अच्छे सर, बहुत अच्छा समझाया स्टेप बाय स्टेप",4,0,0,0,0,1,0,0,1,1,"बहुत अच्छे सर, बहुत अच्छा समझाया स्टेप बाय स्टेप",[],0
33,मैं एक शब्द भी नहीं समझ पा रहा हूँ जो वह कह रहे हैं,2,0,0,0,1,0,0,0,0,0,मैं एक शब्द भी नहीं समझ पा रहा हूँ जो वह कह रहे हैं,[],0
34,"सर, मेरा वर्चुअलबॉक्स 64-बिट है लेकिन यह 32-बिट दिखा रहा है, कृपया मदद करें कि वर्चुअलबॉक्स कैसे उपयोग करें",0,0,1,0,0,0,0,0,1,1,"सर, मेरा वर्चुअलबॉक्स 64-बिट है लेकिन यह 32-बिट दिखा रहा है, कृपया मदद करें कि वर्चुअलबॉक्स कैसे उपयोग करें",[],0
35,"इस कोर्स में बहुत कुछ सीखने को है, बहुत अच्छा कोर्स खरीदा, मैं इसे खरीदकर संतुष्ट हूँ",4,0,0,0,0,1,0,0,1,1,"इस कोर्स में बहुत कुछ सीखने को है, बहुत अच्छा कोर्स खरीदा, मैं इसे खरीदकर संतुष्ट हूँ",[],0
36,"मुझे वास्तव में आनंद आया और मैंने नई-नई चीजें सीखी, यह कोर्स इसके लायक है",4,0,0,0,0,1,0,0,0,1,"मुझे वास्तव में आनंद आया और मैंने नई-नई चीजें सीखी, यह कोर्स इसके लायक है",[],0
37,"कोर्स उत्कृष्ट है, मुझे वही कोर्स मिला जिसकी मुझे उम्मीद थी",4,0,0,0,0,1,0,0,1,1,"कोर्स उत्कृष्ट है, मुझे वही कोर्स मिला जिसकी मुझे उम्मीद थी",[],0
38,अच्छी व्याख्या,4,0,0,0,0,1,0,0,1,1,अच्छी व्याख्या,[],0
39,"वीडियो 10mbps पर बफर कर रहा है, कृपया इसे ठीक करें",0,0,1,1,0,0,0,0,0,2,"वीडियो 10mbps पर बफर कर रहा है, कृपया इसे ठीक करें",[],0
40,वे हमें समझाने के लिए अपनी पूरी क्षमता का उपयोग करते हैं,4,0,0,0,0,0,0,0,1,1,वे हमें समझाने के लिए अपनी पूरी क्षमता का उपयोग करते हैं,[],0
41,बहुत-बहुत धन्यवाद,4,0,0,0,0,1,0,0,0,2,बहुत-बहुत धन्यवाद,[],0
42,अच्छा,4,0,0,0,0,1,0,0,0,1,अच्छा,[],0
43,बहुत अच्छा परिचय सर जी,4,0,0,0,0,1,0,0,0,1,बहुत अच्छा परिचय सर जी,[],0
44,अच्छा वीडियो,4,0,0,0,0,1,0,0,0,2,अच्छा वीडियो,[],0
45,अच्छा कोर्स,4,0,0,0,0,1,0,0,0,1,अच्छा कोर्स,[],0
46,शानदार,4,0,0,0,0,1,0,0,0,1,शानदार,[],0
47,बुनियादी ज्ञान के लिए अच्छा,4,0,0,0,0,1,0,0,0,1,बुनियादी ज्ञान के लिए अच्छा,[],0
48,ट्यूटर का सपोर्ट अच्छा नहीं है,4,1,0,1,0,0,0,0,0,0,ट्यूटर का सपोर्ट अच्छा नहीं है,[],0
49,शुभकामनाएं,4,0,1,0,0,0,0,0,1,1,शुभकामनाएं,[],0
50,अच्छा,4,0,0,0,0,1,0,0,0,1,अच्छा,[],0
51,एथिकल हैकिंग के शुरुआती लोगों के लिए अच्छा है,4,0,0,0,0,1,0,0,1,1,एथिकल हैकिंग के शुरुआती लोगों के लिए अच्छा है,[],0
52,यह शुरुआती लोगों के लिए सहायक कोर्स है,4,0,0,0,0,1,0,0,1,1,यह शुरुआती लोगों के लिए सहायक कोर्स है,[],0
53,हाँ,4,0,0,0,0,1,0,0,0,2,हाँ,[],0
54,"पिछली बार आपने कहा था कि 13 दिनों का पूरा कोर्स मिलेगा, लेकिन अधिकांश वीडियो उपलब्ध नहीं हैं",0,1,0,1,0,0,1,0,0,0,"पिछली बार आपने कहा था कि 13 दिनों का पूरा कोर्स मिलेगा, लेकिन अधिकांश वीडियो उपलब्ध नहीं हैं",[],0
55,पूरी तरह से पैसे और कीमती समय की बर्बादी,2,1,0,1,0,0,1,0,0,0,पूरी तरह से पैसे और कीमती समय की बर्बादी,[],0
56,किसी भी चीज़ को विस्तार से नहीं समझाया गया है,2,0,0,1,0,0,0,0,0,0,किसी भी चीज़ को विस्तार से नहीं समझाया गया है,[],0
57,अगर आप कहीं अटक जाएं तो इंस्ट्रक्टर से कभी जवाब नहीं मिलेगा,3,1,0,0,1,0,0,0,0,0,अगर आप कहीं अटक जाएं तो इंस्ट्रक्टर से कभी जवाब नहीं मिलेगा,[],0
58,"केवल 5 से 10 प्रतिशत सामग्री उपयोगी थी, बाकी सब सिरदर्द था",2,1,0,1,0,0,1,0,0,1,"केवल 5 से 10 प्रतिशत सामग्री उपयोगी थी, बाकी सब सिरदर्द था",[],0
59,"दृढ़ता से अनुशंसा करता हूँ कि इस कोर्स को न लें, कोई और कोर्स चुनें!!!",2,1,0,1,1,0,1,0,0,1,"दृढ़ता से अनुशंसा करता हूँ कि इस कोर्स को न लें, कोई और कोर्स चुनें!!!",[],0
60,माउस पॉइंटर बहुत भ्रमित करने वाला है,0,0,0,1,0,0,0,0,0,1,माउस पॉइंटर बहुत भ्रमित करने वाला है,[],0
61,पैसे की बर्बादी,2,1,0,1,0,0,1,0,0,0,पैसे की बर्बादी,[],0
62,सबसे खराब कोर्स,2,1,0,1,0,0,1,0,0,0,सबसे खराब कोर्स,[],0
63,"अच्छा नहीं है, घटिया",2,1,0,1,0,0,0,0,0,2,"अच्छा नहीं है, घटिया",[],0
64,आप काली और अन्य चीजों के बारे में विस्तार से नहीं बताते,1,0,0,1,0,0,0,0,0,0,आप काली और अन्य चीजों के बारे में विस्तार से नहीं बताते,[],0
65,अच्छा 👍,4,0,0,0,0,1,0,0,0,1,अच्छा,['👍'],1
66,"सर, आप बहुत तेज बोलते हैं",1,0,0,0,1,0,0,1,0,1,"सर, आप बहुत तेज बोलते हैं",[],0
67,कोर्स की सामग्री पर्याप्त नहीं है,2,0,0,1,0,0,0,0,0,0,कोर्स की सामग्री पर्याप्त नहीं है,[],0
68,मैं उन चीज़ों पर परीक्षण लिए जाने से सहमत नहीं हूँ जो सामग्री में सीधे शामिल ही नहीं थीं,2,1,0,1,0,0,0,0,0,0,मैं उन चीज़ों पर परीक्षण लिए जाने से सहमत नहीं हूँ जो सामग्री में सीधे शामिल ही नहीं थीं,[],0
69,"उदाहरण के लिए, इन रिव्यू परीक्षाओं में ऐसे संक्षिप्त शब्द (acronyms) थे जो मूल अध्ययन सामग्री में बिल्कुल नहीं मिले",2,0,0,1,0,0,1,0,0,0,"उदाहरण के लिए, इन रिव्यू परीक्षाओं में ऐसे संक्षिप्त शब्द (acronyms) थे जो मूल अध्ययन सामग्री में बिल्कुल नहीं मिले",[],0
70,"मैंने पूरे मूल सामग्री में शब्द खोज की, सभी संबंधित वीडियो देखे लेकिन कुछ नहीं मिला, फिर मुझे अलग से गूगल करना पड़ा",2,0,0,0,0,0,1,0,0,0,"मैंने पूरे मूल सामग्री में शब्द खोज की, सभी संबंधित वीडियो देखे लेकिन कुछ नहीं मिला, फिर मुझे अलग से गूगल करना पड़ा",[],0
71,"अध्ययन के लिए बाहर से जानकारी लेना गलत नहीं है, लेकिन अगर प्रोफेसर जानबूझकर टेस्ट में ऐसी चीजें डालते हैं जो कभी सामग्री में नहीं थीं, तो बेहतर है कि उन्हें शुरुआत से ही सामग्री में शामिल किया जाए",2,0,0,1,0,0,1,0,0,0,"अध्ययन के लिए बाहर से जानकारी लेना गलत नहीं है, लेकिन अगर प्रोफेसर जानबूझकर टेस्ट में ऐसी चीजें डालते हैं जो कभी सामग्री में नहीं थीं, तो बेहतर है कि उन्हें शुरुआत से ही सामग्री में शामिल किया जाए",[],0
72,यह छात्रों के लिए भ्रामक और परेशान करने वाला है जो घंटों पढ़ाई करते हैं और फिर टेस्ट में कुछ नया देखकर सवाल गलत कर बैठते हैं,2,1,0,1,0,0,1,0,0,0,यह छात्रों के लिए भ्रामक और परेशान करने वाला है जो घंटों पढ़ाई करते हैं और फिर टेस्ट में कुछ नया देखकर सवाल गलत कर बैठते हैं,[],0
73,"अगर वो चीज़ टेस्ट में है, तो उसे स्टडी मटेरियल में ज़रूर होना चाहिए",2,1,0,0,0,0,0,0,0,1,"अगर वो चीज़ टेस्ट में है, तो उसे स्टडी मटेरियल में ज़रूर होना चाहिए",[],0
74,"""मैंने हर डिओन परीक्षा में 90%+ स्कोर किया, फिर भी असली परीक्षा के लिए बिल्कुल भी तैयार महसूस नहीं हुआ",2,0,0,0,1,0,1,0,0,2,"""मैंने हर डिओन परीक्षा में 90%+ स्कोर किया, फिर भी असली परीक्षा के लिए बिल्कुल भी तैयार महसूस नहीं हुआ",[],0
75,मैंने दो महीने तक इस कोर्स से पढ़ाई की और सभी प्रैक्टिस परीक्षाएं दीं,2,0,0,0,0,0,0,0,1,1,मैंने दो महीने तक इस कोर्स से पढ़ाई की और सभी प्रैक्टिस परीक्षाएं दीं,[],0
76,"लेकिन असली N10-009 परीक्षा में प्रश्नों की शैली, परिदृश्य और फोकस क्षेत्र बिलकुल अलग थे",2,0,0,0,1,0,1,1,0,1,"लेकिन असली N10-009 परीक्षा में प्रश्नों की शैली, परिदृश्य और फोकस क्षेत्र बिलकुल अलग थे",[],0
77,"ऐसा लग रहा था जैसे असली परीक्षा मेरी सोचने और अनुकूलन करने की क्षमता को परख रही हो, जबकि यह कोर्स सिर्फ रटने की ट्रेनिंग देता है",2,1,0,1,1,0,0,0,0,0,"ऐसा लग रहा था जैसे असली परीक्षा मेरी सोचने और अनुकूलन करने की क्षमता को परख रही हो, जबकि यह कोर्स सिर्फ रटने की ट्रेनिंग देता है",[],0
78,नतीजा: इस कोर्स ने मुझे झूठा आत्मविश्वास दिया और शायद इसी वजह से मैं परीक्षा में असफल रहा,2,0,0,1,1,0,1,0,0,0,नतीजा: इस कोर्स ने मुझे झूठा आत्मविश्वास दिया और शायद इसी वजह से मैं परीक्षा में असफल रहा,[],0
79,मैं इसे N10-009 के लिए एकमात्र तैयारी के रूप में बिलकुल भी अनुशंसित नहीं करूंगा,2,1,0,1,0,0,0,0,0,0,मैं इसे N10-009 के लिए एकमात्र तैयारी के रूप में बिलकुल भी अनुशंसित नहीं करूंगा,[],0
80,इसे मौजूदा CompTIA परीक्षा के अनुरूप अपडेट करने की सख्त जरूरत है,2,0,1,1,0,0,0,0,0,1,इसे मौजूदा CompTIA परीक्षा के अनुरूप अपडेट करने की सख्त जरूरत है,[],0
81,"सौभाग्य से, ऑनलाइन परीक्षा में सामान्य तकनीकी समस्याएं भी थीं, जिससे मुझे एक मुफ्त दोबारा मौका मिलेगा",0,0,0,0,0,1,0,0,0,1,"सौभाग्य से, ऑनलाइन परीक्षा में सामान्य तकनीकी समस्याएं भी थीं, जिससे मुझे एक मुफ्त दोबारा मौका मिलेगा",[],0
82,"लेकिन अब मुझे एक असली कोर्स की ज़रूरत है!""",2,0,1,1,0,0,1,0,0,2,"लेकिन अब मुझे एक असली कोर्स की ज़रूरत है!""",[],0
83,"मैं कभी भी Dion का प्रशिक्षण सिफारिश नहीं करूंगा, भले ही मुझे यह कोर्स बहुत छूट में मिला हो",2,1,0,1,0,0,0,0,0,0,"मैं कभी भी Dion का प्रशिक्षण सिफारिश नहीं करूंगा, भले ही मुझे यह कोर्स बहुत छूट में मिला हो",[],0
84,मुझे नहीं लगता कि मुझे इसके पैसे का मूल्य मिला और मैंने इसमें अनगिनत घंटे बर्बाद किए,2,0,0,1,0,0,1,0,0,0,मुझे नहीं लगता कि मुझे इसके पैसे का मूल्य मिला और मैंने इसमें अनगिनत घंटे बर्बाद किए,[],0
85,यह प्रमाणन परीक्षा की तैयारी के लिए पर्याप्त विस्तार से नहीं समझाता,2,0,0,1,0,0,1,0,0,0,यह प्रमाणन परीक्षा की तैयारी के लिए पर्याप्त विस्तार से नहीं समझाता,[],0
86,खरीदें नहीं,2,1,0,1,0,0,0,0,0,0,खरीदें नहीं,[],0
87,पूरा कोर्स केवल स्लाइड शो से पढ़ा जा रहा है,1,0,0,1,0,0,0,0,0,2,पूरा कोर्स केवल स्लाइड शो से पढ़ा जा रहा है,[],0
88,यह बेहद उबाऊ है और सब कुछ बहुत जल्दी-जल्दी किया गया है,1,0,0,1,0,0,1,0,0,2,यह बेहद उबाऊ है और सब कुछ बहुत जल्दी-जल्दी किया गया है,[],0
89,मैं OSI वाले भाग तक ही पहुंचा और फिर किसी दूसरे कोर्स को लेने का फैसला किया क्योंकि यह असहनीय था,2,0,0,1,0,0,1,0,0,0,मैं OSI वाले भाग तक ही पहुंचा और फिर किसी दूसरे कोर्स को लेने का फैसला किया क्योंकि यह असहनीय था,[],0
90,"0 स्टार — अपना समय बचाएं और कुछ और लें, समझ नहीं आता ये टॉप सेलर क्यों है, यह इस प्लेटफॉर्म पर सबसे अधिक बढ़ा-चढ़ा कर दिखाया गया कोर्स लगता है",2,1,0,1,0,0,0,0,0,2,"0 स्टार — अपना समय बचाएं और कुछ और लें, समझ नहीं आता ये टॉप सेलर क्यों है, यह इस प्लेटफॉर्म पर सबसे अधिक बढ़ा-चढ़ा कर दिखाया गया कोर्स लगता है",[],0
91,"यह केवल लेक्चर है, कोई प्रैक्टिकल नहीं है",2,0,0,1,0,0,0,0,0,2,"यह केवल लेक्चर है, कोई प्रैक्टिकल नहीं है",[],0
92,सिफारिश नहीं करूंगा,2,0,0,1,0,0,0,0,0,2,सिफारिश नहीं करूंगा,[],0
93,यह कोर्स मूलतः एक पावर-पॉइंट प्रेजेंटेशन है जिसमें केवल परिभाषाएं पढ़ी जा रही हैं और कोई चित्र या डायग्राम नहीं है,1,0,0,1,0,0,0,0,0,0,यह कोर्स मूलतः एक पावर-पॉइंट प्रेजेंटेशन है जिसमें केवल परिभाषाएं पढ़ी जा रही हैं और कोई चित्र या डायग्राम नहीं है,[],0
94,दूसरे कोर्स बेहतर हैं,2,1,0,1,0,0,0,0,0,1,दूसरे कोर्स बेहतर हैं,[],0
95,बहुत उबाऊ,1,0,0,1,0,0,0,0,0,2,बहुत उबाऊ,[],0
96,33 घंटे का एक पावरपॉइंट प्रेजेंटेशन,1,0,0,1,0,0,1,0,0,2,33 घंटे का एक पावरपॉइंट प्रेजेंटेशन,[],0
97,अब मुझे प्रोफेसर मेसर की प्रस्तुति की सराहना हो रही है,1,0,0,0,0,1,0,0,1,1,अब मुझे प्रोफेसर मेसर की प्रस्तुति की सराहना हो रही है,[],0
98,"अत्यंत उबाऊ कक्षा, जिसे समझना मुश्किल है, बस एक महिमामंडित पावरपॉइंट",1,0,0,1,0,0,1,0,0,0,"अत्यंत उबाऊ कक्षा, जिसे समझना मुश्किल है, बस एक महिमामंडित पावरपॉइंट",[],0
99,विषयों की व्याख्या नहीं की जा रही और आवाज की गुणवत्ता भी तेज़ और कई बार अस्पष्ट है,1,0,0,1,0,0,0,0,0,0,विषयों की व्याख्या नहीं की जा रही और आवाज की गुणवत्ता भी तेज़ और कई बार अस्पष्ट है,[],0
100,मेरे सीखने के बीच में सर्वेक्षणों से बाधा डालना बंद करें,0,1,0,1,0,0,0,0,0,0,मेरे सीखने के बीच में सर्वेक्षणों से बाधा डालना बंद करें,[],0
101,"बहुत खराब — केवल लेक्चर, कोई हाथों-हाथ प्रयोग नहीं",1,1,0,1,0,0,0,0,0,0,"बहुत खराब — केवल लेक्चर, कोई हाथों-हाथ प्रयोग नहीं",[],0
102,अच्छी तरह से समझाया नहीं गया है और संसाधनों को महत्वपूर्ण नहीं माना गया है,0,0,0,1,0,0,0,0,0,0,अच्छी तरह से समझाया नहीं गया है और संसाधनों को महत्वपूर्ण नहीं माना गया है,[],0
103,"दावा किया गया कि ""पुराने और नए वर्जन के संसाधन अलग नहीं हैं"", लेकिन कम से कम नाम तो बदल सकते थे",0,0,0,1,0,0,0,0,0,0,"दावा किया गया कि ""पुराने और नए वर्जन के संसाधन अलग नहीं हैं"", लेकिन कम से कम नाम तो बदल सकते थे",[],0
104,मैंने यह कोर्स CompTIA द्वारा निर्दिष्ट पाठ्यक्रम जल्दी सीखने के लिए लिया था — लेकिन यह वैसा नहीं है!!,2,1,0,1,0,0,0,0,0,2,मैंने यह कोर्स CompTIA द्वारा निर्दिष्ट पाठ्यक्रम जल्दी सीखने के लिए लिया था — लेकिन यह वैसा नहीं है!!,[],0
105,"यह पूरा कोर्स था, लेकिन अचानक सभी सामग्री हटा दी गई और मुझे कम से कम 13 मॉड्यूल छोड़ने पड़े",2,1,0,1,0,0,0,0,0,2,"यह पूरा कोर्स था, लेकिन अचानक सभी सामग्री हटा दी गई और मुझे कम से कम 13 मॉड्यूल छोड़ने पड़े",[],0
106,यह धोखाधड़ी जैसा लगा,2,1,0,1,0,0,0,0,0,0,यह धोखाधड़ी जैसा लगा,[],0
107,मैंने पूरा कोर्स खरीदा था,2,0,0,1,0,0,0,0,0,1,मैंने पूरा कोर्स खरीदा था,[],0
108,यह आधिकारिक है — मैंने असली CompTIA अभ्यास परीक्षा दी और Dion का कोर्स + अभ्यास परीक्षाएं असली परीक्षा के लिए प्रभावी रूप से तैयारी नहीं कर सकीं,2,0,0,1,0,0,1,0,0,0,यह आधिकारिक है — मैंने असली CompTIA अभ्यास परीक्षा दी और Dion का कोर्स + अभ्यास परीक्षाएं असली परीक्षा के लिए प्रभावी रूप से तैयारी नहीं कर सकीं,[],0
109,मैं इस तरह के अनौपचारिक संसाधनों से दूर रहने की सलाह दूंगा,2,1,0,1,0,0,0,0,0,1,मैं इस तरह के अनौपचारिक संसाधनों से दूर रहने की सलाह दूंगा,[],0
110,नकारात्मक समीक्षाएं सही हैं,2,0,1,0,0,0,0,0,0,1,नकारात्मक समीक्षाएं सही हैं,[],0
111,मुझे नहीं समझ आता यह ट्यूटर इतना लोकप्रिय क्यों है,0,0,0,1,0,0,0,0,0,2,मुझे नहीं समझ आता यह ट्यूटर इतना लोकप्रिय क्यों है,[],0
112,बहुत ही खराब डिजाइन किया गया कोर्स,2,1,0,1,0,0,0,0,0,0,बहुत ही खराब डिजाइन किया गया कोर्स,[],0
113,आप टेक्स्ट-टू-स्पीच टूल का उपयोग भी कर सकते हैं,2,0,1,0,0,0,0,0,0,1,आप टेक्स्ट-टू-स्पीच टूल का उपयोग भी कर सकते हैं,[],0
114,रिफंड पॉलिसी बहुत खराब है,0,1,0,1,0,0,0,0,0,0,रिफंड पॉलिसी बहुत खराब है,[],0
115,संक्षिप्त नहीं है — अनावश्यक जानकारी है जो परीक्षा पास करने के लिए जरूरी नहीं है,1,0,0,1,0,0,1,0,0,0,संक्षिप्त नहीं है — अनावश्यक जानकारी है जो परीक्षा पास करने के लिए जरूरी नहीं है,[],0
116,समय बर्बाद करता है,2,0,0,1,0,0,1,0,0,0,समय बर्बाद करता है,[],0
117,"कोई शक नहीं कि प्रशिक्षक जानकार हैं, लेकिन व्याख्या और विशेष रूप से स्लाइड्स बहुत ही घटिया हैं",1,0,0,1,0,0,0,0,0,0,"कोई शक नहीं कि प्रशिक्षक जानकार हैं, लेकिन व्याख्या और विशेष रूप से स्लाइड्स बहुत ही घटिया हैं",[],0
118,यहां कई नकली 5* समीक्षाएं हैं ऐसा मुझे सच में लगता है,0,1,0,1,0,0,0,0,0,0,यहां कई नकली 5* समीक्षाएं हैं ऐसा मुझे सच में लगता है,[],0
119,"मैंने इस कोर्स के बारे में बहुत कुछ अच्छा सुना था इसलिए इसे लिया, लेकिन पढ़ाने की शैली बहुत ही शब्दाडंबरपूर्ण है और स्लाइड्स पर्याप्त जानकारी नहीं देतीं",1,0,0,1,0,0,0,0,0,0,"मैंने इस कोर्स के बारे में बहुत कुछ अच्छा सुना था इसलिए इसे लिया, लेकिन पढ़ाने की शैली बहुत ही शब्दाडंबरपूर्ण है और स्लाइड्स पर्याप्त जानकारी नहीं देतीं",[],0
120,ज्यादातर स्लाइड्स सिर्फ स्टॉक इमेज से भरी होती हैं,1,0,0,1,0,0,0,0,0,0,ज्यादातर स्लाइड्स सिर्फ स्टॉक इमेज से भरी होती हैं,[],0
121,मैं सोचता हूं मैंने एक महीना व्यर्थ कर दिया,2,0,0,0,0,0,1,0,0,1,मैं सोचता हूं मैंने एक महीना व्यर्थ कर दिया,[],0
122,"यह स्टाइल शायद मेरे लिए काम नहीं कर रही, लेकिन बेहतर विज़ुअल्स और सीनारियो आधारित सीख जरूरी है",2,0,0,1,0,1,0,0,0,1,"यह स्टाइल शायद मेरे लिए काम नहीं कर रही, लेकिन बेहतर विज़ुअल्स और सीनारियो आधारित सीख जरूरी है",[],0
123,मैंने बड़ी कठिनाई से सेक्शन 13 तक कोर्स फॉलो किया,2,0,1,0,0,0,0,0,0,1,मैंने बड़ी कठिनाई से सेक्शन 13 तक कोर्स फॉलो किया,[],0
124,बहुत कम विज़ुअल सामग्री है,0,0,0,1,0,0,1,0,0,0,बहुत कम विज़ुअल सामग्री है,[],0
125,प्रशिक्षक बहुत तेजी से पढ़ते हैं और स्पष्ट नहीं है,1,0,0,1,0,0,0,0,0,1,प्रशिक्षक बहुत तेजी से पढ़ते हैं और स्पष्ट नहीं है,[],0
126,इसलिए सेक्शन 13 के बाद मैंने कोर्स छोड़ दिया,2,0,0,0,0,0,1,0,0,1,इसलिए सेक्शन 13 के बाद मैंने कोर्स छोड़ दिया,[],0
127,मैंने इस व्यक्ति से दो और कोर्स लिए हैं और लगता है वे भी ऐसे ही होंगे,2,0,0,1,0,0,0,0,0,0,मैंने इस व्यक्ति से दो और कोर्स लिए हैं और लगता है वे भी ऐसे ही होंगे,[],0
128,एकदम अनिद्रा का परफेक्ट नुस्खा,1,0,0,1,0,0,0,0,0,2,एकदम अनिद्रा का परफेक्ट नुस्खा,[],0
129,"ढेर सारे स्टेटिक टेक्स्ट, बकबक और तकनीकी शब्दों की भरमार = नींद",1,0,0,1,0,0,1,0,0,2,"ढेर सारे स्टेटिक टेक्स्ट, बकबक और तकनीकी शब्दों की भरमार = नींद",[],0
130,मैं पास हुआ या नहीं — उसी पर अपनी राय तय करूंगा,2,0,1,0,0,0,0,0,0,1,मैं पास हुआ या नहीं — उसी पर अपनी राय तय करूंगा,[],0
131,यह कोर्स अत्यधिक जोर देकर पढ़ाया गया,1,0,0,1,0,0,0,0,0,1,यह कोर्स अत्यधिक जोर देकर पढ़ाया गया,[],0
132,"वीडियो में स्पष्ट पॉइंट्स नहीं होने की वजह से समझना कठिन था, प्रशिक्षक की तेज़ और अस्पष्ट स्पीच ने और निराश किया",0,0,0,1,0,0,0,0,0,2,"वीडियो में स्पष्ट पॉइंट्स नहीं होने की वजह से समझना कठिन था, प्रशिक्षक की तेज़ और अस्पष्ट स्पीच ने और निराश किया",[],0
133,पैसा और समय दोनों की बर्बादी लगी,2,1,0,0,0,0,1,0,0,0,पैसा और समय दोनों की बर्बादी लगी,[],0
134,कई बार मैंने यूट्यूब से कांसेप्ट क्लियर किया,2,0,1,0,0,0,0,0,0,1,कई बार मैंने यूट्यूब से कांसेप्ट क्लियर किया,[],0
135,आपको केवल परीक्षा से संबंधित चीजों के बारे में ही बात करनी चाहिए,2,1,0,0,0,0,0,0,0,1,आपको केवल परीक्षा से संबंधित चीजों के बारे में ही बात करनी चाहिए,[],0
136,"जब हम जानकारी नोट करते हैं और फिर आप कहते हैं कि यह परीक्षा में नहीं है, तो यह हमें गुस्सा दिलाता है",2,1,0,0,0,0,0,0,0,0,"जब हम जानकारी नोट करते हैं और फिर आप कहते हैं कि यह परीक्षा में नहीं है, तो यह हमें गुस्सा दिलाता है",[],0
137,"DNS पाठ बहुत खराब है, जिसमें Cisco Tracer सिमुलेशन और ARP, राउटिंग, और DNS के काम को बहुत गलत तरीके से समझाया गया है",1,1,0,1,0,0,0,0,0,0,"DNS पाठ बहुत खराब है, जिसमें Cisco Tracer सिमुलेशन और ARP, राउटिंग, और DNS के काम को बहुत गलत तरीके से समझाया गया है",[],0
138,मैं इतनी गलत व्याख्या देखकर हैरान हूँ,1,1,0,0,0,0,0,1,0,0,मैं इतनी गलत व्याख्या देखकर हैरान हूँ,[],0
139,आपके प्रोफेसर बहुत तेज बोलते हैं और मैं संतुष्ट नहीं हूँ,1,0,0,1,0,0,0,0,0,1,आपके प्रोफेसर बहुत तेज बोलते हैं और मैं संतुष्ट नहीं हूँ,[],0
140,आपकी रिफंड नीति भी बहुत खराब है,0,1,0,1,0,0,0,0,0,0,आपकी रिफंड नीति भी बहुत खराब है,[],0
141,मैं अब और कुछ नहीं खरीदूँगा,0,1,0,0,0,0,0,0,0,0,मैं अब और कुछ नहीं खरीदूँगा,[],0
142,मेरी सारी प्रगति पूरी तरह से मिटा दी गई है,2,0,0,0,0,0,1,0,0,1,मेरी सारी प्रगति पूरी तरह से मिटा दी गई है,[],0
143,वीडियो बहुत लंबा है,0,0,0,1,0,0,1,0,0,2,वीडियो बहुत लंबा है,[],0
144,सामग्री को संक्षेप में और बेहतर नोट्स के साथ प्रस्तुत किया जाना चाहिए,2,0,1,0,0,0,0,0,0,1,सामग्री को संक्षेप में और बेहतर नोट्स के साथ प्रस्तुत किया जाना चाहिए,[],0
145,कृपया तुर्की सबटाइटल जोड़ें,0,0,1,0,0,0,0,0,0,1,कृपया तुर्की सबटाइटल जोड़ें,[],0
146,STP प्रोटोकॉल को अच्छे से नहीं समझाया गया है,1,0,0,1,0,0,0,0,0,0,STP प्रोटोकॉल को अच्छे से नहीं समझाया गया है,[],0
147,"वह विषयों को विस्तार से नहीं समझा रहे हैं, मैंने पहली बार क्विज़ में 0 स्कोर किया",1,0,0,1,0,0,0,0,0,0,"वह विषयों को विस्तार से नहीं समझा रहे हैं, मैंने पहली बार क्विज़ में 0 स्कोर किया",[],0
148,वह अप्रासंगिक जानकारी साझा कर रहे हैं,1,0,0,1,0,0,0,0,0,0,वह अप्रासंगिक जानकारी साझा कर रहे हैं,[],0
149,मुझे कीवर्ड्स को यूट्यूब पर खुद खोजना पड़ा,0,0,0,0,0,0,1,0,0,0,मुझे कीवर्ड्स को यूट्यूब पर खुद खोजना पड़ा,[],0
150,"वीडियो कई पाठों में कई बार ""हैंग"" हो जाता है",0,0,0,1,0,0,0,0,0,2,"वीडियो कई पाठों में कई बार ""हैंग"" हो जाता है",[],0
151,"कभी-कभी मैं इसे ""रीवाइंड"" कर सकता हूँ लेकिन यह हमेशा एक ही स्थान पर रुकता है",0,0,0,0,1,0,0,0,0,0,"कभी-कभी मैं इसे ""रीवाइंड"" कर सकता हूँ लेकिन यह हमेशा एक ही स्थान पर रुकता है",[],0
152,"अधिकांश समय मैं पाठ के किसी भी शेष भाग की ओर ""जंप"" नहीं कर सकता",0,0,0,1,0,0,0,0,0,0,"अधिकांश समय मैं पाठ के किसी भी शेष भाग की ओर ""जंप"" नहीं कर सकता",[],0
153,"अगर मैं पिछले पाठ पर वापस जाकर वर्तमान पाठ को फिर से शुरू करता हूँ, तो यह अभी भी उसी स्थान पर ""हैंग"" होता है, लेकिन यह शायद (शायद) मुझे आगे बढ़ने की अनुमति देता है",0,0,0,1,0,0,1,0,0,0,"अगर मैं पिछले पाठ पर वापस जाकर वर्तमान पाठ को फिर से शुरू करता हूँ, तो यह अभी भी उसी स्थान पर ""हैंग"" होता है, लेकिन यह शायद (शायद) मुझे आगे बढ़ने की अनुमति देता है",[],0
154,बहुत ज्यादा बात की जा रही है,1,0,0,1,0,0,0,0,0,0,बहुत ज्यादा बात की जा रही है,[],0
155,विवरणों में डूब गया,1,0,0,0,0,0,1,0,0,2,विवरणों में डूब गया,[],0
156,"बहुत तेज गति, कोई विस्तार से समझाया नहीं गया, बस कोर्स को जल्दबाज़ी में पूरा कर रहे हैं",1,1,0,0,0,0,1,0,0,1,"बहुत तेज गति, कोई विस्तार से समझाया नहीं गया, बस कोर्स को जल्दबाज़ी में पूरा कर रहे हैं",[],0
157,कोर्स केवल मोबाइल पर ही देखा जा सकता है,0,0,0,1,0,0,0,0,0,2,कोर्स केवल मोबाइल पर ही देखा जा सकता है,[],0
158,कई ब्राउज़र आज़माए लेकिन वीडियो नहीं चल रहा और अजीब ध्वनियाँ आ रही हैं,0,1,0,0,0,0,0,0,0,0,कई ब्राउज़र आज़माए लेकिन वीडियो नहीं चल रहा और अजीब ध्वनियाँ आ रही हैं,[],0
159,भयानक कोर्स - दूर रहें,0,1,0,1,0,0,0,0,0,0,भयानक कोर्स - दूर रहें,[],0
160,बहुत सारे शब्द हैं लेकिन बहुत कम संदर्भ या ग्राफिक्स,1,0,0,1,0,0,0,0,0,0,बहुत सारे शब्द हैं लेकिन बहुत कम संदर्भ या ग्राफिक्स,[],0
161,यह अब तक का सबसे भ्रमित करने वाला लेक्चर है जिससे मैं गुज़रा हूँ,1,0,0,1,0,0,0,0,0,1,यह अब तक का सबसे भ्रमित करने वाला लेक्चर है जिससे मैं गुज़रा हूँ,[],0
162,बहुत सामान्य है लेकिन बहुत तेज़ी से जाता है और महत्वपूर्ण शब्दावली पर ज़ोर नहीं देता,1,1,0,1,0,0,0,0,0,2,बहुत सामान्य है लेकिन बहुत तेज़ी से जाता है और महत्वपूर्ण शब्दावली पर ज़ोर नहीं देता,[],0
163,"नहीं, यह सही नहीं था",0,0,0,0,1,0,0,0,0,2,"नहीं, यह सही नहीं था",[],0
164,बहुत आसान,2,0,0,0,0,1,0,0,0,1,बहुत आसान,[],0
165,बिना किसी स्पष्ट कारण के बहुत अधिक बकवास की जा रही है,1,1,0,1,0,0,0,0,0,0,बिना किसी स्पष्ट कारण के बहुत अधिक बकवास की जा रही है,[],0
166,विशिष्ट जानकारी केवल इसलिए बताई गई है क्योंकि वह परीक्षा से संबंधित नहीं है,2,0,0,1,0,0,0,0,0,0,विशिष्ट जानकारी केवल इसलिए बताई गई है क्योंकि वह परीक्षा से संबंधित नहीं है,[],0
167,90% समय वीडियो लोड नहीं होता,0,1,0,1,0,0,0,0,0,2,90% समय वीडियो लोड नहीं होता,[],0
168,"मुझे कोर्स की गुणवत्ता बहुत पसंद है, लेकिन शायद मेरे जैसे सभी छात्र चाहेंगे कि CompTIA एक उदाहरण एनीमेशन जोड़े जो दिखाए कि सिस्टम कैसे काम करता है, डेटा कैसे प्रवाहित होता है, और डेटा किसी मशीन तक पहुँचने पर क्या करता है",2,0,1,0,0,1,0,0,1,1,"मुझे कोर्स की गुणवत्ता बहुत पसंद है, लेकिन शायद मेरे जैसे सभी छात्र चाहेंगे कि CompTIA एक उदाहरण एनीमेशन जोड़े जो दिखाए कि सिस्टम कैसे काम करता है, डेटा कैसे प्रवाहित होता है, और डेटा किसी मशीन तक पहुँचने पर क्या करता है",[],0
169,"केवल परिभाषाएँ और कुछ यादृच्छिक चित्र दिखाने के बजाय, CompTIA को सबक समझाने के लिए एनीमेशन का उपयोग करना चाहिए",2,0,1,1,0,0,0,0,0,0,"केवल परिभाषाएँ और कुछ यादृच्छिक चित्र दिखाने के बजाय, CompTIA को सबक समझाने के लिए एनीमेशन का उपयोग करना चाहिए",[],0
170,"मैं सुझाव देता हूँ कि CompTIA अपने कोर्स को अपडेट करे, इससे कई छात्रों को लाभ होगा",2,0,1,0,0,0,0,0,0,1,"मैं सुझाव देता हूँ कि CompTIA अपने कोर्स को अपडेट करे, इससे कई छात्रों को लाभ होगा",[],0
171,विषयों का उच्च-स्तरीय अवलोकन ठीक है,4,0,0,0,0,1,0,0,1,1,विषयों का उच्च-स्तरीय अवलोकन ठीक है,[],0
172,"लेकिन यह आपको सर्टिफिकेशन परीक्षा के लिए बिल्कुल भी तैयार नहीं करता, जो कि बहुत ही निराशाजनक है",2,0,0,1,1,0,1,0,0,0,"लेकिन यह आपको सर्टिफिकेशन परीक्षा के लिए बिल्कुल भी तैयार नहीं करता, जो कि बहुत ही निराशाजनक है",[],0
173,इस कोर्स के अंत में दिया गया प्रैक्टिस एग्जाम असली परीक्षा की तुलना में बेहद आसान है,2,0,0,1,0,0,0,1,0,1,इस कोर्स के अंत में दिया गया प्रैक्टिस एग्जाम असली परीक्षा की तुलना में बेहद आसान है,[],0
174,"आपको चेतावनी दी जाती है—यदि आप परीक्षा पास करना चाहते हैं, तो CompTIA की आधिकारिक सामग्रियों का उपयोग करें",2,1,0,0,1,0,0,0,0,0,"आपको चेतावनी दी जाती है—यदि आप परीक्षा पास करना चाहते हैं, तो CompTIA की आधिकारिक सामग्रियों का उपयोग करें",[],0
175,"मैंने कोर्स पूरा किया, 12 प्रैक्टिस परीक्षाएँ दीं जिनमें लगभग 96 अंक आए और अंतिम प्रैक्टिस परीक्षा में 100 प्राप्त किए",2,0,0,0,0,1,0,1,0,1,"मैंने कोर्स पूरा किया, 12 प्रैक्टिस परीक्षाएँ दीं जिनमें लगभग 96 अंक आए और अंतिम प्रैक्टिस परीक्षा में 100 प्राप्त किए",[],0
176,फिर भी असली परीक्षा में असफल हुआ,2,0,0,0,0,0,1,0,0,0,फिर भी असली परीक्षा में असफल हुआ,[],0
177,किसी अन्य सामग्री का उपयोग कर परीक्षा दी और 93.65% सटीकता के साथ पास कर लिया,2,0,0,0,0,1,0,0,0,1,किसी अन्य सामग्री का उपयोग कर परीक्षा दी और 93.65% सटीकता के साथ पास कर लिया,[],0
178,यह सिर्फ जानकारी है,1,0,1,0,0,0,0,0,0,2,यह सिर्फ जानकारी है,[],0
179,जब कोई इंटरैक्शन या व्यावहारिक पहलू नहीं है तो यह सब याद रखना बहुत मुश्किल है,1,0,0,0,1,0,0,0,0,0,जब कोई इंटरैक्शन या व्यावहारिक पहलू नहीं है तो यह सब याद रखना बहुत मुश्किल है,[],0
180,"कुछ परिदृश्यों को बहुत जल्दी और बहुत कम विवरण के साथ प्रस्तुत किया गया है, जैसे कि डाटा सेंटर की टोपोलॉजी—जैसे स्पाइन और लीफ या कोलैप्स्ड कोर—सिर्फ सूचना का बोझ बन गया",1,0,0,1,0,0,1,0,0,0,"कुछ परिदृश्यों को बहुत जल्दी और बहुत कम विवरण के साथ प्रस्तुत किया गया है, जैसे कि डाटा सेंटर की टोपोलॉजी—जैसे स्पाइन और लीफ या कोलैप्स्ड कोर—सिर्फ सूचना का बोझ बन गया",[],0
181,iPad पर Chrome या Safari में स्पीड को धीमा करने का कोई विकल्प नहीं है,1,0,0,1,0,0,0,0,0,2,iPad पर Chrome या Safari में स्पीड को धीमा करने का कोई विकल्प नहीं है,[],0
182,"डियोन बहुत जानकार हैं, लेकिन यह कोर्स निराशाजनक है",0,0,0,0,0,0,1,0,0,0,"डियोन बहुत जानकार हैं, लेकिन यह कोर्स निराशाजनक है",[],0
183,जब अवधारणाओं को समझाने के लिए दृश्य सामग्री बहुत कम हो तो जुड़ाव बनाए रखना कठिन हो जाता है,1,0,0,0,0,0,1,0,0,0,जब अवधारणाओं को समझाने के लिए दृश्य सामग्री बहुत कम हो तो जुड़ाव बनाए रखना कठिन हो जाता है,[],0
184,"वीडियो रुक जाता है, केवल ऑडियो चलता है",0,0,0,1,0,0,0,0,0,2,"वीडियो रुक जाता है, केवल ऑडियो चलता है",[],0
185,"कृपया, जैसन, विषय वस्तु पर ध्यान दें",1,1,0,1,0,0,0,0,1,1,"कृपया, जैसन, विषय वस्तु पर ध्यान दें",[],0
186,मैंने आपके बेमतलब भाषणों को रोककर परीक्षा के उद्देश्य देखे ताकि जान सकूं कि क्या मैं आगे बढ़ सकता हूं,0,0,1,0,0,0,0,0,0,1,मैंने आपके बेमतलब भाषणों को रोककर परीक्षा के उद्देश्य देखे ताकि जान सकूं कि क्या मैं आगे बढ़ सकता हूं,[],0
187,"आप बेवजह जानकारी देकर मदद नहीं कर रहे, बल्कि लोगों को भ्रमित कर रहे हैं",1,1,0,1,0,0,0,0,0,0,"आप बेवजह जानकारी देकर मदद नहीं कर रहे, बल्कि लोगों को भ्रमित कर रहे हैं",[],0
188,कोर्स के अंत में दी गई परीक्षा उत्तरों का सही से पता नहीं लगाती और विरोधाभासी जानकारी देती है,2,1,0,0,0,0,1,0,0,0,कोर्स के अंत में दी गई परीक्षा उत्तरों का सही से पता नहीं लगाती और विरोधाभासी जानकारी देती है,[],0
189,मुझे प्रशिक्षक के साथ तालमेल बिठाने में बहुत मुश्किल हुई,2,0,0,0,0,0,1,0,0,0,मुझे प्रशिक्षक के साथ तालमेल बिठाने में बहुत मुश्किल हुई,[],0
190,"पहले से ही बहुत सारी जानकारी कवर करनी थी, और वह बार-बार अतिरिक्त जानकारी जोड़ते गए जिससे चीजें और भी उलझ गईं",1,0,0,1,0,0,1,0,0,0,"पहले से ही बहुत सारी जानकारी कवर करनी थी, और वह बार-बार अतिरिक्त जानकारी जोड़ते गए जिससे चीजें और भी उलझ गईं",[],0
191,"मैं केवल परीक्षा पास करना चाहता था, लेकिन अब मुझे सब कुछ फिर से पढ़ना होगा क्योंकि मैं निश्चित रूप से तैयार नहीं हूं",1,0,0,0,1,0,1,0,0,0,"मैं केवल परीक्षा पास करना चाहता था, लेकिन अब मुझे सब कुछ फिर से पढ़ना होगा क्योंकि मैं निश्चित रूप से तैयार नहीं हूं",[],0
192,"कोर्स देखने के बाद, मैंने पाया कि विशिष्टता की कमी के कारण इसे अकेले अध्ययन स्रोत के रूप में उपयोग करना उपयुक्त नहीं है",0,0,0,0,0,0,1,0,0,0,"कोर्स देखने के बाद, मैंने पाया कि विशिष्टता की कमी के कारण इसे अकेले अध्ययन स्रोत के रूप में उपयोग करना उपयुक्त नहीं है",[],0
193,बस ठीक-ठाक है,0,0,0,1,0,0,0,0,0,2,बस ठीक-ठाक है,[],0
194,"बहुत ज्यादा जैसन की बातें और कई फिक्स्ड स्लाइड्स हैं, इसमें वीडियो या अन्य प्रस्तुति विधियों का उपयोग किया जा सकता था",1,0,0,1,0,0,1,0,0,0,"बहुत ज्यादा जैसन की बातें और कई फिक्स्ड स्लाइड्स हैं, इसमें वीडियो या अन्य प्रस्तुति विधियों का उपयोग किया जा सकता था",[],0
195,"मुझे परीक्षा पास करने के लिए पर्याप्त आत्मविश्वास नहीं हुआ, इसलिए मुझे और अधिक शोध करना पड़ा",0,0,0,0,1,0,0,0,0,0,"मुझे परीक्षा पास करने के लिए पर्याप्त आत्मविश्वास नहीं हुआ, इसलिए मुझे और अधिक शोध करना पड़ा",[],0
196,"“मैंने यह कोर्स इसलिए खरीदा क्योंकि इसे कई लोगों की सिफारिशें मिली थीं, लेकिन खरीदने से पहले मैंने नकारात्मक समीक्षाएं देखीं और मुझे यह बताना चाहिए कि कुछ अध्यायों को पढ़ने के बाद मुझे एहसास हुआ कि इसमें ज्यादातर चीजें केवल प्रतीकात्मक हैं और अच्छी तरह से समझाई नहीं गईं, जिससे समझना कठिन हो गया",2,0,0,1,0,0,1,0,0,0,"“मैंने यह कोर्स इसलिए खरीदा क्योंकि इसे कई लोगों की सिफारिशें मिली थीं, लेकिन खरीदने से पहले मैंने नकारात्मक समीक्षाएं देखीं और मुझे यह बताना चाहिए कि कुछ अध्यायों को पढ़ने के बाद मुझे एहसास हुआ कि इसमें ज्यादातर चीजें केवल प्रतीकात्मक हैं और अच्छी तरह से समझाई नहीं गईं, जिससे समझना कठिन हो गया",[],0
197,"”
मैं व्यक्तिगत रूप से इस कोर्स की सिफारिश नहीं करूंगा जब तक कि वह व्यक्ति पहले से अनुभव न रखता हो और यह समझता हो कि यह किस बारे में है",2,0,0,0,1,0,0,0,0,1,"”
मैं व्यक्तिगत रूप से इस कोर्स की सिफारिश नहीं करूंगा जब तक कि वह व्यक्ति पहले से अनुभव न रखता हो और यह समझता हो कि यह किस बारे में है",[],0
198,"यदि आप एक शुरुआत करने वाले हैं और नेटवर्क के बारे में कोई जानकारी नहीं है, तो यह कोर्स मैं व्यक्तिगत रूप से अनुशंसित नहीं करूंगा",2,0,0,0,1,0,0,0,0,0,"यदि आप एक शुरुआत करने वाले हैं और नेटवर्क के बारे में कोई जानकारी नहीं है, तो यह कोर्स मैं व्यक्तिगत रूप से अनुशंसित नहीं करूंगा",[],0
199,सैद्धांतिक कोर्स,1,0,0,1,0,0,1,0,0,2,सैद्धांतिक कोर्स,[],0
200,उदाहरण पर्याप्त नहीं हैं,2,0,0,0,0,0,1,0,0,2,उदाहरण पर्याप्त नहीं हैं,[],0
201,पृष्ठभूमि भरने के लिए बहुत सारी तस्वीरें हैं,0,0,0,1,0,0,0,0,0,1,पृष्ठभूमि भरने के लिए बहुत सारी तस्वीरें हैं,[],0
202,"मैं कोर्स में किए गए प्रयास की वास्तव में सराहना करता हूँ, लेकिन इसमें निवेश करना चाहिए—लक्ष्य केवल परीक्षा पास करना नहीं होना चाहिए बल्कि वास्तव में समझना भी होना चाहिए!!",2,0,1,1,0,0,0,0,0,1,"मैं कोर्स में किए गए प्रयास की वास्तव में सराहना करता हूँ, लेकिन इसमें निवेश करना चाहिए—लक्ष्य केवल परीक्षा पास करना नहीं होना चाहिए बल्कि वास्तव में समझना भी होना चाहिए!!",[],0
203,सुनना और नोट्स लेना बहुत कठिन है,1,0,0,0,0,0,1,0,0,1,सुनना और नोट्स लेना बहुत कठिन है,[],0
204,बहुत ही नीरस और उबाऊ,1,0,0,1,0,0,1,0,0,0,बहुत ही नीरस और उबाऊ,[],0
205,टेस्ट ठीक हैं लेकिन पूरा कोर्स औसत दर्जे का है,1,0,0,1,0,0,0,0,0,2,टेस्ट ठीक हैं लेकिन पूरा कोर्स औसत दर्जे का है,[],0
206,बहुत कम शैक्षिक (स्पेनिश से: बहुत कम शिक्षण क्षमता),2,0,0,1,0,0,1,0,0,0,बहुत कम शैक्षिक (स्पेनिश से: बहुत कम शिक्षण क्षमता),[],0
207,"हां, सामग्री के लिहाज़ से यह काफी अच्छा है लेकिन कुछ विवरणों की कमी है",2,0,1,0,0,1,0,0,0,1,"हां, सामग्री के लिहाज़ से यह काफी अच्छा है लेकिन कुछ विवरणों की कमी है",[],0
208,"हालांकि मैं अभी सेक्शन 3 में हूं, और जैसे-जैसे आगे बढ़ूंगा, मेरा दृष्टिकोण बदल सकता है",2,0,1,0,0,0,0,0,0,1,"हालांकि मैं अभी सेक्शन 3 में हूं, और जैसे-जैसे आगे बढ़ूंगा, मेरा दृष्टिकोण बदल सकता है",[],0
209,समझाने की गति थोड़ी धीमी होनी चाहिए थी,1,0,0,0,0,0,1,0,0,2,समझाने की गति थोड़ी धीमी होनी चाहिए थी,[],0
210,इस सभी IP सामग्री के लिए अधिक विज़ुअल्स की आवश्यकता है,1,0,1,0,0,0,0,0,0,1,इस सभी IP सामग्री के लिए अधिक विज़ुअल्स की आवश्यकता है,[],0
211,यह बेहद भ्रमित करने वाला है!,2,0,0,1,0,0,0,0,0,1,यह बेहद भ्रमित करने वाला है!,[],0
212,बहुत ऊपरी स्तर पर है और यह भाग थोड़ा जल्दी-जल्दी निपटाया गया,2,0,0,0,0,0,1,0,0,0,बहुत ऊपरी स्तर पर है और यह भाग थोड़ा जल्दी-जल्दी निपटाया गया,[],0
213,नोट्स लेना बिखरा हुआ लगता है,1,0,0,0,0,0,1,0,0,0,नोट्स लेना बिखरा हुआ लगता है,[],0
214,"अभी तक मुझे बात समझ में नहीं आई, लेकिन आगे के सेक्शन ठीक होंगे जैसा कि मैंने उम्मीद की थी",2,0,1,0,0,0,1,0,0,1,"अभी तक मुझे बात समझ में नहीं आई, लेकिन आगे के सेक्शन ठीक होंगे जैसा कि मैंने उम्मीद की थी",[],0
215,काश वीडियो की गति बदलने के लिए एक स्लाइडर होता,1,0,1,0,0,0,0,0,0,2,काश वीडियो की गति बदलने के लिए एक स्लाइडर होता,[],0
216,वह बहुत तेज़ बोलते हैं,1,0,0,0,0,0,1,0,0,1,वह बहुत तेज़ बोलते हैं,[],0
217,सिर्फ़ चेहरा बोलते देखना बोरिंग हो सकता है अगर कुछ ग्राफिक्स न हों,1,0,0,0,0,0,1,0,0,0,सिर्फ़ चेहरा बोलते देखना बोरिंग हो सकता है अगर कुछ ग्राफिक्स न हों,[],0
218,कोर्स आगे नहीं बढ़ रहा और मुझे उन्हीं चीज़ों पर वापस ले जा रहा है जो मैं पहले ही देख चुका हूं,0,0,0,0,0,0,1,0,0,0,कोर्स आगे नहीं बढ़ रहा और मुझे उन्हीं चीज़ों पर वापस ले जा रहा है जो मैं पहले ही देख चुका हूं,[],0
219,इसमें और अधिक Jason Dion की आवश्यकता है,1,0,1,0,0,0,0,0,0,1,इसमें और अधिक Jason Dion की आवश्यकता है,[],0
220,"संकल्पनाओं की अच्छी तरह से चर्चा की गई है, और उपयोग की गई उपमाएं वास्तव में मददगार हैं",4,0,0,0,0,1,0,0,1,1,"संकल्पनाओं की अच्छी तरह से चर्चा की गई है, और उपयोग की गई उपमाएं वास्तव में मददगार हैं",[],0
221,काश इसमें वास्तविक लैब्स होते ताकि इसे सीखने वालों के लिए अधिक आसान बनाया जा सकता,2,0,1,0,0,0,0,0,0,1,काश इसमें वास्तविक लैब्स होते ताकि इसे सीखने वालों के लिए अधिक आसान बनाया जा सकता,[],0
222,"सॉफ़्टवेयर टूल्स की चर्चा के दौरान, मैं चाहता था कि यह एक प्री-रिकॉर्डेड सत्र होता न कि बस तस्वीरों की कतार, जिससे इसे फॉलो करना आसान हो जाता",0,0,1,1,0,0,0,0,0,1,"सॉफ़्टवेयर टूल्स की चर्चा के दौरान, मैं चाहता था कि यह एक प्री-रिकॉर्डेड सत्र होता न कि बस तस्वीरों की कतार, जिससे इसे फॉलो करना आसान हो जाता",[],0
223,कुछ सामग्री वास्तव में Security+ से दोहराई गई है जो उन लोगों के लिए निराशाजनक है जिन्होंने Security+ के लिए भी भुगतान किया है,2,0,0,1,0,0,1,0,0,0,कुछ सामग्री वास्तव में Security+ से दोहराई गई है जो उन लोगों के लिए निराशाजनक है जिन्होंने Security+ के लिए भी भुगतान किया है,[],0
224,कोर्स के कुछ भागों और विषयों में ऐनिमेटेड या स्क्रीन राइटिंग से बेहतर समझ में आता,1,0,1,0,0,0,1,0,0,1,कोर्स के कुछ भागों और विषयों में ऐनिमेटेड या स्क्रीन राइटिंग से बेहतर समझ में आता,[],0
225,पाठ बहुत अच्छा था,4,0,0,0,0,1,0,0,0,1,पाठ बहुत अच्छा था,[],0
226,मैं अपनी समीक्षा तब अपडेट करूंगा जब मैं अपना एग्जाम दे लूंगा,2,0,1,0,0,0,0,0,0,1,मैं अपनी समीक्षा तब अपडेट करूंगा जब मैं अपना एग्जाम दे लूंगा,[],0
227,वह अक्सर ऐसी बातों में लग जाते हैं जो परीक्षा में नहीं आने वाली हैं,1,0,0,1,0,0,0,0,0,0,वह अक्सर ऐसी बातों में लग जाते हैं जो परीक्षा में नहीं आने वाली हैं,[],0
228,यह एक परीक्षा तैयारी कोर्स है,0,1,0,0,0,0,0,0,0,1,यह एक परीक्षा तैयारी कोर्स है,[],0
229,"मैं अपनी पूरी कोशिश कर रहा हूँ नोट्स लेने की, लेकिन यह बहुत समय लेने वाला है, खासकर जब एक फुल-टाइम जॉब भी कर रहा हूँ",1,0,0,0,0,0,1,0,0,1,"मैं अपनी पूरी कोशिश कर रहा हूँ नोट्स लेने की, लेकिन यह बहुत समय लेने वाला है, खासकर जब एक फुल-टाइम जॉब भी कर रहा हूँ",[],0
230,1.5 घंटे का प्रशिक्षण वास्तव में 3 घंटे लग रहे हैं अच्छे नोट्स बनाने में,1,0,0,0,0,0,1,0,0,1,1.5 घंटे का प्रशिक्षण वास्तव में 3 घंटे लग रहे हैं अच्छे नोट्स बनाने में,[],0
231,इसलिए अब मैं इस प्रशिक्षण के तहत मिले अध्ययन नोट्स पर निर्भर कर रहा हूँ,2,0,1,0,0,0,0,0,0,1,इसलिए अब मैं इस प्रशिक्षण के तहत मिले अध्ययन नोट्स पर निर्भर कर रहा हूँ,[],0
232,"यह ठीक था, लेकिन उसने ऐसी चीजें भी कवर की जो परीक्षा में नहीं थीं, जो परेशान करने वा",1,0,0,0,1,0,1,0,0,2,"यह ठीक था, लेकिन उसने ऐसी चीजें भी कवर की जो परीक्षा में नहीं थीं, जो परेशान करने वा",[],0
233,यह सबसे उपयुक्त कोर्स है,4,0,0,0,0,1,0,0,1,1,यह सबसे उपयुक्त कोर्स है,[],0
234,मुझे बहुत पसंद आया,4,0,0,0,0,1,0,0,0,1,मुझे बहुत पसंद आया,[],0
235,बहुत सी जानकारी पहले ही A+ में दी गई थी और वह जानकारी परीक्षा के लिए जरूरी नहीं थी,2,0,0,0,0,0,1,0,0,0,बहुत सी जानकारी पहले ही A+ में दी गई थी और वह जानकारी परीक्षा के लिए जरूरी नहीं थी,[],0
236,कुछ चीजें स्पष्ट रूप से समझाई नहीं गईं या इस तरह से समझाई गईं जिससे और संदेह उत्पन्न हुए और वे संदेह कभी हल नहीं हुए,1,0,0,1,0,0,1,0,0,0,कुछ चीजें स्पष्ट रूप से समझाई नहीं गईं या इस तरह से समझाई गईं जिससे और संदेह उत्पन्न हुए और वे संदेह कभी हल नहीं हुए,[],0
237,अधिक विज़ुअल चित्रण की आवश्यकता है,1,0,1,0,0,0,0,0,0,1,अधिक विज़ुअल चित्रण की आवश्यकता है,[],0
238,जब बोला जा रहा हो तो डायग्राम के हिस्सों को हाइलाइट करना सहायक होगा,0,0,1,0,0,0,0,0,0,1,जब बोला जा रहा हो तो डायग्राम के हिस्सों को हाइलाइट करना सहायक होगा,[],0
239,जटिल डायग्राम को समझना कभी-कभी कठिन होता है,2,0,0,0,1,0,0,0,0,0,जटिल डायग्राम को समझना कभी-कभी कठिन होता है,[],0
240,सामग्री अच्छी है लेकिन रोमांचक नहीं है,2,0,0,0,0,0,1,0,0,1,सामग्री अच्छी है लेकिन रोमांचक नहीं है,[],0
241,परिचय बहुत लंबा है,1,0,0,0,0,0,1,0,0,2,परिचय बहुत लंबा है,[],0
242,कोर्स में और अधिक चित्रों का उपयोग किया जाना चाहिए,1,0,1,0,0,0,0,0,0,1,कोर्स में और अधिक चित्रों का उपयोग किया जाना चाहिए,[],0
243,यह बहुत टेक्स्ट-आधारित है,1,0,0,0,0,0,1,0,0,1,यह बहुत टेक्स्ट-आधारित है,[],0
244,"यदि मुझे उन विभिन्न वस्तुओं की छवियां मिलतीं जिनका उल्लेख किया गया है, तो इसे समझना आसान होता",1,0,1,0,0,0,0,0,0,1,"यदि मुझे उन विभिन्न वस्तुओं की छवियां मिलतीं जिनका उल्लेख किया गया है, तो इसे समझना आसान होता",[],0
245,"कुछ चित्र हैं, लेकिन और अधिक उपयोग किए जा सकते हैं",1,0,1,0,0,0,0,0,0,1,"कुछ चित्र हैं, लेकिन और अधिक उपयोग किए जा सकते हैं",[],0
246,आगे बढ़ते रहना कठिन होता जा रहा है क्योंकि कोर्स लंबा होता जा रहा है और अधिक विषयों पर चर्चा हो रही है,1,0,0,0,0,0,1,0,0,2,आगे बढ़ते रहना कठिन होता जा रहा है क्योंकि कोर्स लंबा होता जा रहा है और अधिक विषयों पर चर्चा हो रही है,[],0
247,"यह बहुत सारी जानकारी है, लेकिन एक समय में एक दिन",1,0,1,0,0,0,1,0,0,2,"यह बहुत सारी जानकारी है, लेकिन एक समय में एक दिन",[],0
248,मैं चाहूंगा कि जानकारी अधिक संक्षिप्त हो और दृश्य सामग्री 2025 में किए जाने वाले कार्यों से अधिक प्रासंगिक हो,2,0,1,0,0,0,0,0,0,1,मैं चाहूंगा कि जानकारी अधिक संक्षिप्त हो और दृश्य सामग्री 2025 में किए जाने वाले कार्यों से अधिक प्रासंगिक हो,[],0
249,मैं यात्रा कर रहा हूँ और यह बहुत सहायक होता यदि मैं कुछ पाठ डाउनलोड कर पाता जब मैं उड़ानों में था,0,0,1,0,0,0,0,0,0,1,मैं यात्रा कर रहा हूँ और यह बहुत सहायक होता यदि मैं कुछ पाठ डाउनलोड कर पाता जब मैं उड़ानों में था,[],0
250,शुरुआत में आधे पाठ्यक्रम वास्तव में वैसा नहीं था जैसा मैंने सोचा था,2,0,0,0,0,0,1,0,0,0,शुरुआत में आधे पाठ्यक्रम वास्तव में वैसा नहीं था जैसा मैंने सोचा था,[],0
251,खुशी है कि मैंने केवल 18 डॉलर खर्च किए इस कोर्स के लिए,2,0,0,0,0,1,0,0,0,1,खुशी है कि मैंने केवल 18 डॉलर खर्च किए इस कोर्स के लिए,[],0
252,"हाँ, यह एकदम उपयुक्त कोर्स है",4,0,0,0,0,1,0,0,1,1,"हाँ, यह एकदम उपयुक्त कोर्स है",[],0
253,अब तक ठीक रहा,4,0,0,0,0,0,0,0,1,1,अब तक ठीक रहा,[],0
254,मुझे लगता है कि कुछ अवधारणाओं पर बहुत अधिक विस्तार और शब्दों की अधिकता है,1,0,0,0,0,0,1,0,0,1,मुझे लगता है कि कुछ अवधारणाओं पर बहुत अधिक विस्तार और शब्दों की अधिकता है,[],0
255,प्रत्येक अध्याय के बाद अधिक अभ्यास प्रश्न होने चाहिए!!!,2,0,1,0,0,0,0,0,0,2,प्रत्येक अध्याय के बाद अधिक अभ्यास प्रश्न होने चाहिए!!!,[],0
256,अब तक सब कुछ ठीक है,4,0,0,0,0,0,0,0,1,1,अब तक सब कुछ ठीक है,[],0
257,"कुछ विषय दूसरों की तुलना में थोड़े लंबे हैं, इसलिए बेहतर है कि जब आप कुछ समझ न पा रहे हों तो ब्रेक लें, एक कप कॉफी लें और फिर वहीं से शुरू करें जहां आपने छोड़ा था",1,0,1,0,0,0,0,0,0,1,"कुछ विषय दूसरों की तुलना में थोड़े लंबे हैं, इसलिए बेहतर है कि जब आप कुछ समझ न पा रहे हों तो ब्रेक लें, एक कप कॉफी लें और फिर वहीं से शुरू करें जहां आपने छोड़ा था",[],0
258,यह मेरी व्यक्तिगत पद्धति है,0,0,1,0,0,0,0,0,0,1,यह मेरी व्यक्तिगत पद्धति है,[],0
259,"पर्याप्त उदाहरण, ग्राफिकल या चित्रात्मक दृश्य नहीं हैं",1,0,0,0,0,0,1,0,0,0,"पर्याप्त उदाहरण, ग्राफिकल या चित्रात्मक दृश्य नहीं हैं",[],0
260,प्रशिक्षक बहुत तेजी से बोलते हैं और जब मैंने स्पीड कम करने की कोशिश की तो देखने में रुचि कम हो गई,1,0,0,1,0,0,1,0,0,1,प्रशिक्षक बहुत तेजी से बोलते हैं और जब मैंने स्पीड कम करने की कोशिश की तो देखने में रुचि कम हो गई,[],0
261,यदि प्रशिक्षक अपनी बोलने की गति कम कर दें तो बहुत मदद मिलेगी,1,0,1,0,0,0,1,0,0,1,यदि प्रशिक्षक अपनी बोलने की गति कम कर दें तो बहुत मदद मिलेगी,[],0
262,एकरस कोर्स जो एक लंबे एकालाप जैसा महसूस होता है,1,0,0,1,0,0,1,0,0,1,एकरस कोर्स जो एक लंबे एकालाप जैसा महसूस होता है,[],0
263,इसमें बहुत अधिक जानकारी भरी हुई है,1,0,0,1,0,0,0,0,0,1,इसमें बहुत अधिक जानकारी भरी हुई है,[],0
264,जेसन बहुत तेज़ी से बोलते हैं या शायद वीडियो को तेज़ी से प्ले किया गया है ताकि यह केवल 30 घंटे का लगे बजाय 50 के,1,0,0,1,0,0,0,0,0,2,जेसन बहुत तेज़ी से बोलते हैं या शायद वीडियो को तेज़ी से प्ले किया गया है ताकि यह केवल 30 घंटे का लगे बजाय 50 के,[],0
265,"कुछ हिस्से अच्छी तरह से समझाए गए जैसे सबनेटिंग, लेकिन कुछ विषय जैसे क्लाउड बहुत जल्दबाजी में कवर किए गए",1,0,0,0,0,1,1,0,0,0,"कुछ हिस्से अच्छी तरह से समझाए गए जैसे सबनेटिंग, लेकिन कुछ विषय जैसे क्लाउड बहुत जल्दबाजी में कवर किए गए",[],0
266,कुछ समझ में नहीं आया और इन वीडियो का उपयोग केवल यह जानने के लिए किया कि कौन से शब्द गूगल या यूट्यूब पर देखने हैं,2,0,0,1,0,0,1,0,0,0,कुछ समझ में नहीं आया और इन वीडियो का उपयोग केवल यह जानने के लिए किया कि कौन से शब्द गूगल या यूट्यूब पर देखने हैं,[],0
267,ऐसा लगा कि यहां तक कि वीडियो एडिटर भी चाहता था कि यह खत्म हो जाए और बस न्यूनतम प्रयास के साथ इसे पूरा कर दिया गया,1,0,0,1,0,0,1,0,0,1,ऐसा लगा कि यहां तक कि वीडियो एडिटर भी चाहता था कि यह खत्म हो जाए और बस न्यूनतम प्रयास के साथ इसे पूरा कर दिया गया,[],0
268,"अच्छा होगा कि अगले वीडियो में वे डाइग्राम और अन्य चीजों पर अधिक मेहनत करें ताकि अवधारणाएं बेहतर ढंग से समझाई जा सकें, न कि केवल कुछ शब्द और एक स्टॉक इमेज स्क्रीन पर दिखा दी जाए",1,0,1,0,0,0,0,0,0,1,"अच्छा होगा कि अगले वीडियो में वे डाइग्राम और अन्य चीजों पर अधिक मेहनत करें ताकि अवधारणाएं बेहतर ढंग से समझाई जा सकें, न कि केवल कुछ शब्द और एक स्टॉक इमेज स्क्रीन पर दिखा दी जाए",[],0
269,बहुत कुछ दोहराया गया है,2,0,0,1,0,0,1,0,0,2,बहुत कुछ दोहराया गया है,[],0
270,"जो आने वाला है उसका मूल विवरण है, लेकिन बहुत सारे विज्ञापन हैं…",1,0,0,1,0,1,0,0,0,2,"जो आने वाला है उसका मूल विवरण है, लेकिन बहुत सारे विज्ञापन हैं…",[],0
271,"वाह, मुझे यह प्रक्रिया पसंद है",4,0,0,0,0,1,0,0,0,1,"वाह, मुझे यह प्रक्रिया पसंद है",[],0
272,मैं इस बेहतरीन अवसर को छोड़ने की सोच भी नहीं सकता,4,0,1,0,0,1,0,0,1,0,मैं इस बेहतरीन अवसर को छोड़ने की सोच भी नहीं सकता,[],0
273,"वीडियो में त्रुटियाँ हैं: नेटवर्क उपकरणों के 11 प्रकार बताए गए, लेकिन केवल 10 का वर्णन किया गया (स्विच दो बार कवर किया गया)",1,1,0,1,0,0,0,0,0,2,"वीडियो में त्रुटियाँ हैं: नेटवर्क उपकरणों के 11 प्रकार बताए गए, लेकिन केवल 10 का वर्णन किया गया (स्विच दो बार कवर किया गया)",[],0
274,साथ ही कुछ अन्य त्रुटियाँ भी हैं,2,0,0,1,0,0,1,0,0,0,साथ ही कुछ अन्य त्रुटियाँ भी हैं,[],0
275,"और अधिक दृश्य संदर्भ उपयोग किए जा सकते हैं, अधिक डायग्राम दिखाएं",1,0,1,0,0,0,0,0,0,1,"और अधिक दृश्य संदर्भ उपयोग किए जा सकते हैं, अधिक डायग्राम दिखाएं",[],0
276,मुझे लगता है कि थ्योरी को शब्दों में समझाने के बजाय विजुअल तरीके से समझाना चाहिए,1,0,1,0,0,0,0,0,0,0,मुझे लगता है कि थ्योरी को शब्दों में समझाने के बजाय विजुअल तरीके से समझाना चाहिए,[],0
277,"वैसे, कार वाला वीडियो अच्छा है क्योंकि यह नेटवर्क टोपोलॉजी के वास्तविक जीवन उदाहरण दिखाता है",4,0,0,0,0,1,0,0,1,1,"वैसे, कार वाला वीडियो अच्छा है क्योंकि यह नेटवर्क टोपोलॉजी के वास्तविक जीवन उदाहरण दिखाता है",[],0
278,अगर चीजें बदलती हैं तो मैं अपनी समीक्षा अपडेट करूँगा…,2,0,1,0,0,0,0,0,0,0,अगर चीजें बदलती हैं तो मैं अपनी समीक्षा अपडेट करूँगा…,[],0
279,मुझे कुछ ऐसे क्षेत्र मिले जहाँ इस कोर्स की Network+ N10-009 ट्रेनिंग अपर्याप्त थी,2,0,0,1,0,0,1,0,0,0,मुझे कुछ ऐसे क्षेत्र मिले जहाँ इस कोर्स की Network+ N10-009 ट्रेनिंग अपर्याप्त थी,[],0
280,इससे परीक्षा में थोड़ी कठिनाई हुई,2,0,0,0,0,0,1,0,0,0,इससे परीक्षा में थोड़ी कठिनाई हुई,[],0
281,"माफ कीजिए, मैं ज्यादा विशिष्ट फीडबैक नहीं दे सकता, क्योंकि परीक्षा के कुछ घंटे बाद चीजें याद करना मुश्किल होता है",2,0,0,0,0,0,1,0,0,2,"माफ कीजिए, मैं ज्यादा विशिष्ट फीडबैक नहीं दे सकता, क्योंकि परीक्षा के कुछ घंटे बाद चीजें याद करना मुश्किल होता है",[],0
282,अब तक ठीक है,4,0,0,0,0,0,0,0,1,1,अब तक ठीक है,[],0
283,अभी तक लय में आने की कोशिश कर रहा हूँ,1,0,1,0,0,0,0,0,0,0,अभी तक लय में आने की कोशिश कर रहा हूँ,[],0
284,नेटवर्किंग पर रुचिकर दृष्टिकोण है,4,0,0,0,0,1,0,0,1,1,नेटवर्किंग पर रुचिकर दृष्टिकोण है,[],0
285,कुछ वीडियो में विषय को बहुत अधिक समझाया गया है और लंबे उपमाओं का उपयोग किया गया है जो मेरा अधिक समय ले लेती हैं,1,0,0,1,0,0,1,0,0,1,कुछ वीडियो में विषय को बहुत अधिक समझाया गया है और लंबे उपमाओं का उपयोग किया गया है जो मेरा अधिक समय ले लेती हैं,[],0
286,कुछ क्षेत्रों में इसे बेहतर बनाया जाना चाहिए,2,0,1,0,0,0,0,0,0,1,कुछ क्षेत्रों में इसे बेहतर बनाया जाना चाहिए,[],0
287,"जब मैं पैकेट रूटिंग सीख रहा था, तब मुझे डाक सेवा की विस्तृत व्याख्या की आवश्यकता नहीं थी",2,0,0,1,0,0,0,0,0,0,"जब मैं पैकेट रूटिंग सीख रहा था, तब मुझे डाक सेवा की विस्तृत व्याख्या की आवश्यकता नहीं थी",[],0
288,और न ही किसी को पूरे बाइनरी या IPv6 पते को पढ़ते सुनना चाहिए,1,0,0,1,0,0,0,0,0,0,और न ही किसी को पूरे बाइनरी या IPv6 पते को पढ़ते सुनना चाहिए,[],0
289,"अधिकांशतः मुझे समझ में आता है, लेकिन मुझे लगता है कि अधिक उदाहरण फायदेमंद होंगे",2,0,0,1,0,0,0,0,1,1,"अधिकांशतः मुझे समझ में आता है, लेकिन मुझे लगता है कि अधिक उदाहरण फायदेमंद होंगे",[],0
290,"दिए गए विषयों के वास्तविक जीवन के उदाहरण दें, जिससे हम उन्हें जोड़ सकें",2,0,1,0,0,0,0,0,0,1,"दिए गए विषयों के वास्तविक जीवन के उदाहरण दें, जिससे हम उन्हें जोड़ सकें",[],0
291,अब तक सब कुछ ठीक चल रहा है,4,0,0,0,0,0,0,0,1,1,अब तक सब कुछ ठीक चल रहा है,[],0
292,"परीक्षा अपेक्षा से कहीं कठिन थी, बेहतर होता अगर कठिन अभ्यास परीक्षाएँ मिलतीं",2,0,1,0,0,0,1,0,0,2,"परीक्षा अपेक्षा से कहीं कठिन थी, बेहतर होता अगर कठिन अभ्यास परीक्षाएँ मिलतीं",[],0
293,"मैंने 5 दिनों में सामग्री कवर की, फिर 3 दिन सो नहीं पाया, फिर 1 दिन में ठीक हुआ और मुश्किल से पास हुआ",4,0,0,0,0,0,1,1,0,2,"मैंने 5 दिनों में सामग्री कवर की, फिर 3 दिन सो नहीं पाया, फिर 1 दिन में ठीक हुआ और मुश्किल से पास हुआ",[],0
294,परीक्षा में 89 में से 6 PBQ मिले,4,0,1,0,0,0,0,0,0,1,परीक्षा में 89 में से 6 PBQ मिले,[],0
295,धीरे-धीरे आगे बढ़ें,4,0,1,0,0,0,0,0,0,1,धीरे-धीरे आगे बढ़ें,[],0
296,बुरा नहीं है,4,0,1,0,0,0,0,0,0,2,बुरा नहीं है,[],0
297,यह अभी भी एक परिचयात्मक चरण में है,4,0,1,0,0,0,0,0,1,0,यह अभी भी एक परिचयात्मक चरण में है,[],0
298,"मैंने अभी शुरुआत की है और चीजें आशाजनक लग रही हैं, लेकिन यह निश्चित रूप से वर्तमान Network+ परीक्षा विषय नहीं है",2,0,1,0,0,0,0,0,0,0,"मैंने अभी शुरुआत की है और चीजें आशाजनक लग रही हैं, लेकिन यह निश्चित रूप से वर्तमान Network+ परीक्षा विषय नहीं है",[],0
299,"हाँ, अधिकांश चीजें कवर की गई हैं, लेकिन हमें अभी भी 009 परीक्षा के बजाय 008 विशिष्ट विषय सिखाए जा रहे हैं",2,0,0,1,0,0,0,0,0,0,"हाँ, अधिकांश चीजें कवर की गई हैं, लेकिन हमें अभी भी 009 परीक्षा के बजाय 008 विशिष्ट विषय सिखाए जा रहे हैं",[],0
300,अच्छा है,4,0,0,0,0,1,0,0,0,1,अच्छा है,[],0
301,ट्रांसक्रिप्ट्स को प्रिंट करने योग्य बनाना बहुत अच्छा होगा ताकि पढ़ने और समीक्षा करने में आसानी हो,0,0,1,0,0,0,0,0,0,1,ट्रांसक्रिप्ट्स को प्रिंट करने योग्य बनाना बहुत अच्छा होगा ताकि पढ़ने और समीक्षा करने में आसानी हो,[],0
302,"कोर्स शानदार है, लेकिन बार-बार पेज को रीफ़्रेश करना पड़ता है क्योंकि वीडियो मिनटों तक स्किप हो जाता है, जो बेहद कष्टप्रद है",0,1,0,1,0,0,0,0,0,2,"कोर्स शानदार है, लेकिन बार-बार पेज को रीफ़्रेश करना पड़ता है क्योंकि वीडियो मिनटों तक स्किप हो जाता है, जो बेहद कष्टप्रद है",[],0
303,डेटा सेंटर टोपोलॉजी की व्याख्या बहुत भ्रमित करने वाली थी,1,0,0,1,0,0,0,0,0,0,डेटा सेंटर टोपोलॉजी की व्याख्या बहुत भ्रमित करने वाली थी,[],0
304,"इसे और अधिक विस्तार से समझाया जा सकता था, जिससे यह स्पष्ट हो पाता कि यह कैसे काम करता है, शायद उदाहरण के साथ जिसमें डेटा का प्रवाह दिखाया जाए",1,0,1,0,0,0,0,0,0,2,"इसे और अधिक विस्तार से समझाया जा सकता था, जिससे यह स्पष्ट हो पाता कि यह कैसे काम करता है, शायद उदाहरण के साथ जिसमें डेटा का प्रवाह दिखाया जाए",[],0
305,दिलचस्प है,4,0,0,0,0,1,0,0,0,1,दिलचस्प है,[],0
306,डेटा सेंटर की टोपोलॉजी को प्रदर्शित करने के लिए अधिक विस्तृत डायग्राम मदद करेंगे,2,0,1,0,0,0,0,0,0,1,डेटा सेंटर की टोपोलॉजी को प्रदर्शित करने के लिए अधिक विस्तृत डायग्राम मदद करेंगे,[],0
307,"ऐसा लगा जैसे यह बहुत तेजी से चला गया, और मेरा मतलब आवाज की गति से नहीं है",1,0,0,1,0,0,1,0,0,0,"ऐसा लगा जैसे यह बहुत तेजी से चला गया, और मेरा मतलब आवाज की गति से नहीं है",[],0
308,"पढ़ाई में जिन बातों का उल्लेख किया गया है, उन्हें दर्शाने के लिए पर्याप्त डायग्राम नहीं हैं, और एक को बार-बार कल्पना करनी पड़ती है या यूट्यूब पर जाकर बेहतर समझ पाने के लिए वीडियो देखने पड़ते हैं",1,0,0,1,0,0,0,0,0,0,"पढ़ाई में जिन बातों का उल्लेख किया गया है, उन्हें दर्शाने के लिए पर्याप्त डायग्राम नहीं हैं, और एक को बार-बार कल्पना करनी पड़ती है या यूट्यूब पर जाकर बेहतर समझ पाने के लिए वीडियो देखने पड़ते हैं",[],0
309,मुझे इस कोर्स को सपोर्ट करने के लिए दूसरा कोर्स खरीदना पड़ा ताकि मैं हर बार यूट्यूब न देखूं,2,1,0,0,0,0,1,0,0,0,मुझे इस कोर्स को सपोर्ट करने के लिए दूसरा कोर्स खरीदना पड़ा ताकि मैं हर बार यूट्यूब न देखूं,[],0
310,"एनिमेटेड स्लाइड्स (डिवाइसेस के बीच चलने वाले एरो आदि) जो विभिन्न ट्रैफिक फ्लो को दिखाती हैं, उन्हें उपयोग करना मददगार होगा जब स्पष्टीकरण दिया जा रहा हो",1,0,1,0,0,0,0,0,0,1,"एनिमेटेड स्लाइड्स (डिवाइसेस के बीच चलने वाले एरो आदि) जो विभिन्न ट्रैफिक फ्लो को दिखाती हैं, उन्हें उपयोग करना मददगार होगा जब स्पष्टीकरण दिया जा रहा हो",[],0
311,और अधिक डायग्राम मददगार होंगे,2,0,1,0,0,0,0,0,0,1,और अधिक डायग्राम मददगार होंगे,[],0
312,अच्छा है लेकिन ग्राफिक्स बेहतर हो सकते थे,2,0,1,0,0,1,0,0,0,1,अच्छा है लेकिन ग्राफिक्स बेहतर हो सकते थे,[],0
313,"कुछ महत्वपूर्ण अवधारणाओं पर और विस्तार किया जा सकता था, बजाय इसके कि उन्हें जल्दी से स्किप कर दिया जाए",1,0,1,0,0,0,0,0,0,0,"कुछ महत्वपूर्ण अवधारणाओं पर और विस्तार किया जा सकता था, बजाय इसके कि उन्हें जल्दी से स्किप कर दिया जाए",[],0
314,"हालांकि, जो परिभाषाएँ दी गई हैं वे स्पष्ट और संक्षिप्त हैं",4,0,0,0,0,1,0,0,1,1,"हालांकि, जो परिभाषाएँ दी गई हैं वे स्पष्ट और संक्षिप्त हैं",[],0
315,मातृ भाषा की आवश्यकता है,1,0,1,1,0,0,0,0,0,1,मातृ भाषा की आवश्यकता है,[],0
316,"सामग्री शानदार है, लेकिन कोई जर्मन अनुवाद नहीं है!!",1,0,0,1,0,0,0,0,0,1,"सामग्री शानदार है, लेकिन कोई जर्मन अनुवाद नहीं है!!",[],0
317,"मुझे यह कोर्स ठीक लगा लेकिन भाषाओं की समस्या थोड़ी परेशान करती है… साथ ही मेरी व्यक्तिगत राय में, वीडियो को और अधिक एनिमेटेड बनाना चाहिए",0,0,1,0,0,0,1,0,0,1,"मुझे यह कोर्स ठीक लगा लेकिन भाषाओं की समस्या थोड़ी परेशान करती है… साथ ही मेरी व्यक्तिगत राय में, वीडियो को और अधिक एनिमेटेड बनाना चाहिए",[],0
318,"सबक सरल हैं और अधिकांश समय जब वह किसी चीज़ की बात करते हैं, तो जो वह कह रहे होते हैं या जिसका उल्लेख कर रहे होते हैं, वह हाइलाइट नहीं होता, जिससे उदाहरणों को पहचानना कठिन हो जाता है… इसके अलावा यदि यह सबक अधिक व्यावहारिक हो जाएं तो अद्भुत होगा, ताकि हम देख सकें कि कैसे किया जाता है और कैसे काम करता है… मुझे लगता है कि यह कोर्स 95% थ्योरी और 5% प्रैक्टिकल है और उसका भी मतलब है कि ज्यादातर उदाहरण सिर्फ तस्वीरें हैं, वीडियो नहीं",1,0,1,1,0,0,0,0,0,1,"सबक सरल हैं और अधिकांश समय जब वह किसी चीज़ की बात करते हैं, तो जो वह कह रहे होते हैं या जिसका उल्लेख कर रहे होते हैं, वह हाइलाइट नहीं होता, जिससे उदाहरणों को पहचानना कठिन हो जाता है… इसके अलावा यदि यह सबक अधिक व्यावहारिक हो जाएं तो अद्भुत होगा, ताकि हम देख सकें कि कैसे किया जाता है और कैसे काम करता है… मुझे लगता है कि यह कोर्स 95% थ्योरी और 5% प्रैक्टिकल है और उसका भी मतलब है कि ज्यादातर उदाहरण सिर्फ तस्वीरें हैं, वीडियो नहीं",[],0
319,"कोर्स अधिकांशतः अच्छा है, अधिकांशतः पर्याप्त है, लेकिन निश्चित रूप से वीडियो में मिश्रित/गलत/पुरानी जानकारी है जो कभी-कभी मुझे भ्रमित करती है",1,0,0,1,0,0,1,0,0,1,"कोर्स अधिकांशतः अच्छा है, अधिकांशतः पर्याप्त है, लेकिन निश्चित रूप से वीडियो में मिश्रित/गलत/पुरानी जानकारी है जो कभी-कभी मुझे भ्रमित करती है",[],0
320,अनावश्यक बातें भी हैं,1,0,0,1,0,0,0,0,0,0,अनावश्यक बातें भी हैं,[],0
321,"और मुझे यकीन है कि मुझे वही पुराना ऑटोमेटेड उत्तर मिलेगा ""हम इसे 5 स्टार कैसे बना सकते हैं"" — यह वास्तव में आलोचना के लिए सच्ची चिंता नहीं दिखाता",2,0,0,1,0,0,0,0,0,0,"और मुझे यकीन है कि मुझे वही पुराना ऑटोमेटेड उत्तर मिलेगा ""हम इसे 5 स्टार कैसे बना सकते हैं"" — यह वास्तव में आलोचना के लिए सच्ची चिंता नहीं दिखाता",[],0
322,"डायन पढ़ाने में बहुत अच्छे हैं, लेकिन चित्रों की प्रस्तुति बेहतर हो सकती है",1,0,1,0,0,1,0,0,0,1,"डायन पढ़ाने में बहुत अच्छे हैं, लेकिन चित्रों की प्रस्तुति बेहतर हो सकती है",[],0
323,"अक्सर जब वह किसी नेटवर्क डायग्राम का उल्लेख करते हैं, तो मैं उस हिस्से को जल्दी पहचान नहीं पाता",1,0,0,0,0,0,1,0,0,0,"अक्सर जब वह किसी नेटवर्क डायग्राम का उल्लेख करते हैं, तो मैं उस हिस्से को जल्दी पहचान नहीं पाता",[],0
324,यदि संबंधित भागों को हाइलाइट किया जाए या ज़ूम किया जाए तो बेहतर होगा,0,0,1,0,0,0,0,0,0,1,यदि संबंधित भागों को हाइलाइट किया जाए या ज़ूम किया जाए तो बेहतर होगा,[],0
325,साथ ही PBQ प्रैक्टिस की भी ज़रूरत है,1,0,1,0,0,0,0,0,0,1,साथ ही PBQ प्रैक्टिस की भी ज़रूरत है,[],0
326,सच कहूं तो मैं बहुत मेहनत से पढ़ाई कर रहा हूं,2,0,0,0,1,0,0,0,0,1,सच कहूं तो मैं बहुत मेहनत से पढ़ाई कर रहा हूं,[],0
327,"मैंने TestOut, प्रोफेसर मेसर, जेसन डायन और कई प्रैक्टिस परीक्षा संसाधनों का उपयोग किया है",2,0,1,0,0,0,0,0,1,1,"मैंने TestOut, प्रोफेसर मेसर, जेसन डायन और कई प्रैक्टिस परीक्षा संसाधनों का उपयोग किया है",[],0
328,"मैं लगभग 90% से थोड़ा कम स्कोर कर रहा हूं, और मेरी सबसे बड़ी सीख यह है कि दोहराव बहुत ज़रूरी है",2,0,1,0,0,0,0,0,0,1,"मैं लगभग 90% से थोड़ा कम स्कोर कर रहा हूं, और मेरी सबसे बड़ी सीख यह है कि दोहराव बहुत ज़रूरी है",[],0
329,"इस कोर्स ने काफी मदद की, लेकिन अकेले इस पर निर्भर रहना कठिन है क्योंकि परीक्षा में सामग्री को याद करना ज़्यादा ज़रूरी होता है",2,0,0,0,1,0,0,0,1,1,"इस कोर्स ने काफी मदद की, लेकिन अकेले इस पर निर्भर रहना कठिन है क्योंकि परीक्षा में सामग्री को याद करना ज़्यादा ज़रूरी होता है",[],0
330,"मैं समझता हूं कि कोर्स की सामग्री हमेशा रोमांचक नहीं होती, और कुछ भाग काफी उबाऊ हो सकते हैं",1,0,0,0,0,0,1,0,0,0,"मैं समझता हूं कि कोर्स की सामग्री हमेशा रोमांचक नहीं होती, और कुछ भाग काफी उबाऊ हो सकते हैं",[],0
331,"प्रस्तुति थोड़ी मोनोटोन थी, जिससे रुचि बनाए रखना मुश्किल हो गया",1,0,0,0,0,0,1,0,0,0,"प्रस्तुति थोड़ी मोनोटोन थी, जिससे रुचि बनाए रखना मुश्किल हो गया",[],0
332,इसलिए मुख्य जानकारी याद रखना भी कठिन हो गया,1,0,0,0,0,0,1,0,0,1,इसलिए मुख्य जानकारी याद रखना भी कठिन हो गया,[],0
333,"डायन ट्रेनिंग से अनुरोध है कि आप इस कोर्स को अन्य परीक्षा तैयारी वेबसाइटों जितना प्रतिस्पर्धी बनाएं—जैसे अधिक टेस्ट प्रश्न, कमांड लाइन सिमुलेशन और वीडियो ट्रांसक्रिप्ट के अलावा अध्याय क्विज़ आदि",2,0,1,0,0,0,0,0,0,1,"डायन ट्रेनिंग से अनुरोध है कि आप इस कोर्स को अन्य परीक्षा तैयारी वेबसाइटों जितना प्रतिस्पर्धी बनाएं—जैसे अधिक टेस्ट प्रश्न, कमांड लाइन सिमुलेशन और वीडियो ट्रांसक्रिप्ट के अलावा अध्याय क्विज़ आदि",[],0
334,"कोर्स औसत से ऊपर है, और प्रशिक्षक अच्छे हैं, लेकिन बहुत महान नहीं",2,0,0,0,0,1,0,0,1,2,"कोर्स औसत से ऊपर है, और प्रशिक्षक अच्छे हैं, लेकिन बहुत महान नहीं",[],0
335,ज़्यादातर समय सिर्फ चेहरा ही बोलता दिखता है और स्क्रीन पर उपयोगी चीज़ें कम ही दिखती हैं,1,0,0,0,0,0,1,0,0,0,ज़्यादातर समय सिर्फ चेहरा ही बोलता दिखता है और स्क्रीन पर उपयोगी चीज़ें कम ही दिखती हैं,[],0
336,हालांकि व्याख्याएं अच्छी हैं,4,0,0,0,0,1,0,0,0,2,हालांकि व्याख्याएं अच्छी हैं,[],0
337,लेकिन कंटेंट में बहुत सारे संक्षेप (acronyms) हैं और विवरण की कमी है,1,0,0,1,0,0,0,0,0,0,लेकिन कंटेंट में बहुत सारे संक्षेप (acronyms) हैं और विवरण की कमी है,[],0
338,"हालांकि परीक्षा उद्देश्यों से जुड़ी जानकारी अच्छी तरह समझाई गई है, लेकिन यह वीडियो कोर्स उन चीज़ों में भी बहुत गहराई में जाता है जो परीक्षा में नहीं पूछी जातीं",2,0,0,1,0,0,0,0,0,0,"हालांकि परीक्षा उद्देश्यों से जुड़ी जानकारी अच्छी तरह समझाई गई है, लेकिन यह वीडियो कोर्स उन चीज़ों में भी बहुत गहराई में जाता है जो परीक्षा में नहीं पूछी जातीं",[],0
339,"अधिकांश भाग अच्छा लगा लेकिन कई हिस्सों में लगा कि बस जानकारी दी जा रही है, बिना पर्याप्त स्पष्टीकरण या विषयों के बीच संबंध स्थापित किए",1,0,0,1,0,1,0,0,0,2,"अधिकांश भाग अच्छा लगा लेकिन कई हिस्सों में लगा कि बस जानकारी दी जा रही है, बिना पर्याप्त स्पष्टीकरण या विषयों के बीच संबंध स्थापित किए",[],0
340,"पता नहीं क्या हुआ, शुरू में जो मैंने किया वह दिख नहीं रहा और अचानक कोर्स पूरा होने पर बधाई मिल गई",1,0,0,1,0,0,0,1,0,2,"पता नहीं क्या हुआ, शुरू में जो मैंने किया वह दिख नहीं रहा और अचानक कोर्स पूरा होने पर बधाई मिल गई",[],0
341,हालांकि कोर्स काफी जानकारीपूर्ण और अच्छा है,4,0,0,0,0,1,0,0,1,1,हालांकि कोर्स काफी जानकारीपूर्ण और अच्छा है,[],0
342,"पहली बार में पास कर लिया, लेकिन मुश्किल से",4,0,0,0,1,1,0,0,0,2,"पहली बार में पास कर लिया, लेकिन मुश्किल से",[],0
343,परीक्षा उम्मीद से कहीं ज़्यादा कठिन थी,2,0,0,0,1,0,0,0,0,1,परीक्षा उम्मीद से कहीं ज़्यादा कठिन थी,[],0
344,"कुछ टॉपिक्स जिन पर ज़्यादा ज़ोर दिया गया था, वे मेरे टेस्ट में ज़्यादा नहीं आए",2,0,0,1,0,0,0,0,0,0,"कुछ टॉपिक्स जिन पर ज़्यादा ज़ोर दिया गया था, वे मेरे टेस्ट में ज़्यादा नहीं आए",[],0
345,"लेकिन जो कुछ सीखा, उसी पर भरोसा किया और परिणाम आ ही गया",4,0,0,0,0,1,0,0,1,2,"लेकिन जो कुछ सीखा, उसी पर भरोसा किया और परिणाम आ ही गया",[],0
346,"मैंने सफलतापूर्वक Network+ परीक्षा पास कर ली, लेकिन मुझे लगता है कि विषयों को गहराई से कवर नहीं किया गया था",2,0,0,0,0,1,0,0,0,1,"मैंने सफलतापूर्वक Network+ परीक्षा पास कर ली, लेकिन मुझे लगता है कि विषयों को गहराई से कवर नहीं किया गया था",[],0
347,"बहुत अच्छा कोर्स था, व्याख्यान का आनंद लिया, लेकिन इसे करने से पहले कुछ पूर्व ज्ञान ज़रूरी लगा",2,0,1,0,0,1,0,0,0,1,"बहुत अच्छा कोर्स था, व्याख्यान का आनंद लिया, लेकिन इसे करने से पहले कुछ पूर्व ज्ञान ज़रूरी लगा",[],0
348,अभ्यास परीक्षा में जो था वह मुख्य कोर्स से मेल नहीं खाता,2,0,0,0,1,0,0,0,0,0,अभ्यास परीक्षा में जो था वह मुख्य कोर्स से मेल नहीं खाता,[],0
349,"कुछ क्विज़, विशेषकर प्रैक्टिस परीक्षा में ऐसी चीजें थीं जो नोट्स या जेसन डायन ने नहीं बताई थीं",2,0,0,1,0,0,0,0,0,0,"कुछ क्विज़, विशेषकर प्रैक्टिस परीक्षा में ऐसी चीजें थीं जो नोट्स या जेसन डायन ने नहीं बताई थीं",[],0
350,"कुछ वीडियो में बहुत अच्छी दृश्यात्मक प्रस्तुति थी और कुछ में बिल्कुल नहीं, हालांकि वह सरलता से समझाते हैं",1,0,0,0,0,1,1,0,0,1,"कुछ वीडियो में बहुत अच्छी दृश्यात्मक प्रस्तुति थी और कुछ में बिल्कुल नहीं, हालांकि वह सरलता से समझाते हैं",[],0
351,"कोर्स अच्छा है, लेकिन इसमें बहुत सारी जानकारी दी गई जो बाद में बताया गया कि परीक्षा में नहीं आएगी",1,0,0,0,0,1,1,0,0,1,"कोर्स अच्छा है, लेकिन इसमें बहुत सारी जानकारी दी गई जो बाद में बताया गया कि परीक्षा में नहीं आएगी",[],0
352,"डायन ट्रेनिंग सॉल्यूशंस, जैसा कि मैंने पहले भी कहा, कोर्स अच्छा है लेकिन इसमें और अधिक प्रैक्टिकल लैब्स होने चाहिए",2,0,0,1,0,1,0,0,0,1,"डायन ट्रेनिंग सॉल्यूशंस, जैसा कि मैंने पहले भी कहा, कोर्स अच्छा है लेकिन इसमें और अधिक प्रैक्टिकल लैब्स होने चाहिए",[],0
353,कई विषयों में यह स्पष्ट नहीं हुआ कि असल में यह कैसे काम करता है,1,0,0,0,0,0,1,0,0,0,कई विषयों में यह स्पष्ट नहीं हुआ कि असल में यह कैसे काम करता है,[],0
354,कुछ विषयों के लिए अधिक व्यावहारिक दृष्टिकोण और स्पष्टीकरण की आवश्यकता है,1,0,1,0,0,0,0,0,0,1,कुछ विषयों के लिए अधिक व्यावहारिक दृष्टिकोण और स्पष्टीकरण की आवश्यकता है,[],0
355,"कई चीजें थोड़ी जल्दी और ढीले ढाले तरीके से समझाई गई हैं, और उनकी सटीकता संदिग्ध है",1,0,0,1,0,0,0,0,0,1,"कई चीजें थोड़ी जल्दी और ढीले ढाले तरीके से समझाई गई हैं, और उनकी सटीकता संदिग्ध है",[],0
356,"इस कोर्स को एकमात्र स्रोत के रूप में उपयोग न करें, लेकिन यह समीक्षा के लिए अच्छा है",2,0,1,0,0,0,0,0,0,1,"इस कोर्स को एकमात्र स्रोत के रूप में उपयोग न करें, लेकिन यह समीक्षा के लिए अच्छा है",[],0
357,"आधे रास्ते पर हूं, अब तक सब ठीक है",4,0,0,0,0,1,0,0,0,1,"आधे रास्ते पर हूं, अब तक सब ठीक है",[],0
358,"कुछ विषय Network+ प्रश्नों के लिए पर्याप्त गहराई में नहीं हैं, लेकिन शायद आगे के वीडियो में कवर हों",2,0,1,0,0,0,0,0,0,2,"कुछ विषय Network+ प्रश्नों के लिए पर्याप्त गहराई में नहीं हैं, लेकिन शायद आगे के वीडियो में कवर हों",[],0
359,यह काफी दिलचस्प कोर्स है,4,0,0,0,0,1,0,0,1,1,यह काफी दिलचस्प कोर्स है,[],0
360,मैं नेटवर्किंग के बारे में पहले से कहीं ज़्यादा चीजें सीख रहा हूं,4,0,0,0,0,1,0,0,0,1,मैं नेटवर्किंग के बारे में पहले से कहीं ज़्यादा चीजें सीख रहा हूं,[],0
361,"किसी विषय को 10 मिनट में समझाकर अंत में कहना कि ""आपको परीक्षा में सिर्फ एक वाक्य जानना है"" – यह तरीका मुझे वीडियो देखना बंद करने पर मजबूर कर देता है",1,0,0,1,0,0,1,0,0,0,"किसी विषय को 10 मिनट में समझाकर अंत में कहना कि ""आपको परीक्षा में सिर्फ एक वाक्य जानना है"" – यह तरीका मुझे वीडियो देखना बंद करने पर मजबूर कर देता है",[],0
362,"बहुत ही व्यापक कोर्स है, डायन सब कुछ कवर करते हैं—even वो चीजें भी जो परीक्षा में ज़रूरी नहीं हैं",4,0,0,0,0,1,0,0,0,0,"बहुत ही व्यापक कोर्स है, डायन सब कुछ कवर करते हैं—even वो चीजें भी जो परीक्षा में ज़रूरी नहीं हैं",[],0
363,मेरी एकमात्र शिकायत इसकी लंबाई है,1,0,0,0,0,0,1,0,0,1,मेरी एकमात्र शिकायत इसकी लंबाई है,[],0
364,लगता है कि संसाधनों में कुछ समस्या है,0,0,0,0,0,0,1,0,0,0,लगता है कि संसाधनों में कुछ समस्या है,[],0
365,कुछ चित्र ब्लॉक या काले पड़े हैं,0,0,0,0,0,0,0,0,0,0,कुछ चित्र ब्लॉक या काले पड़े हैं,[],0
366,"कुल मिलाकर, यह काम करता है",4,0,0,0,0,1,0,0,0,1,"कुल मिलाकर, यह काम करता है",[],0
367,"समझना आसान है, और वह एक अच्छे शिक्षक हैं",4,0,0,0,0,1,0,0,1,1,"समझना आसान है, और वह एक अच्छे शिक्षक हैं",[],0
368,लेकिन मुझे यह पसंद नहीं कि उन्होंने इस सीरीज़ में DHCP के बारे में बहुत ज़्यादा बात की,1,0,0,0,0,0,1,0,0,0,लेकिन मुझे यह पसंद नहीं कि उन्होंने इस सीरीज़ में DHCP के बारे में बहुत ज़्यादा बात की,[],0
369,"मैं कुछ ग्राफ़िक चित्रों की अपेक्षा कर रहा था, जिससे और मदद मिलती",1,0,1,0,0,0,0,0,0,1,"मैं कुछ ग्राफ़िक चित्रों की अपेक्षा कर रहा था, जिससे और मदद मिलती",[],0
370,"अब तक सब अच्छा है, विषयों को समझाने का तरीका सरल है",4,0,0,0,0,1,0,0,1,1,"अब तक सब अच्छा है, विषयों को समझाने का तरीका सरल है",[],0
371,"कुछ उपयोगी जानकारी है, लेकिन कम से कम एक प्रश्न के उत्तर से मैं असहमत हूँ",2,0,0,1,0,0,0,0,0,2,"कुछ उपयोगी जानकारी है, लेकिन कम से कम एक प्रश्न के उत्तर से मैं असहमत हूँ",[],0
372,"हाँ, बहुत अच्छा कोर्स! मैं लगभग 20 वर्षों से सॉफ्टवेयर डेवलपर रहा हूँ और इन सभी विषयों को समझना मेरे लिए फायदेमंद रहा",4,0,0,0,0,1,0,0,1,1,"हाँ, बहुत अच्छा कोर्स! मैं लगभग 20 वर्षों से सॉफ्टवेयर डेवलपर रहा हूँ और इन सभी विषयों को समझना मेरे लिए फायदेमंद रहा",[],0
373,"इससे नेटवर्क टीमों के साथ संवाद करना, समस्याओं को पहचानना और हल करना आसान होगा—जो मुझे एक बेहतर डेवलपर बनाएगा",4,0,1,0,0,1,0,0,0,1,"इससे नेटवर्क टीमों के साथ संवाद करना, समस्याओं को पहचानना और हल करना आसान होगा—जो मुझे एक बेहतर डेवलपर बनाएगा",[],0
374,सामग्री अच्छी है,4,0,0,0,0,1,0,0,1,1,सामग्री अच्छी है,[],0
375,कभी-कभी व्याख्याएं अस्पष्ट होती हैं,1,0,0,0,0,0,1,0,0,0,कभी-कभी व्याख्याएं अस्पष्ट होती हैं,[],0
376,चित्र और डेमो स्थिर हैं और एनिमेटेड नहीं हैं,0,0,0,0,0,0,1,0,0,0,चित्र और डेमो स्थिर हैं और एनिमेटेड नहीं हैं,[],0
377,प्रशिक्षक वास्तव में अच्छे हैं लेकिन कभी-कभी परिभाषाओं और जटिल विषयों को पूरी तरह से समझाए बिना ही छोड़ देते हैं कि वे क्यों उपयोगी हैं और कैसे कार्य करते हैं,1,0,0,0,0,0,1,0,0,1,प्रशिक्षक वास्तव में अच्छे हैं लेकिन कभी-कभी परिभाषाओं और जटिल विषयों को पूरी तरह से समझाए बिना ही छोड़ देते हैं कि वे क्यों उपयोगी हैं और कैसे कार्य करते हैं,[],0
378,मैं अपनी पहली कोशिश में अच्छा नहीं कर सका,2,0,0,0,0,0,1,0,0,0,मैं अपनी पहली कोशिश में अच्छा नहीं कर सका,[],0
379,"उत्कृष्ट पाठ, लेकिन इसमें स्पेनिश उपशीर्षक की अनुमति होनी चाहिए थी",0,0,1,0,0,0,0,0,1,1,"उत्कृष्ट पाठ, लेकिन इसमें स्पेनिश उपशीर्षक की अनुमति होनी चाहिए थी",[],0
380,इस कोर्स में लगभग कोई व्यावहारिक (हैंड्स-ऑन) अनुभव नहीं है,2,0,0,0,0,0,1,0,0,0,इस कोर्स में लगभग कोई व्यावहारिक (हैंड्स-ऑन) अनुभव नहीं है,[],0
381,कृपया 568A/B वायरिंग कलर कोड को और विस्तार से समझाएं,1,0,1,0,0,0,0,0,1,1,कृपया 568A/B वायरिंग कलर कोड को और विस्तार से समझाएं,[],0
382,अवधारणाओं की बहुत अच्छी व्याख्या की गई है और यह आकर्षक है,4,0,0,0,0,1,0,0,1,1,अवधारणाओं की बहुत अच्छी व्याख्या की गई है और यह आकर्षक है,[],0
383,माइक्रोवेव कनेक्शन जैसे विषयों पर थोड़ा और विस्तार किया जा सकता था—इसे आखिरी वीडियो से पहले कभी नहीं बताया गया,1,0,1,0,0,0,0,0,0,0,माइक्रोवेव कनेक्शन जैसे विषयों पर थोड़ा और विस्तार किया जा सकता था—इसे आखिरी वीडियो से पहले कभी नहीं बताया गया,[],0
384,सैद्धांतिक रूप से अच्छा है लेकिन और अधिक डेमोंस्ट्रेशन की ज़रूरत है,2,0,1,0,0,0,0,0,1,1,सैद्धांतिक रूप से अच्छा है लेकिन और अधिक डेमोंस्ट्रेशन की ज़रूरत है,[],0
385,"अच्छा कोर्स है, लेकिन कुछ सामग्री के क्रम या प्रासंगिकता को समझना थोड़ा कठिन है",2,0,0,0,0,0,1,0,0,1,"अच्छा कोर्स है, लेकिन कुछ सामग्री के क्रम या प्रासंगिकता को समझना थोड़ा कठिन है",[],0
386,"यह अच्छी तरह से व्यवस्थित लगता है और प्रशिक्षक शानदार हैं, लेकिन जब आप वास्तव में किसी खंड को देखते हैं, तो यह याद रखना कठिन हो सकता है कि कौन सा उपविषय किससे जुड़ा है",2,0,0,0,0,0,1,0,0,1,"यह अच्छी तरह से व्यवस्थित लगता है और प्रशिक्षक शानदार हैं, लेकिन जब आप वास्तव में किसी खंड को देखते हैं, तो यह याद रखना कठिन हो सकता है कि कौन सा उपविषय किससे जुड़ा है",[],0
387,अच्छी सामग्री,4,0,0,0,0,1,0,0,1,1,अच्छी सामग्री,[],0
388,"जानकारी उपयोगी है, लेकिन प्रस्तुति कष्टप्रद है",1,0,0,1,0,0,1,0,0,1,"जानकारी उपयोगी है, लेकिन प्रस्तुति कष्टप्रद है",[],0
389,"""अब"" शब्द को हर वाक्य में सुनना कई लोगों के लिए परेशान करने वाला हो सकता है",1,0,0,1,0,0,0,0,0,0,"""अब"" शब्द को हर वाक्य में सुनना कई लोगों के लिए परेशान करने वाला हो सकता है",[],0
390,बहुत बढ़िया कोर्स था,4,0,0,0,0,1,0,0,1,1,बहुत बढ़िया कोर्स था,[],0
391,समझने योग्य,4,0,0,0,0,1,0,0,1,1,समझने योग्य,[],0
392,व्याख्याता अधिकतर जानकारी पढ़कर बता रहे हैं और यह थोड़ा सूखा (उबाऊ) लग रहा है,1,0,0,1,0,0,1,0,0,0,व्याख्याता अधिकतर जानकारी पढ़कर बता रहे हैं और यह थोड़ा सूखा (उबाऊ) लग रहा है,[],0
393,"हालांकि कोर्स लगभग 24 घंटे का है, प्रत्येक विषय को अधिक समय और गहराई से छूने की ज़रूरत है",1,0,1,0,0,0,1,0,0,1,"हालांकि कोर्स लगभग 24 घंटे का है, प्रत्येक विषय को अधिक समय और गहराई से छूने की ज़रूरत है",[],0
394,यह Net+ पास करने के लिए एक पूर्ण कोर्स जैसा नहीं लगता—मुझे लगता है कि मुझे अपनी पढ़ाई को अन्य संसाधनों से भी पूरक करना पड़ेगा,2,0,0,0,1,0,1,0,0,1,यह Net+ पास करने के लिए एक पूर्ण कोर्स जैसा नहीं लगता—मुझे लगता है कि मुझे अपनी पढ़ाई को अन्य संसाधनों से भी पूरक करना पड़ेगा,[],0
395,मुझे अतिरिक्त संसाधन डाउनलोड करने पड़े और कुछ यूट्यूब वीडियो देखने पड़े ताकि मैं उन अवधारणाओं को समझ सकूं जिन्हें बिना स्पष्टीकरण के उल्लेख किया गया था,2,0,1,0,1,0,0,0,0,0,मुझे अतिरिक्त संसाधन डाउनलोड करने पड़े और कुछ यूट्यूब वीडियो देखने पड़े ताकि मैं उन अवधारणाओं को समझ सकूं जिन्हें बिना स्पष्टीकरण के उल्लेख किया गया था,[],0
396,"अब तक मुझे अच्छी जानकारी मिल रही है, बस मैं चाहता हूँ कि अधिक बार क्विज़ हों ताकि यह पुष्टि हो सके कि मैं जानकारी को समझ रहा हूँ",2,0,1,0,0,1,0,0,0,1,"अब तक मुझे अच्छी जानकारी मिल रही है, बस मैं चाहता हूँ कि अधिक बार क्विज़ हों ताकि यह पुष्टि हो सके कि मैं जानकारी को समझ रहा हूँ",[],0
397,"पढ़ाने की गति इतनी तेज है कि मैं नोट्स नहीं ले पाता, लेकिन कुल मिलाकर प्रस्तुति अच्छी है",1,0,0,0,0,1,1,0,1,1,"पढ़ाने की गति इतनी तेज है कि मैं नोट्स नहीं ले पाता, लेकिन कुल मिलाकर प्रस्तुति अच्छी है",[],0
398,ध्यान केंद्रित रखना और सामग्री में रुचि बनाए रखना थोड़ा कठिन है,1,0,0,0,0,0,1,0,0,1,ध्यान केंद्रित रखना और सामग्री में रुचि बनाए रखना थोड़ा कठिन है,[],0
399,"मुझे पूरा कोर्स पसंद आया लेकिन ऐसा लगा कि Asynchronous, Isynchronous और Synchronous विषयों को सिर्फ ऊपर-ऊपर से छू लिया गया",2,0,0,0,0,1,1,0,0,1,"मुझे पूरा कोर्स पसंद आया लेकिन ऐसा लगा कि Asynchronous, Isynchronous और Synchronous विषयों को सिर्फ ऊपर-ऊपर से छू लिया गया",[],0
400,प्रैक्टिस परीक्षाएं बहुत ज़रूरी हैं,2,0,1,0,0,0,0,0,0,1,प्रैक्टिस परीक्षाएं बहुत ज़रूरी हैं,[],0
401,इन्हीं की मदद से मैं पहली बार में ही प्रमाणित हो गया और इस कोर्स ने मुझे आत्मविश्वास दिया,4,0,0,0,0,1,0,0,1,1,इन्हीं की मदद से मैं पहली बार में ही प्रमाणित हो गया और इस कोर्स ने मुझे आत्मविश्वास दिया,[],0
402,डायन ट्रेनिंग कोर्स हमेशा भरोसेमंद होते हैं,4,0,0,0,0,0,0,0,1,1,डायन ट्रेनिंग कोर्स हमेशा भरोसेमंद होते हैं,[],0
403,मैं स्वीकार करता हूँ कि विषयों की जटिलता को देखते हुए और अधिक दृश्य उदाहरण (जैसे कुछ वीडियो में Cisco Packet Tracer) या वास्तविक क्षेत्र से जुड़े उदाहरण होते तो यह कोर्स पांच सितारा मूल्यांकन पाने योग्य होता,4,0,1,0,0,0,0,0,1,1,मैं स्वीकार करता हूँ कि विषयों की जटिलता को देखते हुए और अधिक दृश्य उदाहरण (जैसे कुछ वीडियो में Cisco Packet Tracer) या वास्तविक क्षेत्र से जुड़े उदाहरण होते तो यह कोर्स पांच सितारा मूल्यांकन पाने योग्य होता,[],0
404,मैंने अभी अपना Network+ N10-009 परीक्षा पास किया—बहुत उत्साहित हूँ! इस कोर्स का बहुत धन्यवाद,4,0,0,0,0,1,0,0,1,2,मैंने अभी अपना Network+ N10-009 परीक्षा पास किया—बहुत उत्साहित हूँ! इस कोर्स का बहुत धन्यवाद,[],0
405,और अब मुझे वह रिटेक वाउचर भी नहीं चाहिए! 🎉,4,0,0,0,0,1,0,0,0,2,और अब मुझे वह रिटेक वाउचर भी नहीं चाहिए!,['🎉'],1
406,"हाँ, यह एक अच्छा मेल है",4,0,0,0,0,1,0,0,0,1,"हाँ, यह एक अच्छा मेल है",[],0
407,मैं प्रैक्टिस क्विज़ और टेस्ट में सिमुलेशन सवाल देखना पसंद करता,4,0,0,0,0,1,0,0,0,1,मैं प्रैक्टिस क्विज़ और टेस्ट में सिमुलेशन सवाल देखना पसंद करता,[],0
408,यह बहुत गहराई से था,4,0,0,0,0,1,0,0,0,2,यह बहुत गहराई से था,[],0
409,मैं कुछ प्रैक्टिस परीक्षाएँ लेने के बाद विभिन्न चीजों को दोबारा देखने के लिए उत्साहित हूँ और आखिरकार परीक्षा के दिन आधिकारिक परीक्षा दूँगा!,4,0,0,0,0,1,0,0,0,2,मैं कुछ प्रैक्टिस परीक्षाएँ लेने के बाद विभिन्न चीजों को दोबारा देखने के लिए उत्साहित हूँ और आखिरकार परीक्षा के दिन आधिकारिक परीक्षा दूँगा!,[],0
410,"यह सामग्री बहुत जानकारीपूर्ण है, मैं इस सामग्री का आनंद ले रहा हूँ",4,0,0,0,0,1,0,0,0,1,"यह सामग्री बहुत जानकारीपूर्ण है, मैं इस सामग्री का आनंद ले रहा हूँ",[],0
411,उत्कृष्ट कोर्स लेकिन Network+ के लिए थोड़ा ज़्यादा है,4,0,0,0,0,1,1,0,0,1,उत्कृष्ट कोर्स लेकिन Network+ के लिए थोड़ा ज़्यादा है,[],0
412,"यह अच्छा रहा है, लेकिन मैं चाहूंगा कि यह मुझे शब्दावली के लिए नोट्स ईमेल करे ताकि मैं सुनिश्चित कर सकूँ कि मैं उन्हें जानता",0,0,1,0,0,0,0,0,0,1,"यह अच्छा रहा है, लेकिन मैं चाहूंगा कि यह मुझे शब्दावली के लिए नोट्स ईमेल करे ताकि मैं सुनिश्चित कर सकूँ कि मैं उन्हें जानता",[],0
413,यह थोड़ा खिंचने लगा है,1,0,0,0,0,0,1,0,0,0,यह थोड़ा खिंचने लगा है,[],0
414,मुझे यकीन है कि यह मेरी बेचैनी है,1,0,0,0,1,0,0,0,0,1,मुझे यकीन है कि यह मेरी बेचैनी है,[],0
415,डिऑन बहुत विस्तृत है और मुझे यह पसंद है,4,0,0,0,0,1,0,0,1,1,डिऑन बहुत विस्तृत है और मुझे यह पसंद है,[],0
416,इस प्रशिक्षण पाठ्यक्रम के साथ मुझे यह पसंद है कि मैं अपनी गति से सीख सकता हूँ,4,0,0,0,0,1,0,0,0,1,इस प्रशिक्षण पाठ्यक्रम के साथ मुझे यह पसंद है कि मैं अपनी गति से सीख सकता हूँ,[],0
417,यह बहुत अच्छा है,4,0,0,0,0,1,0,0,0,1,यह बहुत अच्छा है,[],0
418,मैं प्रभावित हूँ कि यह कोर्स वर्तमान शब्दावली और विषयों के साथ अपडेटेड है,4,0,0,0,0,1,0,0,1,1,मैं प्रभावित हूँ कि यह कोर्स वर्तमान शब्दावली और विषयों के साथ अपडेटेड है,[],0
419,कृपया जानकारी साझा करते रहें,4,0,0,0,0,0,0,0,1,1,कृपया जानकारी साझा करते रहें,[],0
420,मुझे आवश्यक जानकारी मिली लेकिन यह बहुत बार दोहराई गई थी और कोर्स का अधिकांश हिस्सा वास्तव में सिर्फ टेक्स्ट और चित्र थे,1,0,0,1,0,0,1,0,0,0,मुझे आवश्यक जानकारी मिली लेकिन यह बहुत बार दोहराई गई थी और कोर्स का अधिकांश हिस्सा वास्तव में सिर्फ टेक्स्ट और चित्र थे,[],0
421,मुझे यह कोर्स करना बहुत पसंद आया,4,0,0,0,0,1,0,0,0,1,मुझे यह कोर्स करना बहुत पसंद आया,[],0
422,"शिक्षक ने अवधारणाओं को बहुत सरल शब्दों में समझाया, हालांकि यह कठिन था लेकिन मैं यहां तक पहुंच गया",4,0,0,0,0,1,0,0,1,1,"शिक्षक ने अवधारणाओं को बहुत सरल शब्दों में समझाया, हालांकि यह कठिन था लेकिन मैं यहां तक पहुंच गया",[],0
423,धन्यवाद जेसन,4,0,0,0,0,1,0,0,0,2,धन्यवाद जेसन,[],0
424,बहुत अच्छा स्पष्टीकरण,4,0,0,0,0,1,0,0,0,1,बहुत अच्छा स्पष्टीकरण,[],0
425,"शानदार, मैं इसे पसंद कर रहा हूँ !!!! धन्यवाद डिओन",4,0,0,0,0,1,0,0,0,1,"शानदार, मैं इसे पसंद कर रहा हूँ !!!! धन्यवाद डिओन",[],0
426,और अधिक क्विज़ प्रश्नों की आवश्यकता है,2,0,1,0,0,0,0,0,0,1,और अधिक क्विज़ प्रश्नों की आवश्यकता है,[],0
427,समझने के लिए बहुत कुछ है लेकिन विवरण बहुत अच्छा प्रदान किया गया है,4,0,0,0,0,1,0,0,0,1,समझने के लिए बहुत कुछ है लेकिन विवरण बहुत अच्छा प्रदान किया गया है,[],0
428,प्रस्तुति में थोड़ी समस्या है,1,0,0,0,0,0,1,0,0,0,प्रस्तुति में थोड़ी समस्या है,[],0
429,थोड़ा तेज़ है,1,0,0,0,0,0,1,0,0,1,थोड़ा तेज़ है,[],0
430,"हाँ, यह बहुत सहायक और मज़ेदार है!",4,0,0,0,0,1,0,0,1,1,"हाँ, यह बहुत सहायक और मज़ेदार है!",[],0
431,मुझे केवल जानकारी पढ़ने की बजाय यह तरीका ज्यादा पसंद आया,4,0,0,0,0,1,0,0,1,1,मुझे केवल जानकारी पढ़ने की बजाय यह तरीका ज्यादा पसंद आया,[],0
432,प्रस्तुतिकरण इसे अधिक आकर्षक और याद रखने में आसान बनाते हैं,4,0,0,0,0,1,0,0,0,1,प्रस्तुतिकरण इसे अधिक आकर्षक और याद रखने में आसान बनाते हैं,[],0
433,यह एक सूचनात्मक प्रक्रिया रही है,4,0,0,0,0,0,0,0,1,1,यह एक सूचनात्मक प्रक्रिया रही है,[],0
434,"सच कहूं तो जब तक खत्म नहीं होता, निश्चित नहीं हूँ",2,0,1,0,1,0,0,0,0,2,"सच कहूं तो जब तक खत्म नहीं होता, निश्चित नहीं हूँ",[],0
435,"सामग्री और प्रश्न अच्छे हैं, बस काश प्रत्येक अनुभाग में और समीक्षा प्रश्न होते",2,0,1,0,0,0,0,0,1,1,"सामग्री और प्रश्न अच्छे हैं, बस काश प्रत्येक अनुभाग में और समीक्षा प्रश्न होते",[],0
436,काफी जानकारीपूर्ण और अच्छी तरह से समझाया गया,4,0,0,0,0,1,0,0,1,1,काफी जानकारीपूर्ण और अच्छी तरह से समझाया गया,[],0
437,यह कोर्स अद्भुत और शैक्षणिक है,4,0,0,0,0,1,0,0,1,1,यह कोर्स अद्भुत और शैक्षणिक है,[],0
438,अभ्यास क्विज़ में कभी-कभी ऐसे प्रश्न होते हैं जिनके उत्तर गलत लगते हैं,2,0,0,1,0,0,1,0,0,0,अभ्यास क्विज़ में कभी-कभी ऐसे प्रश्न होते हैं जिनके उत्तर गलत लगते हैं,[],0
439,यह बहुत जानकारीपूर्ण और व्यावहारिक रहा है,4,0,0,0,0,1,0,0,1,1,यह बहुत जानकारीपूर्ण और व्यावहारिक रहा है,[],0
440,"बोलने की गति बहुत तेज़ है, ज्यादातर समय मुझे वीडियो के कुछ हिस्सों को एक से अधिक बार देखना पड़ा ताकि मैं समझ सकूं आप क्या कह रहे हैं",1,0,0,1,0,0,0,0,0,2,"बोलने की गति बहुत तेज़ है, ज्यादातर समय मुझे वीडियो के कुछ हिस्सों को एक से अधिक बार देखना पड़ा ताकि मैं समझ सकूं आप क्या कह रहे हैं",[],0
441,क्या उम्मीद करनी है इसका अच्छा स्पष्टीकरण,4,0,0,0,0,1,0,0,0,1,क्या उम्मीद करनी है इसका अच्छा स्पष्टीकरण,[],0
442,अब तक सब ठीक चल रहा है,4,0,0,0,0,1,0,0,1,1,अब तक सब ठीक चल रहा है,[],0
443,काश इसमें वास्तविक जीवन के उदाहरण होते,2,0,1,0,0,0,0,0,0,1,काश इसमें वास्तविक जीवन के उदाहरण होते,[],0
444,अब तक यह ठीक उसी दिशा में जा रहा है जिसकी मुझे उम्मीद थी,4,0,0,0,0,1,0,0,1,1,अब तक यह ठीक उसी दिशा में जा रहा है जिसकी मुझे उम्मीद थी,[],0
445,अच्छा प्रारंभिक वीडियो,4,0,0,0,0,1,0,0,1,1,अच्छा प्रारंभिक वीडियो,[],0
446,"संक्षिप्त, जानकारीपूर्ण और प्रेरणादायक",4,0,0,0,0,1,0,0,0,1,"संक्षिप्त, जानकारीपूर्ण और प्रेरणादायक",[],0
447,क्विज़ सेक्शन में बस और अधिक प्रश्नों की आवश्यकता है,2,0,1,0,0,0,0,0,0,1,क्विज़ सेक्शन में बस और अधिक प्रश्नों की आवश्यकता है,[],0
448,यह बहुत सहज और समझने योग्य है,4,0,0,0,0,1,0,0,1,1,यह बहुत सहज और समझने योग्य है,[],0
449,अनुसरण करना आसान है,4,0,0,0,0,1,0,0,1,1,अनुसरण करना आसान है,[],0
450,मैं स्पष्ट रूप से समझ और सुन पा रहा हूँ,4,0,0,0,0,1,0,0,1,1,मैं स्पष्ट रूप से समझ और सुन पा रहा हूँ,[],0
451,"यह कोर्स वास्तव में अच्छा है, लेकिन मुझे लगता है कि वीडियो में और अधिक फ़ोटो होनी चाहिए",1,0,1,0,0,0,0,0,1,1,"यह कोर्स वास्तव में अच्छा है, लेकिन मुझे लगता है कि वीडियो में और अधिक फ़ोटो होनी चाहिए",[],0
452,कोर्स अच्छी तरह चल रहा है,4,0,0,0,0,1,0,0,1,1,कोर्स अच्छी तरह चल रहा है,[],0
453,प्रत्येक विषय की बहुत ही विस्तृत व्याख्या,4,0,0,0,0,1,0,0,1,1,प्रत्येक विषय की बहुत ही विस्तृत व्याख्या,[],0
454,आप लोगों ने मुझे A+ में भी मदद की थी,4,0,0,0,0,1,0,0,1,1,आप लोगों ने मुझे A+ में भी मदद की थी,[],0
455,बहुत धन्यवाद,4,0,0,0,0,1,0,0,0,2,बहुत धन्यवाद,[],0
456,"अल्हम्दुलिल्लाह, मैं परीक्षा पास करने में सक्षम रहा",4,0,0,0,0,1,0,1,0,1,"अल्हम्दुलिल्लाह, मैं परीक्षा पास करने में सक्षम रहा",[],0
457,"बहुत उपयोगी कोर्स और बेहतरीन तथा सार्थक व्याख्यान, कुछ भी अतिरिक्त नहीं, वह केवल वही चीजें सिखाते हैं जो परीक्षा पास करने में मदद करती हैं",4,0,0,0,0,1,0,0,1,1,"बहुत उपयोगी कोर्स और बेहतरीन तथा सार्थक व्याख्यान, कुछ भी अतिरिक्त नहीं, वह केवल वही चीजें सिखाते हैं जो परीक्षा पास करने में मदद करती हैं",[],0
458,"मैंने Security+ भी लिया था, और 8 दिनों के भीतर परीक्षा पास कर ली",4,0,0,0,0,1,0,1,0,1,"मैंने Security+ भी लिया था, और 8 दिनों के भीतर परीक्षा पास कर ली",[],0
459,मैंने इसे 2 महीनों तक सप्ताह में 5 दिन देखा और यह बहुत मददगार रहा,4,0,0,0,0,1,0,0,1,1,मैंने इसे 2 महीनों तक सप्ताह में 5 दिन देखा और यह बहुत मददगार रहा,[],0
460,परीक्षा से दो दिन पहले आखिरी वीडियो पूरा किया और ईमानदारी से कहूं तो मुझे काफी आत्मविश्वास महसूस हुआ और पहली बार में पास कर लिया 😊,4,0,0,0,0,1,0,1,1,0,परीक्षा से दो दिन पहले आखिरी वीडियो पूरा किया और ईमानदारी से कहूं तो मुझे काफी आत्मविश्वास महसूस हुआ और पहली बार में पास कर लिया,['😊'],1
461,यह कोर्स वास्तव में समय लेता है और सभी सामग्री को गहराई से कवर करता है,4,0,1,0,0,0,0,0,1,1,यह कोर्स वास्तव में समय लेता है और सभी सामग्री को गहराई से कवर करता है,[],0
462,"जो कोई भी Network+ की अवधारणाओं को गहराई से समझना चाहता है, उसके लिए बहुत अच्छा है",4,0,0,0,0,1,0,0,1,1,"जो कोई भी Network+ की अवधारणाओं को गहराई से समझना चाहता है, उसके लिए बहुत अच्छा है",[],0
463,"शानदार सीखने का अनुभव, मैं यह भी देखना चाहूंगा कि मैंने कितनी समझ हासिल की है इसके लिए कुछ प्रैक्टिकल अनुभव भी होना चाहिए",4,0,0,0,0,1,0,0,0,1,"शानदार सीखने का अनुभव, मैं यह भी देखना चाहूंगा कि मैंने कितनी समझ हासिल की है इसके लिए कुछ प्रैक्टिकल अनुभव भी होना चाहिए",[],0
464,"कुल मिलाकर शुरुआती लोगों के लिए यह एक शानदार कोर्स है, जैसे कि मैं",4,0,0,0,0,1,0,0,1,1,"कुल मिलाकर शुरुआती लोगों के लिए यह एक शानदार कोर्स है, जैसे कि मैं",[],0
465,"यह मेरा प्रमाणन यात्रा शुरू करने के लिए एक बेहतरीन कोर्स था! मैं कहूंगा कि परीक्षा पास करने के लिए मेहनत करनी होगी, लेकिन यह सीखने के लिए एक बेहतरीन जगह है कि आपको क्या जानने की जरूरत है",4,0,0,0,0,1,0,0,1,1,"यह मेरा प्रमाणन यात्रा शुरू करने के लिए एक बेहतरीन कोर्स था! मैं कहूंगा कि परीक्षा पास करने के लिए मेहनत करनी होगी, लेकिन यह सीखने के लिए एक बेहतरीन जगह है कि आपको क्या जानने की जरूरत है",[],0
466,"उत्कृष्ट कोर्स, इसने निश्चित रूप से मेरी परीक्षा पास करने में मदद की",4,0,0,0,0,1,0,0,1,1,"उत्कृष्ट कोर्स, इसने निश्चित रूप से मेरी परीक्षा पास करने में मदद की",[],0
467,पूरी तरह से समझने का अनुभव बहुत अच्छा लगता है,4,0,0,0,0,1,0,0,0,1,पूरी तरह से समझने का अनुभव बहुत अच्छा लगता है,[],0
468,"जितना मैं कक्षाओं को खोलता हूं, उतना ही ज्ञान की खोज करता हूं 🤭",4,0,0,0,0,1,0,1,0,1,"जितना मैं कक्षाओं को खोलता हूं, उतना ही ज्ञान की खोज करता हूं",['🤭'],1
469,बहुत व्यापक और सरलीकृत,4,0,0,0,0,0,0,0,1,1,बहुत व्यापक और सरलीकृत,[],0
470,बहुत अच्छी व्याख्याएं और चर्चाएं,4,0,0,0,0,1,0,0,1,1,बहुत अच्छी व्याख्याएं और चर्चाएं,[],0
471,मुझे प्रिंटेबल स्टडी गाइड भी बहुत पसंद आया!,4,0,0,0,0,1,0,0,1,1,मुझे प्रिंटेबल स्टडी गाइड भी बहुत पसंद आया!,[],0
472,मैंने अपना A+ Core 1 और 2 Dion के पास प्रश्नों से Udemy पर पास किया और अब मैं उनके साथ N+ पढ़ने के लिए बहुत उत्साहित हूँ,4,0,0,0,0,1,0,1,1,1,मैंने अपना A+ Core 1 और 2 Dion के पास प्रश्नों से Udemy पर पास किया और अब मैं उनके साथ N+ पढ़ने के लिए बहुत उत्साहित हूँ,[],0
473,बहुत प्रतिभाशाली शिक्षक,4,0,0,0,0,1,0,0,1,1,बहुत प्रतिभाशाली शिक्षक,[],0
474,भगवान आपको आशीर्वाद दें,4,0,0,0,0,1,0,0,1,1,भगवान आपको आशीर्वाद दें,[],0
475,धन्यवाद,4,0,0,0,0,1,0,0,0,1,धन्यवाद,[],0
476,"बहुत विस्तृत और इसमें बहुत सारे व्यावहारिक उदाहरण थे, जिन्होंने मुझे वास्तविक दुनिया में मदद की",4,0,0,0,0,1,0,0,1,1,"बहुत विस्तृत और इसमें बहुत सारे व्यावहारिक उदाहरण थे, जिन्होंने मुझे वास्तविक दुनिया में मदद की",[],0
477,यह एक बेहतरीन कोर्स है एक जानकार प्रशिक्षक द्वारा,4,0,0,0,0,1,0,0,1,1,यह एक बेहतरीन कोर्स है एक जानकार प्रशिक्षक द्वारा,[],0
478,Jason Dion हमेशा CompTIA कोर्स को समझने में आसान बना देते हैं,4,0,0,0,0,1,0,0,1,1,Jason Dion हमेशा CompTIA कोर्स को समझने में आसान बना देते हैं,[],0
479,धन्यवाद,4,0,0,0,0,1,0,0,0,1,धन्यवाद,[],0
480,"इस कोर्स में बहुत अच्छी जानकारी है, हालांकि मेरी पसंद के हिसाब से इसमें थोड़ी अधिक फालतू बातें थीं, लेकिन मैं विस्तार की सराहना करता हूँ!",4,0,0,0,0,1,0,0,1,1,"इस कोर्स में बहुत अच्छी जानकारी है, हालांकि मेरी पसंद के हिसाब से इसमें थोड़ी अधिक फालतू बातें थीं, लेकिन मैं विस्तार की सराहना करता हूँ!",[],0
481,मैंने पहली कोशिश में 786 अंक के साथ पास किया... धन्यवाद Jason इस कोर्स के लिए जिससे यह संभव हो पाया!,4,0,0,0,0,1,0,0,1,2,मैंने पहली कोशिश में 786 अंक के साथ पास किया... धन्यवाद Jason इस कोर्स के लिए जिससे यह संभव हो पाया!,[],0
482,मैं इस कोर्स की नए नेटवर्कर्स के लिए अत्यधिक सिफारिश करता हूँ!,4,0,1,0,0,1,0,0,1,1,मैं इस कोर्स की नए नेटवर्कर्स के लिए अत्यधिक सिफारिश करता हूँ!,[],0
483,"मुझे Jason की पढ़ाने की शैली पसंद है, उनके वास्तविक जीवन के उदाहरणों से अवधारणाओं को समझना आसान हो जाता है",4,0,0,0,0,1,0,0,1,1,"मुझे Jason की पढ़ाने की शैली पसंद है, उनके वास्तविक जीवन के उदाहरणों से अवधारणाओं को समझना आसान हो जाता है",[],0
484,बहुत सारी जानकारी है लेकिन एक बार समझ में आने पर बेहद मददगार है,4,0,0,0,1,1,0,0,1,1,बहुत सारी जानकारी है लेकिन एक बार समझ में आने पर बेहद मददगार है,[],0
485,Jason का कोर्स मेरी Net+ परीक्षा पास करने में मददगार रहा,4,0,0,0,0,1,0,0,1,1,Jason का कोर्स मेरी Net+ परीक्षा पास करने में मददगार रहा,[],0
486,यह निश्चित रूप से एक अच्छा मेल था,4,0,0,0,0,0,0,0,1,1,यह निश्चित रूप से एक अच्छा मेल था,[],0
487,Jason ने अब तक चीजों को समझना आसान बना दिया,4,0,0,0,0,1,0,0,1,1,Jason ने अब तक चीजों को समझना आसान बना दिया,[],0
488,जानकारी का एक स्तर से दूसरे स्तर तक उत्कृष्ट प्रवाह,4,0,0,0,0,1,0,0,1,1,जानकारी का एक स्तर से दूसरे स्तर तक उत्कृष्ट प्रवाह,[],0
489,शानदार काम!,4,0,0,0,0,1,0,0,0,2,शानदार काम!,[],0
490,मुझे जिस तरह से प्रशिक्षक अपने व्याख्यान या कक्षाएं संचालित करते हैं वह पसंद है,4,0,0,0,0,0,0,0,1,1,मुझे जिस तरह से प्रशिक्षक अपने व्याख्यान या कक्षाएं संचालित करते हैं वह पसंद है,[],0
491,आधा देखा और 821 स्कोर के साथ पास किया!,4,0,0,0,0,1,0,1,1,2,आधा देखा और 821 स्कोर के साथ पास किया!,[],0
492,मेरा अनुभव शानदार रहा,4,0,0,0,0,1,0,0,0,1,मेरा अनुभव शानदार रहा,[],0
493,मैं व्याख्यानों का वास्तव में आनंद ले रहा हूँ,4,0,0,0,0,1,0,0,0,1,मैं व्याख्यानों का वास्तव में आनंद ले रहा हूँ,[],0
494,"मैंने इस कोर्स का बहुत आनंद लिया! इसने मुझे ढेर सारी जानकारी से परिचित कराया जिसके बारे में मुझे पहले कोई जानकारी नहीं थी, और इसे करना बहुत मजेदार था!!",4,0,0,0,0,1,0,0,0,1,"मैंने इस कोर्स का बहुत आनंद लिया! इसने मुझे ढेर सारी जानकारी से परिचित कराया जिसके बारे में मुझे पहले कोई जानकारी नहीं थी, और इसे करना बहुत मजेदार था!!",[],0
495,यह कोर्स बहुत ही रोचक है और इसमें बहुत अच्छी तरह से समझाया गया है,4,0,0,0,0,1,0,0,1,1,यह कोर्स बहुत ही रोचक है और इसमें बहुत अच्छी तरह से समझाया गया है,[],0
496,"शुरू करने के लिए एक बहुत अच्छा कोर्स है, सभी महत्वपूर्ण मुद्दों को सही ढंग से प्रस्तुत किया गया है",4,0,0,0,0,1,0,0,1,1,"शुरू करने के लिए एक बहुत अच्छा कोर्स है, सभी महत्वपूर्ण मुद्दों को सही ढंग से प्रस्तुत किया गया है",[],0
497,यह मेरे जीवन का सबसे अच्छा कोर्स है,4,0,0,0,0,1,0,0,1,1,यह मेरे जीवन का सबसे अच्छा कोर्स है,[],0
498,बोर्ड से चीजों को समझना बहुत व्यावहारिक और आसान है,4,0,0,0,0,1,0,0,1,1,बोर्ड से चीजों को समझना बहुत व्यावहारिक और आसान है,[],0
499,"बहुत अच्छा कोर्स, सभी संदेह आसानी से दूर हो जाते हैं... धन्यवाद Udemy",4,0,0,0,0,1,0,0,1,1,"बहुत अच्छा कोर्स, सभी संदेह आसानी से दूर हो जाते हैं... धन्यवाद Udemy",[],0
500,मैं इस कोर्स को करने के लिए खुद के प्रति आभारी महसूस करता/करती हूँ,4,0,0,0,0,0,0,0,1,1,मैं इस कोर्स को करने के लिए खुद के प्रति आभारी महसूस करता/करती हूँ,[],0
501,अद्भुत 😇,4,0,0,0,0,1,0,1,0,1,अद्भुत,['😇'],1
502,यह कोर्स बेहद सहायक था और इसका अनुसरण करना आसान था,4,0,0,0,0,1,0,0,1,1,यह कोर्स बेहद सहायक था और इसका अनुसरण करना आसान था,[],0
503,शुरुआत से ही सब कुछ बहुत अच्छा था,4,0,0,0,0,1,0,0,1,1,शुरुआत से ही सब कुछ बहुत अच्छा था,[],0
504,अच्छा,4,0,0,0,0,1,0,0,0,1,अच्छा,[],0
505,यह एक शानदार और अद्भुत कोर्स था,4,0,0,0,0,1,0,0,1,1,यह एक शानदार और अद्भुत कोर्स था,[],0
506,यह एक बेहतरीन कोर्स है,4,0,0,0,0,1,0,0,1,1,यह एक बेहतरीन कोर्स है,[],0
507,मैंने इस कोर्स का वास्तव में आनंद लिया,4,0,0,0,0,1,0,0,0,1,मैंने इस कोर्स का वास्तव में आनंद लिया,[],0
508,यह कोर्स हर दृष्टिकोण से शानदार था,4,0,0,0,0,1,0,0,1,1,यह कोर्स हर दृष्टिकोण से शानदार था,[],0
509,Udemy पर एक उत्कृष्ट कोर्स,4,0,0,0,0,1,0,0,1,1,Udemy पर एक उत्कृष्ट कोर्स,[],0
510,अद्भुत और रोमांचक कोर्स,4,0,0,0,0,1,0,0,1,1,अद्भुत और रोमांचक कोर्स,[],0
511,यह एक शानदार कोर्स था,4,0,0,0,0,1,0,0,1,1,यह एक शानदार कोर्स था,[],0
512,बहुत अच्छा कोर्स,4,0,0,0,0,1,0,0,0,1,बहुत अच्छा कोर्स,[],0
513,अब तक बहुत अच्छा समझाया गया,4,0,0,0,0,0,0,0,1,1,अब तक बहुत अच्छा समझाया गया,[],0
514,यह एक ही जगह पर एआई की प्रगति का अच्छा सर्वेक्षण है,4,0,0,0,0,0,0,0,1,1,यह एक ही जगह पर एआई की प्रगति का अच्छा सर्वेक्षण है,[],0
515,एआई का व्यापक अवलोकन देने वाला अच्छा प्रशिक्षण,4,0,0,0,0,0,0,0,1,1,एआई का व्यापक अवलोकन देने वाला अच्छा प्रशिक्षण,[],0
516,"बहुत ज्ञानवर्धक कोर्स, धन्यवाद Udemy",4,0,0,0,0,1,0,0,1,2,"बहुत ज्ञानवर्धक कोर्स, धन्यवाद Udemy",[],0
517,ज्ञानवर्धक अध्ययन सामग्री,4,0,0,0,0,0,0,0,1,1,ज्ञानवर्धक अध्ययन सामग्री,[],0
518,"बहुत अच्छा कोर्स, धन्यवाद Udemy",4,0,0,0,0,1,0,0,1,1,"बहुत अच्छा कोर्स, धन्यवाद Udemy",[],0
519,उत्कृष्ट कोर्स,4,0,0,0,0,0,0,0,1,1,उत्कृष्ट कोर्स,[],0
520,"एक अच्छी तरह से तैयार और पैक किया गया कोर्स, जिसमें एआई तकनीक के वर्तमान अध्ययन और अनुप्रयोग शामिल हैं! यह किसी भी व्यक्ति के लिए एआई के क्षेत्र और दायरे की मजबूत नींव स्थापित करता है",4,0,1,0,0,0,0,0,1,1,"एक अच्छी तरह से तैयार और पैक किया गया कोर्स, जिसमें एआई तकनीक के वर्तमान अध्ययन और अनुप्रयोग शामिल हैं! यह किसी भी व्यक्ति के लिए एआई के क्षेत्र और दायरे की मजबूत नींव स्थापित करता है",[],0
521,"यह कोर्स बहुत ही विस्तृत है, और मैंने इससे बहुत कुछ सीखा है",4,0,0,0,0,1,0,0,0,1,"यह कोर्स बहुत ही विस्तृत है, और मैंने इससे बहुत कुछ सीखा है",[],0
522,मुझे जो ज्ञान मिला है उससे मैं बहुत खुश हूँ,4,0,0,0,0,1,0,0,0,1,मुझे जो ज्ञान मिला है उससे मैं बहुत खुश हूँ,[],0
523,"एआई का अन्वेषण करने का शानदार तरीका, व्याख्या शानदार है और ऑडियो की गुणवत्ता भी उच्च प्रतीत होती है",4,0,0,0,0,1,0,0,0,1,"एआई का अन्वेषण करने का शानदार तरीका, व्याख्या शानदार है और ऑडियो की गुणवत्ता भी उच्च प्रतीत होती है",[],0
524,सच कहूं तो मुझे बहुत अच्छा लगा,4,0,0,0,0,1,0,0,0,1,सच कहूं तो मुझे बहुत अच्छा लगा,[],0
525,"यह वही था जिसकी मुझे ज़रूरत थी ताकि मैं एआई की दुनिया में क्या हो रहा है, इससे अपडेट रह सकूं",4,0,1,0,0,0,0,0,1,0,"यह वही था जिसकी मुझे ज़रूरत थी ताकि मैं एआई की दुनिया में क्या हो रहा है, इससे अपडेट रह सकूं",[],0
526,धन्यवाद,4,0,0,0,0,1,0,0,0,1,धन्यवाद,[],0
527,शानदार,4,0,0,0,0,1,0,0,0,1,शानदार,[],0
528,कांसेप्ट खासकर एडवांस टॉपिक में स्पष्ट नहीं किया गया,4,0,0,1,0,0,0,0,0,2,कांसेप्ट खासकर एडवांस टॉपिक में स्पष्ट नहीं किया गया,[],0
529,मुझे distributions जैसी कई चीज़ों को समझने के लिए गूगल करना पड़ा,2,0,0,0,0,0,1,0,0,0,मुझे distributions जैसी कई चीज़ों को समझने के लिए गूगल करना पड़ा,[],0
530,नए छात्रों के लिए अनुशंसित नहीं है,2,0,0,1,0,0,0,0,0,0,नए छात्रों के लिए अनुशंसित नहीं है,[],0
531,"Python और Matplotlib में अच्छा सीखने को मिला, लेकिन उससे अधिक नहीं",2,0,0,0,0,1,0,0,0,1,"Python और Matplotlib में अच्छा सीखने को मिला, लेकिन उससे अधिक नहीं",[],0
532,बेहद बेहद बेहद बेहद खराब पढ़ाने की कला,1,1,0,1,0,0,0,0,0,1,बेहद बेहद बेहद बेहद खराब पढ़ाने की कला,[],0
533,मुझे नहीं लगता कि शिक्षक छात्रों को पढ़ा रहे हैं या खुद को,1,0,0,1,0,0,1,0,0,0,मुझे नहीं लगता कि शिक्षक छात्रों को पढ़ा रहे हैं या खुद को,[],0
534,"यह सिर्फ समय और पैसे की बर्बादी है, और कुछ नहीं",0,1,0,1,0,0,1,0,0,0,"यह सिर्फ समय और पैसे की बर्बादी है, और कुछ नहीं",[],0
535,मुझे लगता है मैं शिक्षक से बेहतर सिखा सकता हूँ,1,0,1,0,0,0,0,0,0,1,मुझे लगता है मैं शिक्षक से बेहतर सिखा सकता हूँ,[],0
536,"हालांकि ट्रेनर के पास बहुत ज्ञान है, लेकिन उसे सिखाने का तरीका सही नहीं है",1,0,0,1,0,0,0,0,0,0,"हालांकि ट्रेनर के पास बहुत ज्ञान है, लेकिन उसे सिखाने का तरीका सही नहीं है",[],0
537,"माफ़ कीजिए सर, लेकिन यह इस ट्यूटोरियल की कठोर सच्चाई है",1,1,0,0,0,0,0,0,0,0,"माफ़ कीजिए सर, लेकिन यह इस ट्यूटोरियल की कठोर सच्चाई है",[],0
538,सब कुछ यूट्यूब पर पहले से मौजूद है,2,1,0,0,0,0,0,0,0,2,सब कुछ यूट्यूब पर पहले से मौजूद है,[],0
539,मेरी तरह पैसे बर्बाद मत करो,0,1,0,1,0,0,0,0,0,0,मेरी तरह पैसे बर्बाद मत करो,[],0
540,"समय और पैसे की पूरी बर्बादी, बहुत खराब सिखाने की कला",0,1,0,1,0,0,0,0,0,0,"समय और पैसे की पूरी बर्बादी, बहुत खराब सिखाने की कला",[],0
541,w3school की पूरी नकल,2,1,0,0,0,0,0,0,0,2,w3school की पूरी नकल,[],0
542,100% शब्द दर शब्द कॉपी-पेस्ट,2,1,0,0,0,0,0,0,0,2,100% शब्द दर शब्द कॉपी-पेस्ट,[],0
543,ज़्यादा प्रभावी नहीं है,2,0,0,1,0,0,0,0,0,2,ज़्यादा प्रभावी नहीं है,[],0
544,पढ़ाने का तरीका अच्छा है लेकिन इसमें कोई शक नहीं कि कंटेंट W3SCHOOL से कॉपी किया गया है... यहाँ तक कि सभी उदाहरण भी वहीं से लिए गए हैं,2,1,0,0,0,1,0,0,0,1,पढ़ाने का तरीका अच्छा है लेकिन इसमें कोई शक नहीं कि कंटेंट W3SCHOOL से कॉपी किया गया है... यहाँ तक कि सभी उदाहरण भी वहीं से लिए गए हैं,[],0
545,मशीन लर्निंग को और गहराई से पढ़ाया जाना चाहिए था,2,0,1,0,0,0,0,0,0,1,मशीन लर्निंग को और गहराई से पढ़ाया जाना चाहिए था,[],0
546,अच्छा,4,0,0,0,0,1,0,0,0,1,अच्छा,[],0
547,"अभी तक तो अच्छा है, आगे देखते हैं",4,0,1,0,0,1,0,0,0,1,"अभी तक तो अच्छा है, आगे देखते हैं",[],0
548,बहुत अच्छा,4,0,0,0,0,1,0,0,0,1,बहुत अच्छा,[],0
549,बहुत पसंद आया,4,0,0,0,0,1,0,0,0,1,बहुत पसंद आया,[],0
550,यह कोर्स सच में हर एक पैसे के लायक है,4,0,0,0,0,1,0,0,1,1,यह कोर्स सच में हर एक पैसे के लायक है,[],0
551,"जो कोई भी इसे खरीदेगा, उन्हें कभी पछतावा नहीं होगा",4,0,0,0,0,0,0,0,1,0,"जो कोई भी इसे खरीदेगा, उन्हें कभी पछतावा नहीं होगा",[],0
552,इस कोर्स के इंस्ट्रक्टर शरद खरे सर को बहुत धन्यवाद,4,0,0,0,0,1,0,0,1,2,इस कोर्स के इंस्ट्रक्टर शरद खरे सर को बहुत धन्यवाद,[],0
553,"जब वीडियो देख रहा था, तो कई बार बफरिंग हुई और वीडियो रुक गया, लेकिन कोर्स बहुत अच्छा और समझने में आसान है",0,0,0,0,0,1,0,0,1,1,"जब वीडियो देख रहा था, तो कई बार बफरिंग हुई और वीडियो रुक गया, लेकिन कोर्स बहुत अच्छा और समझने में आसान है",[],0
554,इंस्ट्रक्टर को और थ्योरी जोड़नी चाहिए,1,0,1,0,0,0,0,0,0,1,इंस्ट्रक्टर को और थ्योरी जोड़नी चाहिए,[],0
555,यह कोर्स बहुत अच्छा था...,4,0,0,0,0,1,0,0,1,1,यह कोर्स बहुत अच्छा था...,[],0
556,"शरद जी, इस प्रकार का कोर्स इतने समझने योग्य ढंग से प्रस्तुत करने के लिए धन्यवाद",4,0,0,0,0,1,0,0,1,2,"शरद जी, इस प्रकार का कोर्स इतने समझने योग्य ढंग से प्रस्तुत करने के लिए धन्यवाद",[],0
557,कृपया कोर्स के दौरान बनाए गए सभी पायथन की रीसोर्स फाइलें उपलब्ध कराएं,0,0,1,0,0,0,0,0,0,1,कृपया कोर्स के दौरान बनाए गए सभी पायथन की रीसोर्स फाइलें उपलब्ध कराएं,[],0
558,व्याख्या बहुत अच्छी है,4,0,0,0,0,1,0,0,0,1,व्याख्या बहुत अच्छी है,[],0
559,ऐसा लगता है कि पूरी सीरीज़ भविष्य के लिए ज्ञानवर्धक और रोमांचक होगी,4,0,1,0,0,1,0,0,0,1,ऐसा लगता है कि पूरी सीरीज़ भविष्य के लिए ज्ञानवर्धक और रोमांचक होगी,[],0
560,बहुत धन्यवाद,4,0,0,0,0,1,0,0,0,2,बहुत धन्यवाद,[],0
561,उत्कृष्ट कोर्स,4,0,0,0,0,1,0,0,1,1,उत्कृष्ट कोर्स,[],0
562,शानदार,4,0,0,0,0,1,0,0,1,1,शानदार,[],0
563,मैं नहीं समझता कि इस कोर्स को 3.5 स्टार क्यों दिया गया है,4,0,0,1,0,0,0,1,0,0,मैं नहीं समझता कि इस कोर्स को 3.5 स्टार क्यों दिया गया है,[],0
564,यह रियल-टाइम स्क्रिप्ट्स के साथ सबसे अच्छा पायथन ट्यूटोरियल है,4,0,0,0,0,1,0,0,1,1,यह रियल-टाइम स्क्रिप्ट्स के साथ सबसे अच्छा पायथन ट्यूटोरियल है,[],0
565,अभी तक तो यह अच्छा है,4,0,0,0,0,1,0,0,0,1,अभी तक तो यह अच्छा है,[],0
566,प्रश्न बहुत आसान हैं,2,0,0,0,0,1,0,0,0,1,प्रश्न बहुत आसान हैं,[],0
567,मैं सुझाव देता हूँ कि अभ्यास के लिए और प्रश्न जोड़े जाएं... 50 से अधिक किए जाएं,4,0,1,0,0,0,0,0,0,1,मैं सुझाव देता हूँ कि अभ्यास के लिए और प्रश्न जोड़े जाएं... 50 से अधिक किए जाएं,[],0
568,अच्छा,4,0,0,0,0,1,0,0,0,1,अच्छा,[],0
569,बहुत अच्छी व्याख्या,4,0,0,0,0,1,0,0,0,1,बहुत अच्छी व्याख्या,[],0
570,सबसे बेहतरीन,4,0,0,0,0,1,0,0,1,1,सबसे बेहतरीन,[],0
571,यह कोर्स ज्ञान के लिए बहुत उपयोगी है,4,0,0,0,0,0,0,0,1,1,यह कोर्स ज्ञान के लिए बहुत उपयोगी है,[],0
572,अच्छा,4,0,0,0,0,1,0,0,0,1,अच्छा,[],0
573,वह इस विषय के सबसे अच्छे शिक्षकों में से एक हैं,4,0,0,0,0,1,0,0,1,1,वह इस विषय के सबसे अच्छे शिक्षकों में से एक हैं,[],0
574,"उन्होंने विषय को इतनी विस्तार से सिखाया है, जो अब तक बहुतों से नहीं हो पाया",4,0,0,0,0,1,0,0,1,0,"उन्होंने विषय को इतनी विस्तार से सिखाया है, जो अब तक बहुतों से नहीं हो पाया",[],0
575,उनसे यह विषय सीखना मेरे लिए सौभाग्य की बात है,4,0,0,0,0,1,0,1,1,1,उनसे यह विषय सीखना मेरे लिए सौभाग्य की बात है,[],0
576,यह कोर्स शानदार है,4,0,0,0,0,1,0,0,1,1,यह कोर्स शानदार है,[],0
577,अद्भुत कोर्स,4,0,0,0,0,1,0,0,1,1,अद्भुत कोर्स,[],0
578,डेटा साइंस के मेरे संदेहों को दूर करने में वास्तव में मदद करता है,4,0,0,0,0,1,0,0,1,1,डेटा साइंस के मेरे संदेहों को दूर करने में वास्तव में मदद करता है,[],0
579,मैंने पूरी यात्रा का आनंद लिया,4,0,0,0,0,1,0,0,0,1,मैंने पूरी यात्रा का आनंद लिया,[],0
580,अब तक के सबसे उत्कृष्ट शिक्षक,4,0,0,0,0,1,0,0,1,1,अब तक के सबसे उत्कृष्ट शिक्षक,[],0
581,यह एक शानदार अनुभव था... इतनी आसान भाषा में समझाने के लिए धन्यवाद,4,0,0,0,0,1,0,0,1,1,यह एक शानदार अनुभव था... इतनी आसान भाषा में समझाने के लिए धन्यवाद,[],0
582,यह Udemy का सबसे बेहतरीन कोर्सों में से एक है जिसे सबसे अच्छे शिक्षक ने पढ़ाया है,4,0,0,0,0,1,0,0,1,1,यह Udemy का सबसे बेहतरीन कोर्सों में से एक है जिसे सबसे अच्छे शिक्षक ने पढ़ाया है,[],0
583,इस कोर्स को खरीदकर मैं पूरी तरह संतुष्ट हूँ,4,0,0,0,0,1,0,0,1,1,इस कोर्स को खरीदकर मैं पूरी तरह संतुष्ट हूँ,[],0
584,अच्छा,4,0,0,0,0,1,0,0,0,1,अच्छा,[],0
585,अच्छी गुणवत्ता वाला और समझने में आसान,4,0,0,0,0,1,0,0,0,1,अच्छी गुणवत्ता वाला और समझने में आसान,[],0
586,हिंदी में डेटा साइंस का सबसे अच्छा कोर्स,4,0,0,0,0,1,0,0,0,1,हिंदी में डेटा साइंस का सबसे अच्छा कोर्स,[],0
587,यह मूल्यवान कंटेंट देने के लिए शरद सर को धन्यवाद,4,0,0,0,0,1,0,0,0,1,यह मूल्यवान कंटेंट देने के लिए शरद सर को धन्यवाद,[],0
588,अच्छी संवाद शैली,4,0,0,0,0,1,0,0,0,1,अच्छी संवाद शैली,[],0
589,अब तक के सबसे अच्छे शिक्षक,4,0,0,0,0,1,0,0,1,1,अब तक के सबसे अच्छे शिक्षक,[],0
590,सबसे अच्छे शिक्षक,4,0,0,0,0,1,0,0,1,1,सबसे अच्छे शिक्षक,[],0
591,ट्यूटोरियल्स शानदार हैं,4,0,0,0,0,1,0,0,1,1,ट्यूटोरियल्स शानदार हैं,[],0
592,सीखना और समझना आसान है,4,0,0,0,0,1,0,0,0,1,सीखना और समझना आसान है,[],0
593,शुरुआती लोगों के लिए समझना आसान,4,0,0,0,0,1,0,0,0,1,शुरुआती लोगों के लिए समझना आसान,[],0
594,❤️😊,4,0,0,0,0,1,0,0,0,2,0,"['❤️', '😊']",2
595,"दुनिया के सबसे अच्छे शिक्षक, 10 में से 10 अंक",4,0,0,0,0,1,0,0,1,2,"दुनिया के सबसे अच्छे शिक्षक, 10 में से 10 अंक",[],0
596,अभी के लिए समझने में आसान कोर्स 🙂,4,0,0,0,0,1,0,0,0,1,अभी के लिए समझने में आसान कोर्स,['🙂'],1
597,शानदार कोर्स,4,0,0,0,0,1,0,0,1,1,शानदार कोर्स,[],0
598,खरीदने की सिफारिश करता हूँ,4,0,0,0,0,1,0,0,1,1,खरीदने की सिफारिश करता हूँ,[],0
599,बहुत अच्छा 👍,4,0,0,0,0,1,0,1,0,1,बहुत अच्छा,['👍'],1
600,जानकारीपूर्ण,4,0,0,0,0,1,0,0,0,2,जानकारीपूर्ण,[],0
601,वेब डेवलपमेंट में करियर बनाने वालों के लिए सबसे अच्छा कोर्स,4,0,0,0,0,1,0,0,0,1,वेब डेवलपमेंट में करियर बनाने वालों के लिए सबसे अच्छा कोर्स,[],0
602,"दोस्तों, इसे ज़रूर लें, आपको पछताना नहीं पड़ेगा",4,0,1,0,0,1,0,0,0,2,"दोस्तों, इसे ज़रूर लें, आपको पछताना नहीं पड़ेगा",[],0
603,कोर्स में कुछ महत्वपूर्ण फाइलें उपलब्ध नहीं होने के कारण पूरा नहीं कर पाया,0,0,0,0,0,0,1,0,0,0,कोर्स में कुछ महत्वपूर्ण फाइलें उपलब्ध नहीं होने के कारण पूरा नहीं कर पाया,[],0
604,"शानदार अनुभव, आप सबसे अच्छे शिक्षकों में से एक हैं और आपसे चीजें सीखना एक बेहतरीन अनुभव है 😊",4,0,0,0,0,1,0,1,1,1,"शानदार अनुभव, आप सबसे अच्छे शिक्षकों में से एक हैं और आपसे चीजें सीखना एक बेहतरीन अनुभव है",['😊'],1
605,समझने में आसान,4,0,0,0,0,1,0,0,0,1,समझने में आसान,[],0
606,धन्यवाद,4,0,0,0,0,1,0,0,0,1,धन्यवाद,[],0
607,साइबर सुरक्षा में रुचि रखने वाले सभी लोगों के लिए सबसे अच्छा कोर्स,4,0,0,0,0,1,0,0,0,1,साइबर सुरक्षा में रुचि रखने वाले सभी लोगों के लिए सबसे अच्छा कोर्स,[],0
608,"हाँ, यह अच्छा और प्यारा है",4,0,0,0,0,1,0,0,0,1,"हाँ, यह अच्छा और प्यारा है",[],0
609,अच्छा,4,0,0,0,0,1,0,0,0,1,अच्छा,[],0
610,बेहतरीन कोर्स,4,0,0,0,0,1,0,0,1,1,बेहतरीन कोर्स,[],0
611,यह अब तक का सबसे अच्छा कोर्स है जो मैंने देखा है,4,0,0,0,0,1,0,0,1,1,यह अब तक का सबसे अच्छा कोर्स है जो मैंने देखा है,[],0
612,"यह अच्छा है, मैं धीरे-धीरे इसे सीखने में मज़ा लेने लगा हूँ",4,0,0,0,0,1,0,0,0,1,"यह अच्छा है, मैं धीरे-धीरे इसे सीखने में मज़ा लेने लगा हूँ",[],0
613,बहुत अच्छा समझाया गया है,4,0,0,0,0,1,0,0,0,1,बहुत अच्छा समझाया गया है,[],0
614,मैं हिंदी कोर्स खोज रहा था और मुझे यह कोर्स मिला जो अच्छा है और समझने में आसान है,4,0,0,0,0,1,0,0,1,1,मैं हिंदी कोर्स खोज रहा था और मुझे यह कोर्स मिला जो अच्छा है और समझने में आसान है,[],0
615,केवल शुरुआती लोगों के लिए,2,0,1,0,0,0,0,0,0,2,केवल शुरुआती लोगों के लिए,[],0
616,"शुरुआती लोगों के लिए अच्छा है, लेकिन सिर्फ उन्हीं के लिए",2,0,1,0,0,1,0,0,0,1,"शुरुआती लोगों के लिए अच्छा है, लेकिन सिर्फ उन्हीं के लिए",[],0
617,जो लोग पहले से जानते हैं और एडवांस चीजें सीखना चाहते हैं... यह उनके लिए नहीं है,2,0,0,0,0,0,1,0,0,0,जो लोग पहले से जानते हैं और एडवांस चीजें सीखना चाहते हैं... यह उनके लिए नहीं है,[],0
618,कंटेंट शानदार है,4,0,0,0,0,1,0,0,1,1,कंटेंट शानदार है,[],0
619,केवल थ्योरी क्लास,2,0,0,0,0,0,1,0,0,2,केवल थ्योरी क्लास,[],0
620,अच्छी व्याख्या,4,0,0,0,0,1,0,0,0,1,अच्छी व्याख्या,[],0
621,शानदार,4,0,0,0,0,1,0,0,1,1,शानदार,[],0
622,अच्छा,4,0,0,0,0,1,0,0,0,1,अच्छा,[],0
623,अच्छा,4,0,0,0,0,1,0,0,0,1,अच्छा,[],0
624,"कोर्स में सीरीज़, डेटा फ्रेम, लिस्ट, ट्यूपल, डिक्शनरी नहीं सिखाया गया है",2,0,0,1,0,0,1,0,0,2,"कोर्स में सीरीज़, डेटा फ्रेम, लिस्ट, ट्यूपल, डिक्शनरी नहीं सिखाया गया है",[],0
625,प्रोग्रामिंग के नए छात्रों के लिए यह वीडियो एक बेहतरीन शुरुआत है,2,0,1,0,0,1,0,0,0,1,प्रोग्रामिंग के नए छात्रों के लिए यह वीडियो एक बेहतरीन शुरुआत है,[],0
626,यह शुरुआती लोगों और उन लोगों दोनों के लिए उपयोगी संसाधन है जो अपनी पायथन स्किल को रिव्यू करना चाहते हैं 👍,4,0,1,0,0,1,0,0,0,1,यह शुरुआती लोगों और उन लोगों दोनों के लिए उपयोगी संसाधन है जो अपनी पायथन स्किल को रिव्यू करना चाहते हैं,['👍'],1
627,इस प्रारूप में यह मेरा पहला कोर्स था और यह मेरी अपेक्षाओं से कहीं अधिक अच्छा रहा,4,0,0,0,0,1,0,0,1,1,इस प्रारूप में यह मेरा पहला कोर्स था और यह मेरी अपेक्षाओं से कहीं अधिक अच्छा रहा,[],0
628,बहुत ही जानकारीपूर्ण और कौशल-विकास से भरपूर कोर्स,4,0,0,0,0,1,0,0,0,1,बहुत ही जानकारीपूर्ण और कौशल-विकास से भरपूर कोर्स,[],0
629,मैं इस कोर्स को शुरुआती लोगों के लिए ज़रूर अनुशंसा करता हूँ,4,0,0,0,0,1,0,0,1,1,मैं इस कोर्स को शुरुआती लोगों के लिए ज़रूर अनुशंसा करता हूँ,[],0
630,"अद्भुत, पूरा कोर्स बहुत शानदार है",4,0,0,0,0,1,0,0,1,1,"अद्भुत, पूरा कोर्स बहुत शानदार है",[],0
631,"धन्यवाद सर, आपने सब कुछ बहुत स्पष्ट रूप से समझाया",4,0,0,0,0,1,0,0,0,2,"धन्यवाद सर, आपने सब कुछ बहुत स्पष्ट रूप से समझाया",[],0
632,बहुत उपयोगी जानकारी,4,0,0,0,0,1,0,0,0,1,बहुत उपयोगी जानकारी,[],0
633,यह शुरुआती लोगों के लिए अपनी पायथन स्किल विकसित करने हेतु एक उत्कृष्ट कोर्स है,4,0,0,0,0,1,0,0,1,1,यह शुरुआती लोगों के लिए अपनी पायथन स्किल विकसित करने हेतु एक उत्कृष्ट कोर्स है,[],0
634,"शानदार कोर्स और मैं पहले से ही एक फ्रंट-एंड वेब डेवलपर हूँ, तो यह कोर्स मेरे लिए बहुत सहायक रहा... साझा करने के लिए धन्यवाद",4,0,0,0,0,1,0,0,1,1,"शानदार कोर्स और मैं पहले से ही एक फ्रंट-एंड वेब डेवलपर हूँ, तो यह कोर्स मेरे लिए बहुत सहायक रहा... साझा करने के लिए धन्यवाद",[],0
635,कुल मिलाकर यह एक अच्छी तरह से संरचित कोर्स है,4,0,0,0,0,1,0,0,1,1,कुल मिलाकर यह एक अच्छी तरह से संरचित कोर्स है,[],0
636,शानदार,4,0,0,0,0,1,0,0,1,1,शानदार,[],0
637,"""वाह, यह वीडियो शानदार था! मैंने इस विषय के बारे में बहुत कुछ सीखा",4,0,0,0,0,1,0,0,0,2,"""वाह, यह वीडियो शानदार था! मैंने इस विषय के बारे में बहुत कुछ सीखा",[],0
638,"साझा करने के लिए धन्यवाद!""",4,0,0,0,0,1,0,0,0,2,"साझा करने के लिए धन्यवाद!""",[],0
639,"अंततः मैंने पायथन भाषा में लूप्स सीख लिए... जो मेरे लिए पहले बहुत कठिन था, लेकिन इस अद्भुत कोर्स की मदद से आसान हो गया... धन्यवाद सर... यह वास्तव में एक शानदार कोर्स है 😀👍👍",4,0,0,0,0,1,0,1,1,1,"अंततः मैंने पायथन भाषा में लूप्स सीख लिए... जो मेरे लिए पहले बहुत कठिन था, लेकिन इस अद्भुत कोर्स की मदद से आसान हो गया... धन्यवाद सर... यह वास्तव में एक शानदार कोर्स है","['😀', '👍', '👍']",3
640,"उत्कृष्ट पायथन कोर्स! स्पष्ट व्याख्या, रोचक शिक्षक, और व्यावहारिक उदाहरण",4,0,0,0,0,1,0,0,1,1,"उत्कृष्ट पायथन कोर्स! स्पष्ट व्याख्या, रोचक शिक्षक, और व्यावहारिक उदाहरण",[],0
641,धन्यवाद सर.. बहुत अच्छे से समझाया.. समझने में बहुत आसान.. आपकी पढ़ाने की शैली बहुत अच्छी है.. 👍👍,4,0,0,0,0,1,0,0,1,1,धन्यवाद सर.. बहुत अच्छे से समझाया.. समझने में बहुत आसान.. आपकी पढ़ाने की शैली बहुत अच्छी है..,"['👍', '👍']",2
642,बहुुत ही अच्छा कोर्स,4,0,0,0,0,1,0,0,0,1,बहुुत ही अच्छा कोर्स,[],0
643,पायथन का अच्छा ज्ञान और गहराई से कोडिंग,4,0,0,0,0,1,0,0,1,1,पायथन का अच्छा ज्ञान और गहराई से कोडिंग,[],0
644,बहुत अच्छा कोर्स,4,0,0,0,0,1,0,0,0,1,बहुत अच्छा कोर्स,[],0
645,सबसे अच्छा,4,0,0,0,0,1,0,0,0,1,सबसे अच्छा,[],0
646,शानदार,4,0,0,0,0,1,0,0,1,1,शानदार,[],0
647,बहुत अच्छा समझाया गया,4,0,0,0,0,1,0,0,0,1,बहुत अच्छा समझाया गया,[],0
648,यह एक अच्छा सत्र था,4,0,0,0,0,1,0,0,0,1,यह एक अच्छा सत्र था,[],0
649,"हाँ, शुरुआत करने वालों के लिए अच्छा है",4,0,1,0,0,1,0,0,0,1,"हाँ, शुरुआत करने वालों के लिए अच्छा है",[],0
650,"अच्छा शिक्षक है, लेकिन सीखने के साथ एक एप्लिकेशन या प्रोजेक्ट बनाना चाहिए",4,0,1,0,0,1,0,0,1,1,"अच्छा शिक्षक है, लेकिन सीखने के साथ एक एप्लिकेशन या प्रोजेक्ट बनाना चाहिए",[],0
651,"हाँ, ये वीडियो समझने में मददगार हैं",4,0,0,0,0,1,0,0,1,1,"हाँ, ये वीडियो समझने में मददगार हैं",[],0
652,शुरुआती लोगों के लिए अच्छा कोर्स,4,0,0,0,0,1,0,0,0,1,शुरुआती लोगों के लिए अच्छा कोर्स,[],0
653,अच्छा अनुभव,4,0,0,0,0,1,0,0,0,1,अच्छा अनुभव,[],0
654,"निश्चित रूप से, यह सबसे बेहतरीन कोर्सों में से एक है जो ऑनलाइन उपलब्ध है, और वो भी हिंदी में, जिससे कोई भी पायथन प्रोग्रामिंग बहुत कम समय में सीख सकता है",4,0,0,0,0,1,0,0,1,1,"निश्चित रूप से, यह सबसे बेहतरीन कोर्सों में से एक है जो ऑनलाइन उपलब्ध है, और वो भी हिंदी में, जिससे कोई भी पायथन प्रोग्रामिंग बहुत कम समय में सीख सकता है",[],0
655,इस कोर्स ने मुझे मेरी पायथन स्किल्स को मूलभूत स्तर से दोबारा सीखने में बहुत मदद की,4,0,0,0,0,1,0,0,0,1,इस कोर्स ने मुझे मेरी पायथन स्किल्स को मूलभूत स्तर से दोबारा सीखने में बहुत मदद की,[],0
656,इसकी गति और सामग्री किसी के लिए भी सही है जो पायथन की नींव समझना चाहता है,4,0,1,0,0,1,0,0,1,1,इसकी गति और सामग्री किसी के लिए भी सही है जो पायथन की नींव समझना चाहता है,[],0
657,सीखने में बहुत मजा आया! 👍👍👍,4,0,1,0,0,1,0,0,0,2,सीखने में बहुत मजा आया!,"['👍', '👍', '👍']",3
658,पायथन सीखने में मजा आया,4,0,0,0,0,1,0,0,0,2,पायथन सीखने में मजा आया,[],0
659,मुझे शिक्षक द्वारा उदाहरणों के साथ हर एक कॉन्सेप्ट समझाने का तरीका बहुत पसंद आया,4,0,0,0,0,1,0,0,1,1,मुझे शिक्षक द्वारा उदाहरणों के साथ हर एक कॉन्सेप्ट समझाने का तरीका बहुत पसंद आया,[],0
660,"अगर कोई हिंदी में पायथन सीखना चाहता है, तो यह निश्चित रूप से सबसे अच्छा कोर्स है!",4,0,0,0,0,1,0,0,1,1,"अगर कोई हिंदी में पायथन सीखना चाहता है, तो यह निश्चित रूप से सबसे अच्छा कोर्स है!",[],0
661,"यह बिल्कुल वही था जिसकी मुझे उम्मीद थी! धन्यवाद अवनीश इस शानदार, संक्षिप्त और सटीक पायथन कोर्स को लाने के लिए",4,0,0,0,0,1,0,0,1,1,"यह बिल्कुल वही था जिसकी मुझे उम्मीद थी! धन्यवाद अवनीश इस शानदार, संक्षिप्त और सटीक पायथन कोर्स को लाने के लिए",[],0
662,अनुशंसित नहीं है,0,1,0,1,0,0,0,0,0,0,अनुशंसित नहीं है,[],0
663,"कोर्स अच्छा है, लेकिन इसमें सुधार की काफी गुंजाइश है",2,0,1,0,0,0,0,0,0,1,"कोर्स अच्छा है, लेकिन इसमें सुधार की काफी गुंजाइश है",[],0
664,अवधारणाओं को अधिक उदाहरणों के साथ अधिक विस्तार में समझाना चाहिए,2,0,1,0,0,0,0,0,0,1,अवधारणाओं को अधिक उदाहरणों के साथ अधिक विस्तार में समझाना चाहिए,[],0
665,"फिर भी यह अच्छा था, खासकर इसकी कम अवधि को देखते हुए",4,0,0,0,0,1,0,0,0,1,"फिर भी यह अच्छा था, खासकर इसकी कम अवधि को देखते हुए",[],0
666,अच्छी तरह से समझने योग्य,4,0,0,0,0,1,0,0,1,1,अच्छी तरह से समझने योग्य,[],0
667,अच्छा,4,0,0,0,0,1,0,0,0,1,अच्छा,[],0
668,अगर इसमें प्रैक्टिस सेशन होता तो यह सबसे अच्छा होता,2,0,1,0,0,0,0,0,0,1,अगर इसमें प्रैक्टिस सेशन होता तो यह सबसे अच्छा होता,[],0
669,अच्छा है लेकिन भाषा में संवाद की त्रुटि है,1,0,0,1,0,1,0,0,0,1,अच्छा है लेकिन भाषा में संवाद की त्रुटि है,[],0
670,कृपया अंग्रेज़ी भाषा का उपयोग करने पर विचार करें,1,0,0,1,0,1,0,0,0,1,कृपया अंग्रेज़ी भाषा का उपयोग करने पर विचार करें,[],0
671,बहुत अच्छा सत्र,4,0,0,0,0,1,0,0,1,1,बहुत अच्छा सत्र,[],0
672,स्क्रीन छोटी है,0,0,0,0,0,0,1,0,0,2,स्क्रीन छोटी है,[],0
673,विस्तृत जानकारी के साथ अच्छा कोर्स,4,0,0,0,0,1,0,0,1,1,विस्तृत जानकारी के साथ अच्छा कोर्स,[],0
674,अच्छा,4,0,0,0,0,1,0,0,0,1,अच्छा,[],0
675,वीडियो की गुणवत्ता बहुत अच्छी है,4,0,0,0,0,1,0,0,0,1,वीडियो की गुणवत्ता बहुत अच्छी है,[],0
676,और मैंने इसे बहुत अच्छी तरह से समझा,4,0,0,0,0,1,0,0,1,1,और मैंने इसे बहुत अच्छी तरह से समझा,[],0
677,शानदार .....,4,0,0,0,0,1,0,0,0,1,शानदार .....,[],0
678,"शानदार कोर्स जो पूरी तरह पायथन की मूल बातें और रीयल-टाइम इंडस्ट्रियल अनुप्रयोगों पर केंद्रित है, साथ ही शानदार OOPs अवधारणाएं भी शामिल हैं",4,0,1,0,0,1,0,0,1,1,"शानदार कोर्स जो पूरी तरह पायथन की मूल बातें और रीयल-टाइम इंडस्ट्रियल अनुप्रयोगों पर केंद्रित है, साथ ही शानदार OOPs अवधारणाएं भी शामिल हैं",[],0
679,इसने मुझे अपना क्षेत्र डिवेलपमेंट में बदलने में मदद की,4,0,0,0,0,1,0,0,1,1,इसने मुझे अपना क्षेत्र डिवेलपमेंट में बदलने में मदद की,[],0
680,आसान व्याख्या के लिए धन्यवाद सर,4,0,0,0,0,1,0,0,1,1,आसान व्याख्या के लिए धन्यवाद सर,[],0
681,"क्लासेज की अवधारणाएं, जैसे एक फाइल में और दूसरी फाइल में डेटा को कैसे एक्सेस करें, बहुत अच्छे से समझाई गई हैं",4,0,0,0,0,1,0,0,1,1,"क्लासेज की अवधारणाएं, जैसे एक फाइल में और दूसरी फाइल में डेटा को कैसे एक्सेस करें, बहुत अच्छे से समझाई गई हैं",[],0
682,"मैंने ये चीज़ कई जगह खोजी थी, लेकिन केवल आपने ही इसे स्पष्ट रूप से समझाया",4,0,0,0,0,1,0,0,1,0,"मैंने ये चीज़ कई जगह खोजी थी, लेकिन केवल आपने ही इसे स्पष्ट रूप से समझाया",[],0
683,यह मेरे लिए एक परफेक्ट कोर्स था,4,0,0,0,0,1,0,0,0,1,यह मेरे लिए एक परफेक्ट कोर्स था,[],0
684,इस कोर्स के साथ मेरा अनुभव अच्छा रहा,4,0,0,0,0,1,0,0,1,1,इस कोर्स के साथ मेरा अनुभव अच्छा रहा,[],0
685,"कलेक्शन और ट्यूपल को अच्छी तरह समझाया गया है, और इनर क्लास की अवधारणा भी",4,0,0,0,0,1,0,0,0,1,"कलेक्शन और ट्यूपल को अच्छी तरह समझाया गया है, और इनर क्लास की अवधारणा भी",[],0
686,अच्छा कोर्स,4,0,0,0,0,1,0,0,0,1,अच्छा कोर्स,[],0
687,पॉलीमॉर्फिज्म की अवधारणा को बहुत अच्छे से समझाया गया है ❤️‍🩹,4,0,0,0,0,1,0,0,0,1,पॉलीमॉर्फिज्म की अवधारणा को बहुत अच्छे से समझाया गया है,['❤️\u200d🩹'],1
688,हिंदी में सबसे अच्छा कोर्स,4,0,0,0,0,1,0,0,0,1,हिंदी में सबसे अच्छा कोर्स,[],0
689,मैं यह कोर्स पायथन का ज्ञान प्राप्त करने के लिए कर रहा हूँ और यह सीखने के लिए बहुत मददगार रहा... इस ज्ञान के लिए धन्यवाद सर,4,0,0,0,0,1,0,0,0,1,मैं यह कोर्स पायथन का ज्ञान प्राप्त करने के लिए कर रहा हूँ और यह सीखने के लिए बहुत मददगार रहा... इस ज्ञान के लिए धन्यवाद सर,[],0
690,अच्छा ट्यूटोरियल,4,0,0,0,0,1,0,0,0,1,अच्छा ट्यूटोरियल,[],0
691,ट्यूटोरियल बहुत अच्छी तरह से समझ में आता है,4,0,0,0,0,1,0,0,0,1,ट्यूटोरियल बहुत अच्छी तरह से समझ में आता है,[],0
692,🥰,4,0,0,0,0,1,0,0,0,2,0,['🥰'],1
693,"अच्छा, आसानी से समझ आने वाला",4,0,0,0,0,1,0,0,1,1,"अच्छा, आसानी से समझ आने वाला",[],0
694,धन्यवाद 😊😊🤗,4,0,0,0,0,1,0,0,0,2,धन्यवाद,"['😊', '😊', '🤗']",3
695,हाँ! यह पायथन शुरुआत करने वालों के लिए काफी है 🙂,4,0,1,0,0,1,0,0,0,2,हाँ! यह पायथन शुरुआत करने वालों के लिए काफी है,['🙂'],1
696,Udemy शानदार है 😎,4,0,0,0,0,1,0,0,0,1,Udemy शानदार है,['😎'],1
697,बहुत अच्छा सत्र रहा ☺️,4,0,0,0,0,1,0,0,0,1,बहुत अच्छा सत्र रहा,['☺️'],1
698,बहुत अच्छी व्याख्या,4,0,0,0,0,1,0,0,0,1,बहुत अच्छी व्याख्या,[],0
699,उम्मीद से बढ़कर 🙏🙏👌,4,0,1,0,0,1,0,1,0,1,उम्मीद से बढ़कर,"['🙏', '🙏', '👌']",3
700,यह समझने में आसान था,4,0,0,0,0,1,0,0,1,1,यह समझने में आसान था,[],0
701,बहुत मददगार 🙂,4,0,0,0,0,1,0,0,0,1,बहुत मददगार,['🙂'],1
702,पायथन को शुरू से सीखने के लिए सबसे अच्छा कोर्स 👍,4,0,1,0,0,1,0,0,1,1,पायथन को शुरू से सीखने के लिए सबसे अच्छा कोर्स,['👍'],1
703,अच्छा 👍 समझाया गया,4,0,0,0,0,1,0,0,0,1,अच्छा  समझाया गया,['👍'],1
704,Udemy के लिए मैं बहुत आभारी हूँ ✌️,4,0,0,0,0,1,0,0,0,1,Udemy के लिए मैं बहुत आभारी हूँ,['✌️'],1
705,बहुत ही शुरुआती स्तर का कोर्स,2,0,1,0,0,0,0,0,0,1,बहुत ही शुरुआती स्तर का कोर्स,[],0
706,क्विज़ के सवाल बहुत आसान हैं,2,0,0,1,0,0,0,0,0,1,क्विज़ के सवाल बहुत आसान हैं,[],0
707,मैं इस कोर्स को केवल स्कूल छात्रों के लिए अनुशंसा करता हूँ,2,0,1,0,0,1,0,0,0,1,मैं इस कोर्स को केवल स्कूल छात्रों के लिए अनुशंसा करता हूँ,[],0
708,और इसमें कोई शक नहीं कि आपने सब कुछ सरल उदाहरणों के साथ विस्तार से समझाया,4,0,0,0,0,1,0,0,1,1,और इसमें कोई शक नहीं कि आपने सब कुछ सरल उदाहरणों के साथ विस्तार से समझाया,[],0
709,आपके समय और प्रयास के लिए दिल से धन्यवाद ❤️,4,0,0,0,0,1,0,0,0,2,आपके समय और प्रयास के लिए दिल से धन्यवाद,['❤️'],1
710,शुरुआती लोगों के लिए उपयुक्त कोर्स जो आसान और मज़ेदार है,4,0,1,0,0,1,0,0,0,1,शुरुआती लोगों के लिए उपयुक्त कोर्स जो आसान और मज़ेदार है,[],0
711,मुझे सर से सीखना बहुत पसंद है ❤,4,0,0,0,0,1,0,0,0,1,मुझे सर से सीखना बहुत पसंद है,['❤'],1
712,सब कुछ ठीक है,4,0,0,0,0,1,0,0,0,1,सब कुछ ठीक है,[],0
713,शुरुआती लोगों के लिए उपयोगी 🙂,4,0,1,0,0,1,0,0,0,1,शुरुआती लोगों के लिए उपयोगी,['🙂'],1
714,यह कोर्स पूरी तरह से शुरुआती लोगों के लिए है,4,0,1,0,0,1,0,0,0,1,यह कोर्स पूरी तरह से शुरुआती लोगों के लिए है,[],0
715,यह जानकारीपूर्ण है,4,0,0,0,0,1,0,0,0,1,यह जानकारीपूर्ण है,[],0
716,अच्छा प्रदर्शन,4,0,0,0,0,1,0,0,0,1,अच्छा प्रदर्शन,[],0
717,"यह बहुत शानदार कोर्स है, सभी कॉन्सेप्ट स्पष्ट हैं... अच्छा कोर्स",4,0,0,0,0,1,0,0,0,1,"यह बहुत शानदार कोर्स है, सभी कॉन्सेप्ट स्पष्ट हैं... अच्छा कोर्स",[],0
718,शानदार,4,0,0,0,0,1,0,0,0,1,शानदार,[],0
719,यह वास्तव में उपयोग करने लायक है,4,0,0,0,0,1,0,0,0,1,यह वास्तव में उपयोग करने लायक है,[],0
720,अच्छा कोर्स,4,0,0,0,0,1,0,0,0,1,अच्छा कोर्स,[],0
721,उत्कृष्ट,4,0,0,0,0,1,0,0,0,1,उत्कृष्ट,[],0
722,सरल व्याख्या,4,0,0,0,0,1,0,0,0,1,सरल व्याख्या,[],0
723,यह एक शानदार कोर्स था जहाँ मैंने पायथन प्रोग्रामिंग की बुनियादी बातें और उसके मूल सिद्धांत सीखे,4,0,0,0,0,1,0,0,0,1,यह एक शानदार कोर्स था जहाँ मैंने पायथन प्रोग्रामिंग की बुनियादी बातें और उसके मूल सिद्धांत सीखे,[],0
724,पायथन के मूल सिद्धांतों को सीखने के लिए अच्छा कोर्स,4,0,0,0,0,1,0,0,0,1,पायथन के मूल सिद्धांतों को सीखने के लिए अच्छा कोर्स,[],0
725,मैंने पायथन से संबंधित टॉपिक्स के लिए बेसिक फ़ंक्शंस सीखे,4,0,0,0,0,1,0,0,0,1,मैंने पायथन से संबंधित टॉपिक्स के लिए बेसिक फ़ंक्शंस सीखे,[],0
726,अच्छा कोर्स,4,0,0,0,0,1,0,0,0,1,अच्छा कोर्स,[],0
727,जज़ाकल्लाह ख़ैर,4,0,0,0,0,1,0,0,0,2,जज़ाकल्लाह ख़ैर,[],0
728,धन्यवाद सर,4,0,0,0,0,1,0,0,0,2,धन्यवाद सर,[],0
729,शुरुआती स्तर के लिए यह कोर्स बहुत मददगार है... यह आपके बुनियादी संदेहों को दूर करने में मदद करता है... लेकिन क्विज़ सेक्शन में कुछ कोड के उत्तर गलत हैं,4,0,0,1,0,1,0,0,0,1,शुरुआती स्तर के लिए यह कोर्स बहुत मददगार है... यह आपके बुनियादी संदेहों को दूर करने में मदद करता है... लेकिन क्विज़ सेक्शन में कुछ कोड के उत्तर गलत हैं,[],0
730,अच्छी तरह समझाया गया है लेकिन GUI ऐप्स सहित कुछ रियल लाइफ प्रोजेक्ट्स की उम्मीद थी,2,0,0,1,0,1,0,0,0,1,अच्छी तरह समझाया गया है लेकिन GUI ऐप्स सहित कुछ रियल लाइफ प्रोजेक्ट्स की उम्मीद थी,[],0
731,आशा है कि भविष्य में इंस्ट्रक्टर और लेसन जोड़ेंगे,2,0,1,0,0,0,0,0,0,1,आशा है कि भविष्य में इंस्ट्रक्टर और लेसन जोड़ेंगे,[],0
732,"यह सीखने का तरीका मेरे लिए बहुत सहायक रहा, धन्यवाद निशांत तिवारी",4,0,0,0,0,1,0,0,1,1,"यह सीखने का तरीका मेरे लिए बहुत सहायक रहा, धन्यवाद निशांत तिवारी",[],0
733,यह कोर्स शुरुआती लोगों के लिए बहुत उपयोगी है,4,0,1,0,0,1,0,0,0,1,यह कोर्स शुरुआती लोगों के लिए बहुत उपयोगी है,[],0
734,"मैं केवल कॉन्सेप्ट सीखना चाहता था, थ्योरी नहीं, इसलिए यह कोर्स परफेक्ट है",2,0,0,0,0,1,0,0,0,0,"मैं केवल कॉन्सेप्ट सीखना चाहता था, थ्योरी नहीं, इसलिए यह कोर्स परफेक्ट है",[],0
735,बोलने की गति बहुत तेज़ है,1,0,0,0,0,0,1,0,0,1,बोलने की गति बहुत तेज़ है,[],0
736,कभी-कभी समझ नहीं आता कि क्या बोला जा रहा है,1,0,0,0,0,0,1,0,0,0,कभी-कभी समझ नहीं आता कि क्या बोला जा रहा है,[],0
737,कोर्स के लिए धन्यवाद,4,0,0,0,0,1,0,0,0,2,कोर्स के लिए धन्यवाद,[],0
738,इसने मेरी बहुत मदद की,4,0,0,0,0,1,0,0,0,1,इसने मेरी बहुत मदद की,[],0
739,कोर्स डिवेलपर को धन्यवाद,4,0,0,0,0,1,0,0,0,2,कोर्स डिवेलपर को धन्यवाद,[],0
740,यह एक अच्छा अनुभव था,4,0,0,0,0,1,0,0,0,1,यह एक अच्छा अनुभव था,[],0
741,सभी अवधारणाएं स्पष्ट हैं,4,0,0,0,0,1,0,0,0,0,सभी अवधारणाएं स्पष्ट हैं,[],0
742,यह शानदार था,4,0,0,0,0,1,0,0,0,1,यह शानदार था,[],0
743,मैंने पायथन के बारे में बहुत कुछ सीखा और अब पायथन प्रोग्रामिंग को लेकर आत्मविश्वास है,4,0,0,0,0,1,0,0,1,1,मैंने पायथन के बारे में बहुत कुछ सीखा और अब पायथन प्रोग्रामिंग को लेकर आत्मविश्वास है,[],0
744,धन्यवाद Udemy!,4,0,0,0,0,1,0,0,0,2,धन्यवाद Udemy!,[],0
745,इस कोर्स की हर चीज़ शानदार है,4,0,0,0,0,1,0,0,0,1,इस कोर्स की हर चीज़ शानदार है,[],0
746,एक शानदार अनुभव रहा,4,0,0,0,0,1,0,0,0,1,एक शानदार अनुभव रहा,[],0
747,अच्छी तरह से व्यवस्थित और सरल तरीके से दिए गए व्याख्यान,4,0,0,0,0,1,0,0,0,1,अच्छी तरह से व्यवस्थित और सरल तरीके से दिए गए व्याख्यान,[],0
748,शुरुआती लोगों के लिए अच्छा,4,0,1,0,0,1,0,0,0,1,शुरुआती लोगों के लिए अच्छा,[],0
749,सीखने के लिए अच्छा है लेकिन और अधिक उदाहरण और टॉपिक्स की उम्मीद थी,4,0,1,0,0,0,0,0,0,1,सीखने के लिए अच्छा है लेकिन और अधिक उदाहरण और टॉपिक्स की उम्मीद थी,[],0
750,इस बेसिक पायथन कोर्स से मुझे जल्दी ज्ञान मिला,4,0,0,0,0,1,0,0,0,1,इस बेसिक पायथन कोर्स से मुझे जल्दी ज्ञान मिला,[],0
751,व्याख्याएं काफी मददगार हैं,4,0,0,0,0,1,0,0,0,1,व्याख्याएं काफी मददगार हैं,[],0
752,अच्छा बेसिक कोर्स,4,0,0,0,0,1,0,0,0,1,अच्छा बेसिक कोर्स,[],0
753,"बिना किसी समस्या के सब कुछ अच्छे से समझ आया, और कोर्स पसंद आया",4,0,0,0,0,1,0,0,1,1,"बिना किसी समस्या के सब कुछ अच्छे से समझ आया, और कोर्स पसंद आया",[],0
754,"हाँ, यह अच्छा अनुभव था",4,0,0,0,0,1,0,0,0,1,"हाँ, यह अच्छा अनुभव था",[],0
755,आसान और सरल तरीके से सीखना और समझना संभव हुआ,4,0,0,0,0,1,0,0,0,1,आसान और सरल तरीके से सीखना और समझना संभव हुआ,[],0
756,मुझे आपकी पढ़ाने की शैली पसंद है,4,0,0,0,0,1,0,0,0,1,मुझे आपकी पढ़ाने की शैली पसंद है,[],0
757,मैंने ऐसा कोई नहीं देखा जो इतने सरल तरीके से सिखाता हो,4,0,0,0,0,1,0,0,0,1,मैंने ऐसा कोई नहीं देखा जो इतने सरल तरीके से सिखाता हो,[],0
758,मैं विषयों को समझ सका और प्रत्येक टॉपिक के अंत में क्विज़ देकर यह इंटरैक्टिव था,4,0,0,0,0,1,0,0,1,1,मैं विषयों को समझ सका और प्रत्येक टॉपिक के अंत में क्विज़ देकर यह इंटरैक्टिव था,[],0
759,Udemy के साथ सीखना अच्छा रहा,4,0,0,0,0,1,0,0,1,1,Udemy के साथ सीखना अच्छा रहा,[],0
760,उन्होंने हमें व्यावहारिक ज्ञान सिखाया जो शानदार था,4,0,0,0,0,1,0,0,1,1,उन्होंने हमें व्यावहारिक ज्ञान सिखाया जो शानदार था,[],0
761,यह कोर्स पायथन की बुनियादी बातें सिखाता है और शुरुआती लोगों के लिए बहुत उपयोगी है,4,0,0,0,0,1,0,0,1,1,यह कोर्स पायथन की बुनियादी बातें सिखाता है और शुरुआती लोगों के लिए बहुत उपयोगी है,[],0
762,यह कोर्स वास्तव में शानदार है,4,0,0,0,0,1,0,0,0,1,यह कोर्स वास्तव में शानदार है,[],0
763,शिक्षक बहुत सरल और उपयोगी भाषा में पायथन सिखाते हैं,4,0,0,0,0,1,0,0,0,1,शिक्षक बहुत सरल और उपयोगी भाषा में पायथन सिखाते हैं,[],0
764,बहुत धन्यवाद सर,4,0,0,0,0,1,0,0,0,2,बहुत धन्यवाद सर,[],0
765,यह वास्तव में अच्छा और समझने में आसान है,4,0,0,0,0,1,0,0,0,1,यह वास्तव में अच्छा और समझने में आसान है,[],0
766,बहुत सरल उदाहरण इसे खास बनाते हैं,4,0,0,0,0,1,0,0,0,1,बहुत सरल उदाहरण इसे खास बनाते हैं,[],0
767,"हाँ, मैं कोर्स को समझ सका क्योंकि भाषा और उदाहरण सरल थे",4,0,0,0,0,1,0,0,0,1,"हाँ, मैं कोर्स को समझ सका क्योंकि भाषा और उदाहरण सरल थे",[],0
768,Udemy पर शुरुआती लोगों के लिए सबसे अच्छा पायथन कोर्स,4,0,0,0,0,1,0,0,1,2,Udemy पर शुरुआती लोगों के लिए सबसे अच्छा पायथन कोर्स,[],0
769,आशा है आप पायथन प्रोजेक्ट ट्यूटोरियल भी लाएंगे,4,0,1,0,0,0,0,0,0,1,आशा है आप पायथन प्रोजेक्ट ट्यूटोरियल भी लाएंगे,[],0
770,अब तक सीखा हुआ सबसे अच्छा कोर्सों में से एक,4,0,0,0,0,1,0,0,1,1,अब तक सीखा हुआ सबसे अच्छा कोर्सों में से एक,[],0
771,इस कोर्स के लिए धन्यवाद,4,0,0,0,0,1,0,0,0,2,इस कोर्स के लिए धन्यवाद,[],0
772,यह कोर्स बेसिक पायथन सीखने के लिए कुछ हद तक मददगार है,4,0,0,0,0,1,0,0,0,1,यह कोर्स बेसिक पायथन सीखने के लिए कुछ हद तक मददगार है,[],0
773,मैंने पायथन के सभी बेसिक्स सीखे और पूरा कोर्स कंटेंट बहुत अच्छा था,4,0,0,0,0,1,0,0,1,1,मैंने पायथन के सभी बेसिक्स सीखे और पूरा कोर्स कंटेंट बहुत अच्छा था,[],0
774,वास्तव में बहुत अच्छा और समझने योग्य व्याख्यान,4,0,0,0,0,1,0,0,1,1,वास्तव में बहुत अच्छा और समझने योग्य व्याख्यान,[],0
775,बहुत आसान,4,0,0,0,0,1,0,0,1,1,बहुत आसान,[],0
776,पायथन डेवलपर बनने के लिए 3.5 घंटे पर्याप्त नहीं हैं,4,1,0,0,1,0,0,0,0,2,पायथन डेवलपर बनने के लिए 3.5 घंटे पर्याप्त नहीं हैं,[],0
777,यह अच्छा कोर्स था लेकिन कुछ चीजों जैसे lambda और anonymous functions की थोड़ी और स्पष्टता होनी चाहिए,4,0,1,0,0,1,0,0,1,1,यह अच्छा कोर्स था लेकिन कुछ चीजों जैसे lambda और anonymous functions की थोड़ी और स्पष्टता होनी चाहिए,[],0
778,मैं विषयों को समझने में सक्षम था और यह इंटरएक्टिव था क्योंकि हर टॉपिक के अंत में एक क्विज़ दी गई थी,4,0,0,0,0,1,0,0,1,1,मैं विषयों को समझने में सक्षम था और यह इंटरएक्टिव था क्योंकि हर टॉपिक के अंत में एक क्विज़ दी गई थी,[],0
779,"व्याख्या थोड़ी तेज़ होनी चाहिए, आवाज़/वीडियो धीमे हैं",1,0,0,1,0,0,0,0,0,1,"व्याख्या थोड़ी तेज़ होनी चाहिए, आवाज़/वीडियो धीमे हैं",[],0
780,कोई उत्साह नहीं है और वीडियो समय बर्बाद करने जैसा लगता है,1,0,0,1,0,0,1,0,0,0,कोई उत्साह नहीं है और वीडियो समय बर्बाद करने जैसा लगता है,[],0
781,पूरा कोर्स नहीं है,2,1,0,0,0,0,1,0,0,2,पूरा कोर्स नहीं है,[],0
782,यह जानकारीपूर्ण है,4,0,0,0,0,1,0,0,1,1,यह जानकारीपूर्ण है,[],0
783,शानदार,4,0,0,0,0,1,0,1,0,1,शानदार,[],0
784,सब कुछ सीखने में मज़ा आया,4,0,0,0,0,1,0,0,0,2,सब कुछ सीखने में मज़ा आया,[],0
785,इसे और भी आसान तरीके से बेहतर तरीके से दिखाया जा सकता था,4,0,1,0,0,0,0,0,0,1,इसे और भी आसान तरीके से बेहतर तरीके से दिखाया जा सकता था,[],0
786,सभी बुनियादी बातें शामिल की गई हैं,4,0,0,0,0,1,0,0,1,1,सभी बुनियादी बातें शामिल की गई हैं,[],0
787,"यह दिलचस्प है लेकिन जैसे-जैसे आप कोर्स में आगे बढ़ते हैं, क्विज़ बहुत आसान और कम प्रश्नों वाले हो जाते हैं",4,0,0,0,0,1,1,0,0,1,"यह दिलचस्प है लेकिन जैसे-जैसे आप कोर्स में आगे बढ़ते हैं, क्विज़ बहुत आसान और कम प्रश्नों वाले हो जाते हैं",[],0
788,अच्छा व्याख्यान,4,0,0,0,0,1,0,0,0,1,अच्छा व्याख्यान,[],0
789,शानदार पढ़ाने का तरीका,4,0,0,0,0,1,0,0,1,1,शानदार पढ़ाने का तरीका,[],0
790,मुझे यह अच्छा लग रहा है..! यह शानदार है,4,0,0,0,0,1,0,0,0,1,मुझे यह अच्छा लग रहा है..! यह शानदार है,[],0
791,पायथन प्रोग्रामिंग शुरू करने के लिए सबसे उपयोगी कोर्स,4,0,0,0,0,1,0,0,1,1,पायथन प्रोग्रामिंग शुरू करने के लिए सबसे उपयोगी कोर्स,[],0
792,यह मेरे ज्ञान की जांच करने के लिए वास्तव में उपयोगी था,4,0,0,0,0,1,0,0,1,1,यह मेरे ज्ञान की जांच करने के लिए वास्तव में उपयोगी था,[],0
793,अविश्वसनीय लगता है,4,0,0,0,0,1,0,0,0,0,अविश्वसनीय लगता है,[],0
794,शुरुआती लोगों के लिए शानदार,4,0,1,0,0,1,0,0,0,1,शुरुआती लोगों के लिए शानदार,[],0
795,"निश्चित रूप से एक अद्भुत शिक्षक हैं, कोर्स को समझना बहुत ही आसान है",4,0,0,0,0,1,0,0,1,1,"निश्चित रूप से एक अद्भुत शिक्षक हैं, कोर्स को समझना बहुत ही आसान है",[],0
796,मैंने पायथन के सभी मूलभूत चीजें बहुत जल्दी सीख लीं,4,0,0,0,0,1,0,0,0,1,मैंने पायथन के सभी मूलभूत चीजें बहुत जल्दी सीख लीं,[],0
797,अवधारणाओं को समझाने का तरीका बहुत ही अच्छा है,4,0,0,0,0,1,0,0,1,1,अवधारणाओं को समझाने का तरीका बहुत ही अच्छा है,[],0
798,कोर्स बहुत ही इंटरएक्टिव है,4,0,0,0,0,1,0,0,1,0,कोर्स बहुत ही इंटरएक्टिव है,[],0
799,कोच को धन्यवाद,4,0,0,0,0,1,0,0,0,2,कोच को धन्यवाद,[],0
800,सरल भाषा और समझने में आसान,4,0,0,0,0,1,0,0,1,1,सरल भाषा और समझने में आसान,[],0
801,"इस कोर्स ने NLP सीखना सच में मज़ेदार बना दिया क्योंकि एक्सप्लेनेशन साफ़, स्ट्रक्चर्ड हैं, और मज़बूत कॉन्फिडेंस बनाते हैं, साथ ही मुझे सीखते रहने के लिए मोटिवेटेड रखते हैं।",4,0,0,0,0,1,0,0,1,1,"इस कोर्स ने NLP सीखना सच में मज़ेदार बना दिया क्योंकि एक्सप्लेनेशन साफ़, स्ट्रक्चर्ड हैं, और मज़बूत कॉन्फिडेंस बनाते हैं, साथ ही मुझे सीखते रहने के लिए मोटिवेटेड रखते हैं।",[],0
802,मैं इस कोर्स से बहुत खुश हूँ क्योंकि यह NLP कॉन्सेप्ट को लॉजिकल तरीके से दिखाता है जिससे मुझे मटीरियल पर भरोसा होता है और शुरू से आखिर तक सीखने का प्रोसेस अच्छा लगता है।,4,0,0,0,0,1,0,0,1,1,मैं इस कोर्स से बहुत खुश हूँ क्योंकि यह NLP कॉन्सेप्ट को लॉजिकल तरीके से दिखाता है जिससे मुझे मटीरियल पर भरोसा होता है और शुरू से आखिर तक सीखने का प्रोसेस अच्छा लगता है।,[],0
803,"इंस्ट्रक्टर साफ़ और गहराई से कंटेंट समझाते हैं, जिससे मुझे खुशी, कॉन्फिडेंस और असल दुनिया की समस्याओं पर कॉन्सेप्ट लागू करने में उत्साह महसूस होता है।",1,0,0,0,0,1,0,0,1,1,"इंस्ट्रक्टर साफ़ और गहराई से कंटेंट समझाते हैं, जिससे मुझे खुशी, कॉन्फिडेंस और असल दुनिया की समस्याओं पर कॉन्सेप्ट लागू करने में उत्साह महसूस होता है।",[],0
804,इंस्ट्रक्टर की साफ़ बातों ने इस कोर्स को मज़ेदार बना दिया और मुझे NLP टेक्नीक को अकेले इस्तेमाल करने का कॉन्फिडेंस दिया।,1,0,0,0,0,1,0,0,0,1,इंस्ट्रक्टर की साफ़ बातों ने इस कोर्स को मज़ेदार बना दिया और मुझे NLP टेक्नीक को अकेले इस्तेमाल करने का कॉन्फिडेंस दिया।,[],0
805,मैं इस कोर्स से खुश और संतुष्ट महसूस करता हूँ क्योंकि इसका कंटेंट सोच-समझकर ऑर्गनाइज़ किया गया है और इस तरह से दिया गया है जिससे अच्छी समझ बनती है।,2,0,0,0,0,1,0,0,0,1,मैं इस कोर्स से खुश और संतुष्ट महसूस करता हूँ क्योंकि इसका कंटेंट सोच-समझकर ऑर्गनाइज़ किया गया है और इस तरह से दिया गया है जिससे अच्छी समझ बनती है।,[],0
806,इस कोर्स ने NLP कॉन्सेप्ट को साफ़-साफ़ समझाकर और जिज्ञासा और कॉन्फिडेंस को बढ़ावा देकर सीखने का बहुत अच्छा अनुभव दिया।,4,0,0,0,0,1,0,0,0,1,इस कोर्स ने NLP कॉन्सेप्ट को साफ़-साफ़ समझाकर और जिज्ञासा और कॉन्फिडेंस को बढ़ावा देकर सीखने का बहुत अच्छा अनुभव दिया।,[],0
807,मुझे इस कोर्स का हर हिस्सा अच्छा लगा क्योंकि इंस्ट्रक्टर बेसिक और एडवांस्ड दोनों तरह के आइडिया को इस तरह समझाते हैं कि वह दिलचस्प और भरोसेमंद लगता है।,1,0,0,0,0,1,0,0,0,1,मुझे इस कोर्स का हर हिस्सा अच्छा लगा क्योंकि इंस्ट्रक्टर बेसिक और एडवांस्ड दोनों तरह के आइडिया को इस तरह समझाते हैं कि वह दिलचस्प और भरोसेमंद लगता है।,[],0
808,इस कोर्स के स्ट्रक्चर ने NLP सीखना मज़ेदार बना दिया और हर टॉपिक में आगे बढ़ते समय मुझे कॉन्फिडेंट महसूस करने में मदद की।,2,0,0,0,0,1,0,0,0,1,इस कोर्स के स्ट्रक्चर ने NLP सीखना मज़ेदार बना दिया और हर टॉपिक में आगे बढ़ते समय मुझे कॉन्फिडेंट महसूस करने में मदद की।,[],0
809,"मैं इस कोर्स की गहराई और क्लैरिटी से बहुत खुश हूँ, जिससे NLP सीखना मुश्किल होने के बजाय रोमांचक लगा।",4,0,0,0,0,1,0,1,0,1,"मैं इस कोर्स की गहराई और क्लैरिटी से बहुत खुश हूँ, जिससे NLP सीखना मुश्किल होने के बजाय रोमांचक लगा।",[],0
810,"यह कोर्स साफ़ एक्सप्लेनेशन और प्रैक्टिकल इनसाइट्स को अच्छे से जोड़ता है, जिससे सीखने का अनुभव मज़ेदार और मोटिवेटिंग दोनों बन जाता है।",2,0,0,0,0,1,0,0,0,1,"यह कोर्स साफ़ एक्सप्लेनेशन और प्रैक्टिकल इनसाइट्स को अच्छे से जोड़ता है, जिससे सीखने का अनुभव मज़ेदार और मोटिवेटिंग दोनों बन जाता है।",[],0
811,मुझे पूरे कोर्स में कॉन्फिडेंट और एंगेज्ड महसूस हुआ क्योंकि इंस्ट्रक्टर कॉन्सेप्ट्स को ध्यान से और लॉजिकल तरीके से समझाते हैं।,1,0,0,0,0,1,0,0,0,1,मुझे पूरे कोर्स में कॉन्फिडेंट और एंगेज्ड महसूस हुआ क्योंकि इंस्ट्रक्टर कॉन्सेप्ट्स को ध्यान से और लॉजिकल तरीके से समझाते हैं।,[],0
812,"इस कोर्स ने NLP को समझना आसान बना दिया, क्योंकि इसमें आइडिया को एक स्ट्रक्चर्ड और मज़ेदार तरीके से पेश किया गया, जिससे मैं मोटिवेटेड रहा।",2,0,0,0,0,1,0,0,0,1,"इस कोर्स ने NLP को समझना आसान बना दिया, क्योंकि इसमें आइडिया को एक स्ट्रक्चर्ड और मज़ेदार तरीके से पेश किया गया, जिससे मैं मोटिवेटेड रहा।",[],0
813,"मुझे सच में इस कोर्स की क्लैरिटी बहुत पसंद आई, जिससे मुझे सीखने के प्रोसेस में भरोसा बनाने और हर लेसन को एन्जॉय करने में मदद मिली",4,0,0,0,0,1,0,0,0,1,"मुझे सच में इस कोर्स की क्लैरिटी बहुत पसंद आई, जिससे मुझे सीखने के प्रोसेस में भरोसा बनाने और हर लेसन को एन्जॉय करने में मदद मिली",[],0
814,सीखने का अनुभव बहुत अच्छा था क्योंकि कोर्स में NLP कॉन्सेप्ट को अच्छी तरह समझाया गया है और रफ़्तार भी आरामदायक रखी गई है,2,0,0,0,0,1,0,0,0,1,सीखने का अनुभव बहुत अच्छा था क्योंकि कोर्स में NLP कॉन्सेप्ट को अच्छी तरह समझाया गया है और रफ़्तार भी आरामदायक रखी गई है,[],0
815,मुझे यह कोर्स इसलिए पसंद आया क्योंकि इससे धीरे-धीरे समझ बढ़ती है और मुश्किल NLP टॉपिक समझने में आसान और दिलचस्प लगते हैं,2,0,0,0,0,1,0,0,0,1,मुझे यह कोर्स इसलिए पसंद आया क्योंकि इससे धीरे-धीरे समझ बढ़ती है और मुश्किल NLP टॉपिक समझने में आसान और दिलचस्प लगते हैं,[],0
816,"इस कोर्स ने मेरी उम्मीदों से बढ़कर हाई-क्वालिटी एक्सप्लेनेशन दिया, जिससे NLP सीखना मज़ेदार और फायदेमंद दोनों बन गया",4,0,0,0,0,1,0,1,0,1,"इस कोर्स ने मेरी उम्मीदों से बढ़कर हाई-क्वालिटी एक्सप्लेनेशन दिया, जिससे NLP सीखना मज़ेदार और फायदेमंद दोनों बन गया",[],0
817,मैं इस कोर्स से बहुत संतुष्ट हूं क्योंकि इससे मुझे NLP टेक्नीक इस्तेमाल करने के लिए कॉन्फिडेंस और उत्साह मिला,4,0,0,0,0,1,0,0,0,1,मैं इस कोर्स से बहुत संतुष्ट हूं क्योंकि इससे मुझे NLP टेक्नीक इस्तेमाल करने के लिए कॉन्फिडेंस और उत्साह मिला,[],0
818,इंस्ट्रक्टर के पढ़ाने के तरीके ने NLP सीखना दिलचस्प बना दिया और मुझे समझाए जा रहे कॉन्सेप्ट पर भरोसा करने में मदद की,1,0,0,0,0,1,0,0,0,1,इंस्ट्रक्टर के पढ़ाने के तरीके ने NLP सीखना दिलचस्प बना दिया और मुझे समझाए जा रहे कॉन्सेप्ट पर भरोसा करने में मदद की,[],0
819,इस कोर्स ने मुझे इसके साफ़ स्ट्रक्चर और सोच-समझकर दिए गए एक्सप्लेनेशन की वजह से NLP सीखने के लिए उत्साहित कर दिया,4,0,0,0,0,1,0,0,0,1,इस कोर्स ने मुझे इसके साफ़ स्ट्रक्चर और सोच-समझकर दिए गए एक्सप्लेनेशन की वजह से NLP सीखने के लिए उत्साहित कर दिया,[],0
820,"मुझे यह कोर्स इसलिए पसंद आया क्योंकि इसमें NLP की बुनियादी बातें इस तरह से समझाई गई हैं जो लॉजिकल, मोटिवेटिंग और समझने में आसान लगती हैं",2,0,0,0,0,1,0,0,0,1,"मुझे यह कोर्स इसलिए पसंद आया क्योंकि इसमें NLP की बुनियादी बातें इस तरह से समझाई गई हैं जो लॉजिकल, मोटिवेटिंग और समझने में आसान लगती हैं",[],0
821,इंस्ट्रक्टर के साफ़ एक्सप्लेनेशन और अच्छे से ऑर्गनाइज़्ड कंटेंट की वजह से सीखने का सफ़र आसान और फ़ायदेमंद लगा,4,0,0,0,0,1,0,0,0,1,इंस्ट्रक्टर के साफ़ एक्सप्लेनेशन और अच्छे से ऑर्गनाइज़्ड कंटेंट की वजह से सीखने का सफ़र आसान और फ़ायदेमंद लगा,[],0
822,मैं इस बात से बहुत खुश हूँ कि यह कोर्स सीखने के अनुभव को मज़ेदार बनाए रखते हुए स्टेप बाय स्टेप समझ बनाता है,4,0,0,0,0,1,0,0,0,1,मैं इस बात से बहुत खुश हूँ कि यह कोर्स सीखने के अनुभव को मज़ेदार बनाए रखते हुए स्टेप बाय स्टेप समझ बनाता है,[],0
823,इस कोर्स ने मुझे कॉन्फिडेंट और मोटिवेटेड महसूस करने में मदद की क्योंकि यह NLP कॉन्सेप्ट्स को साफ और दिलचस्प तरीके से समझाता है,1,0,0,0,0,1,0,0,0,1,इस कोर्स ने मुझे कॉन्फिडेंट और मोटिवेटेड महसूस करने में मदद की क्योंकि यह NLP कॉन्सेप्ट्स को साफ और दिलचस्प तरीके से समझाता है,[],0
824,"मुझे इस कोर्स से सीखने में सच में बहुत मज़ा आया क्योंकि एक्सप्लेनेशन सोच-समझकर, डिटेल में और भरोसे के लायक लगे",4,0,0,0,0,1,0,0,0,1,"मुझे इस कोर्स से सीखने में सच में बहुत मज़ा आया क्योंकि एक्सप्लेनेशन सोच-समझकर, डिटेल में और भरोसे के लायक लगे",[],0
825,"इंस्ट्रक्टर ने NLP कॉन्सेप्ट्स को साफ़ और धैर्य से समझाया, जिससे सीखने का पूरा अनुभव मज़ेदार और कॉन्फिडेंस बढ़ाने वाला बना",1,0,0,0,0,1,0,0,0,1,"इंस्ट्रक्टर ने NLP कॉन्सेप्ट्स को साफ़ और धैर्य से समझाया, जिससे सीखने का पूरा अनुभव मज़ेदार और कॉन्फिडेंस बढ़ाने वाला बना",[],0
826,इस कोर्स ने मुश्किल आइडिया को आसान और मोटिवेटिंग बनाकर सीखने का बहुत अच्छा अनुभव दिया,2,0,0,0,0,1,0,0,0,1,इस कोर्स ने मुश्किल आइडिया को आसान और मोटिवेटिंग बनाकर सीखने का बहुत अच्छा अनुभव दिया,[],0
827,मुझे इस कोर्स में NLP सीखने में खुशी हुई क्योंकि कंटेंट अच्छी तरह से स्ट्रक्चर्ड है और क्लैरिटी से समझाया गया है,2,0,0,0,0,1,0,0,0,1,मुझे इस कोर्स में NLP सीखने में खुशी हुई क्योंकि कंटेंट अच्छी तरह से स्ट्रक्चर्ड है और क्लैरिटी से समझाया गया है,[],0
828,इस कोर्स में दिए गए एक्सप्लेनेशन से मुझे मटीरियल पर भरोसा बनाने और बिना कन्फ्यूज़ हुए सीखने में मज़ा आया,2,0,0,0,0,1,0,0,0,1,इस कोर्स में दिए गए एक्सप्लेनेशन से मुझे मटीरियल पर भरोसा बनाने और बिना कन्फ्यूज़ हुए सीखने में मज़ा आया,[],0
829,मैं इस कोर्स से बहुत खुश हूँ क्योंकि यह NLP कॉन्सेप्ट को इस तरह से बताता है जो प्रैक्टिकल और मज़ेदार दोनों लगता है,4,0,0,0,0,1,0,0,0,1,मैं इस कोर्स से बहुत खुश हूँ क्योंकि यह NLP कॉन्सेप्ट को इस तरह से बताता है जो प्रैक्टिकल और मज़ेदार दोनों लगता है,[],0
830,इस कोर्स ने मुझे NLP सीखते रहने के लिए उत्साहित किया क्योंकि इसके एक्सप्लेनेशन साफ़ और दिलचस्प हैं,4,0,0,0,0,1,0,0,0,1,इस कोर्स ने मुझे NLP सीखते रहने के लिए उत्साहित किया क्योंकि इसके एक्सप्लेनेशन साफ़ और दिलचस्प हैं,[],0
831,मुझे यह कोर्स बहुत पसंद आया क्योंकि इससे NLP सीखना मज़ेदार और कॉन्फिडेंस बढ़ाने वाला बन गया।,1,0,0,0,0,1,0,0,0,1,मुझे यह कोर्स बहुत पसंद आया क्योंकि इससे NLP सीखना मज़ेदार और कॉन्फिडेंस बढ़ाने वाला बन गया।,[],0
832,"इंस्ट्रक्टर NLP कॉन्सेप्ट्स को साफ़ और लगातार समझाते हैं, जिससे सीखने का अनुभव आसान और मज़ेदार हो गया।",1,0,0,0,0,1,0,0,0,1,"इंस्ट्रक्टर NLP कॉन्सेप्ट्स को साफ़ और लगातार समझाते हैं, जिससे सीखने का अनुभव आसान और मज़ेदार हो गया।",[],0
833,इस कोर्स ने मुश्किल टॉपिक को समझने लायक और मोटिवेट करने वाला बनाकर मेरी उम्मीदों से बढ़कर काम किया।,1,0,0,0,0,1,0,1,0,1,इस कोर्स ने मुश्किल टॉपिक को समझने लायक और मोटिवेट करने वाला बनाकर मेरी उम्मीदों से बढ़कर काम किया।,[],0
834,मुझे इस कोर्स से NLP सीखकर खुशी हुई क्योंकि इसकी जानकारी साफ़ और अच्छी तरह से दी गई है।,1,0,0,0,0,1,0,0,0,1,मुझे इस कोर्स से NLP सीखकर खुशी हुई क्योंकि इसकी जानकारी साफ़ और अच्छी तरह से दी गई है।,[],0
835,कोर्स के स्ट्रक्चर ने मुझे NLP कॉन्सेप्ट सीखते समय एंगेज्ड और कॉन्फिडेंट रहने में मदद की।,1,0,0,0,0,1,0,0,0,1,कोर्स के स्ट्रक्चर ने मुझे NLP कॉन्सेप्ट सीखते समय एंगेज्ड और कॉन्फिडेंट रहने में मदद की।,[],0
836,मैं इस कोर्स से बहुत खुश हूँ क्योंकि इसमें जानकारी साफ़-साफ़ दी गई है और धीरे-धीरे समझ बढ़ती है।,4,0,0,0,0,1,0,0,0,1,मैं इस कोर्स से बहुत खुश हूँ क्योंकि इसमें जानकारी साफ़-साफ़ दी गई है और धीरे-धीरे समझ बढ़ती है।,[],0
837,इस कोर्स ने आइडिया को लॉजिकल और आसान तरीके से समझाकर NLP सीखना मज़ेदार बना दिया।,1,0,0,0,0,1,0,0,0,1,इस कोर्स ने आइडिया को लॉजिकल और आसान तरीके से समझाकर NLP सीखना मज़ेदार बना दिया।,[],0
838,मुझे सीखने का अनुभव अच्छा लगा क्योंकि इंस्ट्रक्टर कॉन्सेप्ट्स को ध्यान से और साफ़-साफ़ समझाते हैं।,1,0,0,0,0,1,0,0,0,1,मुझे सीखने का अनुभव अच्छा लगा क्योंकि इंस्ट्रक्टर कॉन्सेप्ट्स को ध्यान से और साफ़-साफ़ समझाते हैं।,[],0
839,"इस कोर्स ने मुझे अपनी NLP नॉलेज पर कॉन्फिडेंट महसूस करने में मदद की, इसकी साफ़ जानकारी की वजह से।",1,0,0,0,0,1,0,0,0,1,"इस कोर्स ने मुझे अपनी NLP नॉलेज पर कॉन्फिडेंट महसूस करने में मदद की, इसकी साफ़ जानकारी की वजह से।",[],0
840,इसके अच्छे से बने हुए कंटेंट की वजह से मुझे पूरे कोर्स के दौरान मोटिवेटेड और सैटिस्फाइड महसूस हुआ।,4,0,0,0,0,1,0,0,0,1,इसके अच्छे से बने हुए कंटेंट की वजह से मुझे पूरे कोर्स के दौरान मोटिवेटेड और सैटिस्फाइड महसूस हुआ।,[],0
841,इंस्ट्रक्टर के पढ़ाने के तरीके ने इस कोर्स को मज़ेदार और भरोसेमंद बना दिया।,1,0,0,0,0,1,0,0,0,1,इंस्ट्रक्टर के पढ़ाने के तरीके ने इस कोर्स को मज़ेदार और भरोसेमंद बना दिया।,[],0
842,"मुझे यह कोर्स इसलिए पसंद आया क्योंकि इसमें NLP कॉन्सेप्ट को इस तरह समझाया गया है कि वह साफ़, प्रैक्टिकल और मोटिवेटिंग लगता है।",1,0,0,0,0,1,0,0,0,1,"मुझे यह कोर्स इसलिए पसंद आया क्योंकि इसमें NLP कॉन्सेप्ट को इस तरह समझाया गया है कि वह साफ़, प्रैक्टिकल और मोटिवेटिंग लगता है।",[],0
843,इस कोर्स ने साफ़-साफ़ समझाया और सीखने का आसान अनुभव देकर मेरी उम्मीदों से बढ़कर काम किया।,1,0,0,0,0,1,0,1,0,1,इस कोर्स ने साफ़-साफ़ समझाया और सीखने का आसान अनुभव देकर मेरी उम्मीदों से बढ़कर काम किया।,[],0
844,मैं इस बात से बहुत खुश हूँ कि यह कोर्स स्टेप बाय स्टेप समझ कैसे बनाता है।,4,0,0,0,0,1,0,0,0,1,मैं इस बात से बहुत खुश हूँ कि यह कोर्स स्टेप बाय स्टेप समझ कैसे बनाता है।,[],0
845,सीखने का अनुभव मज़ेदार था क्योंकि इंस्ट्रक्टर ने सब कुछ साफ़ और सोच-समझकर समझाया।,1,0,0,0,0,1,0,0,0,1,सीखने का अनुभव मज़ेदार था क्योंकि इंस्ट्रक्टर ने सब कुछ साफ़ और सोच-समझकर समझाया।,[],0
846,इस कोर्स ने NLP सीखना आसान बना दिया और मुझे पूरे समय मोटिवेटेड रखा।,1,0,0,0,0,1,0,0,0,1,इस कोर्स ने NLP सीखना आसान बना दिया और मुझे पूरे समय मोटिवेटेड रखा।,[],0
847,मुझे इस कोर्स का स्ट्रक्चर पसंद आया क्योंकि यह साफ़ और कॉन्फिडेंट तरीके से सीखने में मदद करता है।,4,0,0,0,0,1,0,0,0,1,मुझे इस कोर्स का स्ट्रक्चर पसंद आया क्योंकि यह साफ़ और कॉन्फिडेंट तरीके से सीखने में मदद करता है।,[],0
848,इन बातों से मुझे NLP सीखने के लिए कॉन्फिडेंट और एक्साइटेड महसूस करने में मदद मिली।,1,0,0,0,0,1,0,0,0,1,इन बातों से मुझे NLP सीखने के लिए कॉन्फिडेंट और एक्साइटेड महसूस करने में मदद मिली।,[],0
849,इस कोर्स ने अपनी क्लैरिटी और ऑर्गनाइज़ेशन की वजह से बहुत पॉज़िटिव लर्निंग एक्सपीरियंस दिया।,4,0,0,0,0,1,0,0,0,1,इस कोर्स ने अपनी क्लैरिटी और ऑर्गनाइज़ेशन की वजह से बहुत पॉज़िटिव लर्निंग एक्सपीरियंस दिया।,[],0
850,मुझे NLP सीखने में खुशी महसूस हुई क्योंकि कंटेंट साफ़ और लॉजिकल तरीके से दिखाया गया है।,1,0,0,0,0,1,0,0,0,1,मुझे NLP सीखने में खुशी महसूस हुई क्योंकि कंटेंट साफ़ और लॉजिकल तरीके से दिखाया गया है।,[],0
851,इंस्ट्रक्टर के एक्सप्लेनेशन ने इस कोर्स को मज़ेदार और कॉन्फिडेंस बढ़ाने वाला बना दिया।,1,0,0,0,0,1,0,0,0,1,इंस्ट्रक्टर के एक्सप्लेनेशन ने इस कोर्स को मज़ेदार और कॉन्फिडेंस बढ़ाने वाला बना दिया।,[],0
852,मुझे इस कोर्स से NLP सीखने में मज़ा आया क्योंकि मटीरियल स्ट्रक्चर्ड और समझने में आसान है।,2,0,0,0,0,1,0,0,0,1,मुझे इस कोर्स से NLP सीखने में मज़ा आया क्योंकि मटीरियल स्ट्रक्चर्ड और समझने में आसान है।,[],0
853,इस कोर्स ने NLP कॉन्सेप्ट को दिलचस्प और समझने लायक बनाकर मेरी उम्मीदों से बढ़कर काम किया।,4,0,0,0,0,1,0,1,0,1,इस कोर्स ने NLP कॉन्सेप्ट को दिलचस्प और समझने लायक बनाकर मेरी उम्मीदों से बढ़कर काम किया।,[],0
854,मैं इस कोर्स से मिले सीखने के अनुभव से बहुत संतुष्ट हूँ।,4,0,0,0,0,1,0,0,0,1,मैं इस कोर्स से मिले सीखने के अनुभव से बहुत संतुष्ट हूँ।,[],0
855,इस कोर्स ने मुझे NLP सीखते समय कॉन्फिडेंट और मोटिवेटेड महसूस करने में मदद की।,4,0,0,0,0,1,0,0,0,1,इस कोर्स ने मुझे NLP सीखते समय कॉन्फिडेंट और मोटिवेटेड महसूस करने में मदद की।,[],0
856,मुझे साफ़-साफ़ समझाने में मज़ा आया जिससे NLP सीखना मज़ेदार हो गया।,1,0,0,0,0,1,0,0,0,1,मुझे साफ़-साफ़ समझाने में मज़ा आया जिससे NLP सीखना मज़ेदार हो गया।,[],0
857,इस कोर्स ने अपने सोच-समझकर बनाए गए स्ट्रक्चर की वजह से NLP सीखना फायदेमंद बना दिया।,2,0,0,0,0,1,0,0,0,1,इस कोर्स ने अपने सोच-समझकर बनाए गए स्ट्रक्चर की वजह से NLP सीखना फायदेमंद बना दिया।,[],0
858,मुझे इस कोर्स से सीखने में कॉन्फिडेंस महसूस हुआ क्योंकि एक्सप्लेनेशन साफ़ और एक जैसे हैं।,1,0,0,0,0,1,0,0,0,1,मुझे इस कोर्स से सीखने में कॉन्फिडेंस महसूस हुआ क्योंकि एक्सप्लेनेशन साफ़ और एक जैसे हैं।,[],0
859,इंस्ट्रक्टर के पढ़ाने के तरीके की वजह से सीखने का अनुभव मज़ेदार और मोटिवेटिंग था।,1,0,0,0,0,1,0,1,0,1,इंस्ट्रक्टर के पढ़ाने के तरीके की वजह से सीखने का अनुभव मज़ेदार और मोटिवेटिंग था।,[],0
860,इस कोर्स ने मुश्किल आइडिया को समझना आसान बनाकर मेरी उम्मीदों से बढ़कर काम किया।,4,0,0,0,0,1,0,1,0,1,इस कोर्स ने मुश्किल आइडिया को समझना आसान बनाकर मेरी उम्मीदों से बढ़कर काम किया।,[],0
861,"मैं इस कोर्स में NLP कॉन्सेप्ट्स को कितनी साफ़-साफ़ समझाया गया है, इससे बहुत खुश हूँ।",4,0,0,0,0,1,0,0,0,1,"मैं इस कोर्स में NLP कॉन्सेप्ट्स को कितनी साफ़-साफ़ समझाया गया है, इससे बहुत खुश हूँ।",[],0
862,मुझे यह कोर्स इसलिए पसंद आया क्योंकि इसमें NLP कॉन्सेप्ट को इस तरह से बताया गया है कि वह लॉजिकल और दिलचस्प लगता है।,2,0,0,0,0,1,0,0,0,1,मुझे यह कोर्स इसलिए पसंद आया क्योंकि इसमें NLP कॉन्सेप्ट को इस तरह से बताया गया है कि वह लॉजिकल और दिलचस्प लगता है।,[],0
863,इस कोर्स ने मुझे NLP सीखने के लिए कॉन्फिडेंस और उत्साह बनाने में मदद की।,4,0,0,0,0,1,0,0,0,1,इस कोर्स ने मुझे NLP सीखने के लिए कॉन्फिडेंस और उत्साह बनाने में मदद की।,[],0
864,मुझे सीखने के अनुभव से संतुष्टि मिली क्योंकि कंटेंट अच्छी तरह से बनाया गया है।,2,0,0,0,0,1,0,0,0,1,मुझे सीखने के अनुभव से संतुष्टि मिली क्योंकि कंटेंट अच्छी तरह से बनाया गया है।,[],0
865,इंस्ट्रक्टर के एक्सप्लेनेशन से NLP सीखना मज़ेदार और समझने में आसान हो गया।,1,0,0,0,0,1,0,0,0,1,इंस्ट्रक्टर के एक्सप्लेनेशन से NLP सीखना मज़ेदार और समझने में आसान हो गया।,[],0
866,इस कोर्स ने साफ़ और मोटिवेट करने वाले लेसन देकर मेरी उम्मीदों से बढ़कर काम किया।,4,0,0,0,0,1,0,1,0,1,इस कोर्स ने साफ़ और मोटिवेट करने वाले लेसन देकर मेरी उम्मीदों से बढ़कर काम किया।,[],0
867,मुझे सीखने का सफ़र अच्छा लगा क्योंकि कोर्स में स्टेप बाय स्टेप कॉन्सेप्ट्स समझाए गए हैं।,1,0,0,0,0,1,0,0,0,1,मुझे सीखने का सफ़र अच्छा लगा क्योंकि कोर्स में स्टेप बाय स्टेप कॉन्सेप्ट्स समझाए गए हैं।,[],0
868,इस कोर्स को पूरा करने के बाद मैं कॉन्फिडेंट और सैटिस्फाइड महसूस कर रहा हूँ।,4,0,0,0,0,1,0,0,0,1,इस कोर्स को पूरा करने के बाद मैं कॉन्फिडेंट और सैटिस्फाइड महसूस कर रहा हूँ।,[],0
869,इस कोर्स के स्ट्रक्चर ने NLP सीखना मज़ेदार और असरदार बना दिया।,2,0,0,0,0,1,0,0,0,1,इस कोर्स के स्ट्रक्चर ने NLP सीखना मज़ेदार और असरदार बना दिया।,[],0
870,मुझे पूरे कोर्स में लेसन की क्लैरिटी और ऑर्गनाइज़ेशन पसंद आया।,2,0,0,0,0,1,0,0,0,1,मुझे पूरे कोर्स में लेसन की क्लैरिटी और ऑर्गनाइज़ेशन पसंद आया।,[],0
871,इस कोर्स ने NLP सीखना आसान और फायदेमंद बना दिया।,4,0,0,0,0,1,0,0,0,1,इस कोर्स ने NLP सीखना आसान और फायदेमंद बना दिया।,[],0
872,मैं इस कोर्स से बहुत खुश हूँ क्योंकि यह NLP कॉन्सेप्ट्स को साफ़-साफ़ समझाता है और कॉन्फिडेंस बढ़ाता है।,4,0,0,0,0,1,0,0,0,1,मैं इस कोर्स से बहुत खुश हूँ क्योंकि यह NLP कॉन्सेप्ट्स को साफ़-साफ़ समझाता है और कॉन्फिडेंस बढ़ाता है।,[],0
873,इंस्ट्रक्टर के साफ़ एक्सप्लेनेशन ने सीखने के अनुभव को मज़ेदार बना दिया।,1,0,0,0,0,1,0,0,0,1,इंस्ट्रक्टर के साफ़ एक्सप्लेनेशन ने सीखने के अनुभव को मज़ेदार बना दिया।,[],0
874,इस कोर्स ने NLP को दिलचस्प और समझने में आसान बनाकर मेरी उम्मीदों से बढ़कर काम किया।,4,0,0,0,0,1,0,1,0,1,इस कोर्स ने NLP को दिलचस्प और समझने में आसान बनाकर मेरी उम्मीदों से बढ़कर काम किया।,[],0
875,मुझे इस कोर्स से सीखने में मज़ा आया क्योंकि इसका कंटेंट लॉजिकली फ्लो करता है।,2,0,0,0,0,1,0,0,0,1,मुझे इस कोर्स से सीखने में मज़ा आया क्योंकि इसका कंटेंट लॉजिकली फ्लो करता है।,[],0
876,कोर्स स्ट्रक्चर की वजह से सीखने का अनुभव पॉजिटिव और मोटिवेटिंग था।,2,0,0,0,0,1,0,0,0,1,कोर्स स्ट्रक्चर की वजह से सीखने का अनुभव पॉजिटिव और मोटिवेटिंग था।,[],0
877,यह कोर्स पूरा करने के बाद मुझे NLP की अपनी समझ पर भरोसा हो गया है।,4,0,0,0,0,1,0,0,0,1,यह कोर्स पूरा करने के बाद मुझे NLP की अपनी समझ पर भरोसा हो गया है।,[],0
878,इस कोर्स ने साफ़ और सोच-समझकर समझाकर NLP सीखना मज़ेदार बना दिया।,1,0,0,0,0,1,0,0,0,1,इस कोर्स ने साफ़ और सोच-समझकर समझाकर NLP सीखना मज़ेदार बना दिया।,[],0
879,मुझे सीखने का प्रोसेस अच्छा लगा क्योंकि इंस्ट्रक्टर कॉन्सेप्ट्स को बहुत अच्छे से समझाते हैं।,1,0,0,0,0,1,0,0,0,1,मुझे सीखने का प्रोसेस अच्छा लगा क्योंकि इंस्ट्रक्टर कॉन्सेप्ट्स को बहुत अच्छे से समझाते हैं।,[],0
880,मैं इस बात से बहुत खुश हूँ कि कोर्स NLP टॉपिक को कैसे दिखाता है।,4,0,0,0,0,1,0,0,0,1,मैं इस बात से बहुत खुश हूँ कि कोर्स NLP टॉपिक को कैसे दिखाता है।,[],0
881,इस कोर्स ने बहुत मज़ेदार और कॉन्फिडेंस बढ़ाने वाला सीखने का अनुभव दिया 😊,4,0,0,0,0,1,0,0,0,1,इस कोर्स ने बहुत मज़ेदार और कॉन्फिडेंस बढ़ाने वाला सीखने का अनुभव दिया,['😊'],1
882,"मुझे सच में खुशी हुई और मैं हैरान रह गया कि यह कोर्स NLP कॉन्सेप्ट को कितनी साफ़-साफ़ समझाता है, जिससे सीखने का पूरा अनुभव शुरू से आखिर तक मज़ेदार और मोटिवेटिंग बन जाता है",1,0,0,0,0,1,0,1,0,1,"मुझे सच में खुशी हुई और मैं हैरान रह गया कि यह कोर्स NLP कॉन्सेप्ट को कितनी साफ़-साफ़ समझाता है, जिससे सीखने का पूरा अनुभव शुरू से आखिर तक मज़ेदार और मोटिवेटिंग बन जाता है",[],0
883,"इस कोर्स ने मुझे उत्साहित और हैरान दोनों महसूस कराया क्योंकि इसने मुश्किल NLP टॉपिक्स को सीखने में दिलचस्प, समझने लायक और फायदेमंद बना दिया",4,0,0,0,0,1,0,1,0,1,"इस कोर्स ने मुझे उत्साहित और हैरान दोनों महसूस कराया क्योंकि इसने मुश्किल NLP टॉपिक्स को सीखने में दिलचस्प, समझने लायक और फायदेमंद बना दिया",[],0
884,मैं इस बात से बहुत खुश और हैरान था कि लेसन कितने आसानी से चले और इंस्ट्रक्टर के साफ़ एक्सप्लेनेशन से NLP सीखना कितना मज़ेदार हो गया,1,0,0,0,0,1,0,1,0,1,मैं इस बात से बहुत खुश और हैरान था कि लेसन कितने आसानी से चले और इंस्ट्रक्टर के साफ़ एक्सप्लेनेशन से NLP सीखना कितना मज़ेदार हो गया,[],0
885,यह कोर्स मेरी उम्मीदों से कहीं ज़्यादा अच्छा था और मुझे खुशी महसूस हुई क्योंकि हर टॉपिक को बहुत ही साफ़ और आसान तरीके से समझाया गया था,4,0,0,0,0,1,0,1,0,1,यह कोर्स मेरी उम्मीदों से कहीं ज़्यादा अच्छा था और मुझे खुशी महसूस हुई क्योंकि हर टॉपिक को बहुत ही साफ़ और आसान तरीके से समझाया गया था,[],0
886,"NLP सीखते समय मुझे बहुत मज़ा आया और मुझे बहुत अच्छा लगा क्योंकि एक्सप्लेनेशन सोच-समझकर, स्ट्रक्चर्ड और समझने में आसान थे",2,0,0,0,0,1,0,1,0,1,"NLP सीखते समय मुझे बहुत मज़ा आया और मुझे बहुत अच्छा लगा क्योंकि एक्सप्लेनेशन सोच-समझकर, स्ट्रक्चर्ड और समझने में आसान थे",[],0
887,"इस कोर्स ने NLP सीखना रोमांचक और हैरान करने वाला बना दिया, क्योंकि इसमें कॉन्सेप्ट को इस तरह से पेश किया गया कि वह आसान और बहुत दिलचस्प लगे",1,0,0,0,0,1,0,1,0,1,"इस कोर्स ने NLP सीखना रोमांचक और हैरान करने वाला बना दिया, क्योंकि इसमें कॉन्सेप्ट को इस तरह से पेश किया गया कि वह आसान और बहुत दिलचस्प लगे",[],0
888,"मुझे इस बात से बहुत खुशी हुई कि मुझे इस कोर्स के ज़रिए NLP सीखने में कितना मज़ा आया, इसकी क्लैरिटी और दिलचस्प टीचिंग स्टाइल की वजह से",1,0,0,0,0,1,0,1,0,1,"मुझे इस बात से बहुत खुशी हुई कि मुझे इस कोर्स के ज़रिए NLP सीखने में कितना मज़ा आया, इसकी क्लैरिटी और दिलचस्प टीचिंग स्टाइल की वजह से",[],0
889,इस कोर्स ने मुझे खुश और इम्प्रेस किया क्योंकि इसमें NLP आइडिया को साफ़-साफ़ समझाया गया और सीखने का अनुभव मज़ेदार बना रहा,1,0,0,0,0,1,0,0,0,1,इस कोर्स ने मुझे खुश और इम्प्रेस किया क्योंकि इसमें NLP आइडिया को साफ़-साफ़ समझाया गया और सीखने का अनुभव मज़ेदार बना रहा,[],0
890,मैं उत्साहित और सकारात्मक रूप से आश्चर्यचकित था कि प्रशिक्षक ने कितने प्रभावी ढंग से जटिल NLP अवधारणाओं को समझना आसान बना दिया,1,0,0,0,0,1,0,1,0,1,मैं उत्साहित और सकारात्मक रूप से आश्चर्यचकित था कि प्रशिक्षक ने कितने प्रभावी ढंग से जटिल NLP अवधारणाओं को समझना आसान बना दिया,[],0
891,"इस कोर्स के ज़रिए NLP सीखना एक खुशी का अनुभव था, खासकर इसलिए क्योंकि एक्सप्लेनेशन मेरी उम्मीद से ज़्यादा साफ़ थे",1,0,0,0,0,1,0,1,0,1,"इस कोर्स के ज़रिए NLP सीखना एक खुशी का अनुभव था, खासकर इसलिए क्योंकि एक्सप्लेनेशन मेरी उम्मीद से ज़्यादा साफ़ थे",[],0
892,"मुझे खुशी और हैरानी दोनों हुई कि लेसन कितने दिलचस्प थे, जिससे NLP ज़्यादा आसान और मज़ेदार लगने लगा",1,0,0,0,0,1,0,1,0,1,"मुझे खुशी और हैरानी दोनों हुई कि लेसन कितने दिलचस्प थे, जिससे NLP ज़्यादा आसान और मज़ेदार लगने लगा",[],0
893,इस कोर्स ने मुश्किल NLP टॉपिक को सीखने के लिए मज़ेदार और मोटिवेट करने वाली चीज़ में बदलकर एक अच्छा सरप्राइज़ दिया ,4,0,0,0,0,1,0,1,0,1,इस कोर्स ने मुश्किल NLP टॉपिक को सीखने के लिए मज़ेदार और मोटिवेट करने वाली चीज़ में बदलकर एक अच्छा सरप्राइज़ दिया,[],0
894,मैं उत्साहित और प्रभावित हुआ कि इंस्ट्रक्टर ने NLP कॉन्सेप्ट को कितनी आसानी से समझाया।,1,0,0,0,0,1,0,0,0,1,मैं उत्साहित और प्रभावित हुआ कि इंस्ट्रक्टर ने NLP कॉन्सेप्ट को कितनी आसानी से समझाया।,[],0
895,इस कोर्स ने NLP सीखना मज़ेदार और हैरानी की बात है कि समझने में आसान बना दिया।,1,0,0,0,0,1,0,1,0,1,इस कोर्स ने NLP सीखना मज़ेदार और हैरानी की बात है कि समझने में आसान बना दिया।,[],0
896,मुझे एक्सप्लेनेशन की क्लैरिटी देखकर खुशी हुई और मैं हैरान भी हुआ।,1,0,0,0,0,1,0,1,0,1,मुझे एक्सप्लेनेशन की क्लैरिटी देखकर खुशी हुई और मैं हैरान भी हुआ।,[],0
897,इस कोर्स के ज़रिए NLP सीखना फायदेमंद और रोमांचक लगा।,4,0,0,0,0,1,0,0,0,1,इस कोर्स के ज़रिए NLP सीखना फायदेमंद और रोमांचक लगा।,[],0
898,मुझे खुशी हुई क्योंकि कोर्स ने NLP कॉन्सेप्ट को दिलचस्प और समझने में आसान बना दिया।,1,0,0,0,0,1,0,0,0,1,मुझे खुशी हुई क्योंकि कोर्स ने NLP कॉन्सेप्ट को दिलचस्प और समझने में आसान बना दिया।,[],0
899,इस कोर्स ने NLP सीखने को एक मज़ेदार अनुभव में बदलकर मेरी उम्मीदों से बढ़कर काम किया।,4,0,0,0,0,1,0,0,0,1,इस कोर्स ने NLP सीखने को एक मज़ेदार अनुभव में बदलकर मेरी उम्मीदों से बढ़कर काम किया।,[],0
900,मुझे पॉजिटिव सरप्राइज़ मिला क्योंकि लेसन उम्मीद से ज़्यादा साफ़ थे।,1,0,0,0,0,1,0,1,0,1,मुझे पॉजिटिव सरप्राइज़ मिला क्योंकि लेसन उम्मीद से ज़्यादा साफ़ थे।,[],0
901,इंस्ट्रक्टर के समझाने की वजह से NLP सीखना मज़ेदार और आसान लगा।,1,0,0,0,0,1,0,0,0,1,इंस्ट्रक्टर के समझाने की वजह से NLP सीखना मज़ेदार और आसान लगा।,[],0
902,मुझे कोर्स में मज़ा आया और मैं हैरान था कि मैं कितना कॉन्फिडेंट महसूस कर रहा था।,4,0,0,0,0,1,0,1,0,1,मुझे कोर्स में मज़ा आया और मैं हैरान था कि मैं कितना कॉन्फिडेंट महसूस कर रहा था।,[],0
903,इस कोर्स ने NLP लर्निंग को स्ट्रक्चर्ड और एंगेजिंग बनाकर खुशी दी।,2,0,0,0,0,1,0,0,0,1,इस कोर्स ने NLP लर्निंग को स्ट्रक्चर्ड और एंगेजिंग बनाकर खुशी दी।,[],0
904,मुझे खुशी हुई और मैं इम्प्रेस हुआ कि कैसे कोर्स ने मुश्किल आइडिया को आसान बना दिया।,2,0,0,0,0,1,0,0,0,1,मुझे खुशी हुई और मैं इम्प्रेस हुआ कि कैसे कोर्स ने मुश्किल आइडिया को आसान बना दिया।,[],0
905,पूरे कोर्स के दौरान NLP सीखना मज़ेदार और सुखद सरप्राइज़िंग था।,4,0,0,0,0,1,0,1,0,1,पूरे कोर्स के दौरान NLP सीखना मज़ेदार और सुखद सरप्राइज़िंग था।,[],0
906,इंस्ट्रक्टर के तरीके ने NLP सीखना रोमांचक और आसान बना दिया।,1,0,0,0,0,1,0,0,0,1,इंस्ट्रक्टर के तरीके ने NLP सीखना रोमांचक और आसान बना दिया।,[],0
907,इस कोर्स ने सीखने को मज़ेदार बनाकर मेरी उम्मीदों से बढ़कर काम किया।,4,0,0,0,0,1,0,0,0,1,इस कोर्स ने सीखने को मज़ेदार बनाकर मेरी उम्मीदों से बढ़कर काम किया।,[],0
908,मुझे NLP सीखने में खुशी महसूस हुई क्योंकि इसके बारे में जानकारी साफ़ और दिलचस्प थी।,1,0,0,0,0,1,0,0,0,1,मुझे NLP सीखने में खुशी महसूस हुई क्योंकि इसके बारे में जानकारी साफ़ और दिलचस्प थी।,[],0
909,इस कोर्स ने NLP सीखना हैरानी की बात है कि मज़ेदार और फायदेमंद बना दिया।,4,0,0,0,0,1,0,1,0,1,इस कोर्स ने NLP सीखना हैरानी की बात है कि मज़ेदार और फायदेमंद बना दिया।,[],0
910,मुझे खुशी और हैरानी महसूस हुई क्योंकि हर लेसन को समझना आसान होता गया।,4,0,0,0,0,1,0,1,0,1,मुझे खुशी और हैरानी महसूस हुई क्योंकि हर लेसन को समझना आसान होता गया।,[],0
911,इस कोर्स के ज़रिए NLP सीखना रोमांचक और मोटिवेटिंग लगा।,4,0,0,0,0,1,0,0,0,1,इस कोर्स के ज़रिए NLP सीखना रोमांचक और मोटिवेटिंग लगा।,[],0
912,लेसन की क्वालिटी और क्लैरिटी देखकर मुझे बहुत खुशी हुई।,2,0,0,0,0,1,0,1,0,1,लेसन की क्वालिटी और क्लैरिटी देखकर मुझे बहुत खुशी हुई।,[],0
913,इस कोर्स ने कॉन्सेप्ट्स को साफ़-साफ़ समझाकर NLP सीखना मज़ेदार बना दिया।,1,0,0,0,0,1,0,0,0,1,इस कोर्स ने कॉन्सेप्ट्स को साफ़-साफ़ समझाकर NLP सीखना मज़ेदार बना दिया।,[],0
914,मैं इंस्ट्रक्टर के पढ़ाने के तरीके से उत्साहित और प्रभावित हुआ।,1,0,0,0,0,1,0,0,0,1,मैं इंस्ट्रक्टर के पढ़ाने के तरीके से उत्साहित और प्रभावित हुआ।,[],0
915,इस कोर्स के ज़रिए NLP सीखना एक मज़ेदार अनुभव बन गया।,4,0,0,0,0,1,0,0,0,1,इस कोर्स के ज़रिए NLP सीखना एक मज़ेदार अनुभव बन गया।,[],0
916,मुझे कोर्स में मज़ा आया और मैं हैरान था कि NLP कितना आसान लगा।,4,0,0,0,0,1,0,1,0,1,मुझे कोर्स में मज़ा आया और मैं हैरान था कि NLP कितना आसान लगा।,[],0
917,इस कोर्स ने सीखने को मज़ेदार बनाने में मेरी उम्मीदों से कहीं ज़्यादा अच्छा काम किया।,4,0,0,0,0,1,0,0,0,1,इस कोर्स ने सीखने को मज़ेदार बनाने में मेरी उम्मीदों से कहीं ज़्यादा अच्छा काम किया।,[],0
918,NLP एक्सप्लेनेशन की क्लैरिटी से मैं खुश और इम्प्रेस्ड महसूस कर रहा था।,1,0,0,0,0,1,0,0,0,1,NLP एक्सप्लेनेशन की क्लैरिटी से मैं खुश और इम्प्रेस्ड महसूस कर रहा था।,[],0
919,NLP सीखना रोमांचक और हैरानी की बात है कि आसान था।,4,0,0,0,0,1,0,1,0,1,NLP सीखना रोमांचक और हैरानी की बात है कि आसान था।,[],0
920,मुझे खुशी हुई क्योंकि कोर्स मेरी उम्मीदों से ज़्यादा अच्छा था।,4,0,0,0,0,1,0,0,0,1,मुझे खुशी हुई क्योंकि कोर्स मेरी उम्मीदों से ज़्यादा अच्छा था।,[],0
921,इस कोर्स ने NLP सीखना दिलचस्प और मज़ेदार बना दिया।,1,0,0,0,0,1,0,0,0,1,इस कोर्स ने NLP सीखना दिलचस्प और मज़ेदार बना दिया।,[],0
922,मुझे यह जानकर बहुत खुशी हुई कि मुझे लेसन में कितना मज़ा आया।,4,0,0,0,0,1,0,1,0,1,मुझे यह जानकर बहुत खुशी हुई कि मुझे लेसन में कितना मज़ा आया।,[],0
923,इस कोर्स के ज़रिए NLP सीखना रोमांचक और फायदेमंद लगा।,4,0,0,0,0,1,0,0,0,1,इस कोर्स के ज़रिए NLP सीखना रोमांचक और फायदेमंद लगा।,[],0
924,"जिस तरह से कंटेंट दिया गया, उससे मैं खुश और इम्प्रेस्ड महसूस कर रहा था।",1,0,0,0,0,1,0,0,0,1,"जिस तरह से कंटेंट दिया गया, उससे मैं खुश और इम्प्रेस्ड महसूस कर रहा था।",[],0
925,इस कोर्स ने NLP सीखने को मज़ेदार बनाकर मेरी उम्मीदों से बढ़कर काम किया।,4,0,0,0,0,1,0,0,0,1,इस कोर्स ने NLP सीखने को मज़ेदार बनाकर मेरी उम्मीदों से बढ़कर काम किया।,[],0
926,मुझे खुशी हुई क्योंकि लेसन से मुश्किल बातें समझने लायक हो गईं।,2,0,0,0,0,1,0,0,0,1,मुझे खुशी हुई क्योंकि लेसन से मुश्किल बातें समझने लायक हो गईं।,[],0
927,पूरे कोर्स के दौरान NLP सीखना रोमांचक और आसान लगा।,4,0,0,0,0,1,0,0,0,1,पूरे कोर्स के दौरान NLP सीखना रोमांचक और आसान लगा।,[],0
928,मुझे NLP सीखने में खुशी महसूस हुई क्योंकि इसके बारे में जानकारी साफ़ और दिलचस्प थी।,1,0,0,0,0,1,0,0,0,1,मुझे NLP सीखने में खुशी महसूस हुई क्योंकि इसके बारे में जानकारी साफ़ और दिलचस्प थी।,[],0
929,इस कोर्स ने NLP सीखना हैरानी की बात है कि मज़ेदार बना दिया।,4,0,0,0,0,1,0,1,0,1,इस कोर्स ने NLP सीखना हैरानी की बात है कि मज़ेदार बना दिया।,[],0
930,मुझे बहुत अच्छा लगा क्योंकि लेसन मेरी उम्मीद से ज़्यादा अच्छे थे।,4,0,0,0,0,1,0,1,0,1,मुझे बहुत अच्छा लगा क्योंकि लेसन मेरी उम्मीद से ज़्यादा अच्छे थे।,[],0
931,इस कोर्स के ज़रिए NLP सीखना रोमांचक और मोटिवेटिंग लगा।,4,0,0,0,0,1,0,0,0,1,इस कोर्स के ज़रिए NLP सीखना रोमांचक और मोटिवेटिंग लगा।,[],0
932,मुझे एक्सप्लेनेशन की क्वालिटी देखकर बहुत खुशी हुई।,2,0,0,0,0,1,0,1,0,1,मुझे एक्सप्लेनेशन की क्वालिटी देखकर बहुत खुशी हुई।,[],0
933,इस कोर्स ने NLP सीखना मज़ेदार और आसान बना दिया।,4,0,0,0,0,1,0,0,0,1,इस कोर्स ने NLP सीखना मज़ेदार और आसान बना दिया।,[],0
934,"इंस्ट्रक्टर ने कॉन्सेप्ट्स को जिस अच्छे से समझाया, उससे मैं खुश और इम्प्रेस हुआ।",1,0,0,0,0,1,0,0,0,1,"इंस्ट्रक्टर ने कॉन्सेप्ट्स को जिस अच्छे से समझाया, उससे मैं खुश और इम्प्रेस हुआ।",[],0
935,इस कोर्स की वजह से NLP सीखना एक मज़ेदार अनुभव बन गया।,4,0,0,0,0,1,0,0,0,1,इस कोर्स की वजह से NLP सीखना एक मज़ेदार अनुभव बन गया।,[],0
936,मुझे लेसन में मज़ा आया और मैं हैरान था कि मैं कितना कॉन्फिडेंट महसूस कर रहा था।,4,0,0,0,0,1,0,1,0,1,मुझे लेसन में मज़ा आया और मैं हैरान था कि मैं कितना कॉन्फिडेंट महसूस कर रहा था।,[],0
937,इस कोर्स ने सीखने को मज़ेदार बनाने में मेरी उम्मीदों से कहीं ज़्यादा अच्छा काम किया।,4,0,0,0,0,1,0,0,0,1,इस कोर्स ने सीखने को मज़ेदार बनाने में मेरी उम्मीदों से कहीं ज़्यादा अच्छा काम किया।,[],0
938,इस कोर्स के ज़रिए NLP सीखकर मुझे खुशी और उत्साह महसूस हुआ।,4,0,0,0,0,1,0,0,0,1,इस कोर्स के ज़रिए NLP सीखकर मुझे खुशी और उत्साह महसूस हुआ।,[],0
939,इस कोर्स ने NLP सीखना हैरानी की बात है कि आसान और मज़ेदार बना दिया।,4,0,0,0,0,1,0,1,0,1,इस कोर्स ने NLP सीखना हैरानी की बात है कि आसान और मज़ेदार बना दिया।,[],0
940,मुझे खुशी हुई क्योंकि सबक उम्मीद से ज़्यादा साफ़ थे।,2,0,0,0,0,1,0,0,0,1,मुझे खुशी हुई क्योंकि सबक उम्मीद से ज़्यादा साफ़ थे।,[],0
941,कोर्स स्ट्रक्चर की वजह से NLP सीखना रोमांचक लगा।,2,0,0,0,0,1,0,0,0,1,कोर्स स्ट्रक्चर की वजह से NLP सीखना रोमांचक लगा।,[],0
942,मुझे यह देखकर खुशी हुई कि कंटेंट कितना दिलचस्प था।,2,0,0,0,0,1,0,1,0,1,मुझे यह देखकर खुशी हुई कि कंटेंट कितना दिलचस्प था।,[],0
943,इस कोर्स ने NLP सीखना मज़ेदार और फायदेमंद बना दिया।,4,0,0,0,0,1,0,0,0,1,इस कोर्स ने NLP सीखना मज़ेदार और फायदेमंद बना दिया।,[],0
944,इंस्ट्रक्टर की क्लैरिटी से मैं खुश और इम्प्रेस हुआ।,1,0,0,0,0,1,0,0,0,1,इंस्ट्रक्टर की क्लैरिटी से मैं खुश और इम्प्रेस हुआ।,[],0
945,इस कोर्स के ज़रिए NLP सीखना रोमांचक और मज़ेदार हो गया।,4,0,0,0,0,1,0,0,0,1,इस कोर्स के ज़रिए NLP सीखना रोमांचक और मज़ेदार हो गया।,[],0
946,मुझे कोर्स में मज़ा आया और मैं हैरान था कि NLP कितना आसान लगा।,4,0,0,0,0,1,0,1,0,1,मुझे कोर्स में मज़ा आया और मैं हैरान था कि NLP कितना आसान लगा।,[],0
947,इस कोर्स ने सीखने को मज़ेदार बनाकर मेरी उम्मीदों से बढ़कर काम किया।,4,0,0,0,0,1,0,0,0,1,इस कोर्स ने सीखने को मज़ेदार बनाकर मेरी उम्मीदों से बढ़कर काम किया।,[],0
948,मुझे NLP सीखने में खुशी महसूस हुई क्योंकि इसके एक्सप्लेनेशन दिलचस्प थे।,1,0,0,0,0,1,0,0,0,1,मुझे NLP सीखने में खुशी महसूस हुई क्योंकि इसके एक्सप्लेनेशन दिलचस्प थे।,[],0
949,इस कोर्स ने NLP सीखना हैरानी की बात है कि मज़ेदार बना दिया।,4,0,0,0,0,1,0,1,0,1,इस कोर्स ने NLP सीखना हैरानी की बात है कि मज़ेदार बना दिया।,[],0
950,मुझे बहुत अच्छा लगा क्योंकि लेसन उम्मीद से ज़्यादा अच्छे थे।,4,0,0,0,0,1,0,1,0,1,मुझे बहुत अच्छा लगा क्योंकि लेसन उम्मीद से ज़्यादा अच्छे थे।,[],0
951,इस कोर्स के ज़रिए NLP सीखना रोमांचक लगा।,4,0,0,0,0,1,0,0,0,1,इस कोर्स के ज़रिए NLP सीखना रोमांचक लगा।,[],0
952,मुझे यह देखकर खुशी हुई कि एक्सप्लेनेशन कितने साफ़ थे।,1,0,0,0,0,1,0,1,0,1,मुझे यह देखकर खुशी हुई कि एक्सप्लेनेशन कितने साफ़ थे।,[],0
953,इस कोर्स ने NLP सीखना मज़ेदार और मोटिवेटिंग बना दिया।,4,0,0,0,0,1,0,0,0,1,इस कोर्स ने NLP सीखना मज़ेदार और मोटिवेटिंग बना दिया।,[],0
954,मैं इंस्ट्रक्टर की टीचिंग से खुश और इम्प्रेस्ड महसूस कर रहा था।,1,0,0,0,0,1,0,0,0,1,मैं इंस्ट्रक्टर की टीचिंग से खुश और इम्प्रेस्ड महसूस कर रहा था।,[],0
955,इस कोर्स के ज़रिए NLP सीखना एक मज़ेदार अनुभव बन गया।,4,0,0,0,0,1,0,0,0,1,इस कोर्स के ज़रिए NLP सीखना एक मज़ेदार अनुभव बन गया।,[],0
956,मुझे लेसन अच्छे लगे और मैं उनकी क्लैरिटी देखकर हैरान रह गया।,2,0,0,0,0,1,0,1,0,1,मुझे लेसन अच्छे लगे और मैं उनकी क्लैरिटी देखकर हैरान रह गया।,[],0
957,इस कोर्स ने सीखने को मज़ेदार बनाने में मेरी उम्मीदों से कहीं ज़्यादा अच्छा काम किया।,4,0,0,0,0,1,0,0,0,1,इस कोर्स ने सीखने को मज़ेदार बनाने में मेरी उम्मीदों से कहीं ज़्यादा अच्छा काम किया।,[],0
958,इस कोर्स में NLP सीखते समय मुझे खुशी और उत्साह महसूस हुआ।,4,0,0,0,0,1,0,0,0,1,इस कोर्स में NLP सीखते समय मुझे खुशी और उत्साह महसूस हुआ।,[],0
959,इस कोर्स ने NLP सीखना हैरानी की बात है कि आसान बना दिया।,4,0,0,0,0,1,0,1,0,1,इस कोर्स ने NLP सीखना हैरानी की बात है कि आसान बना दिया।,[],0
960,मुझे खुशी हुई क्योंकि लेसन अच्छे से स्ट्रक्चर्ड थे।,2,0,0,0,0,1,0,0,0,1,मुझे खुशी हुई क्योंकि लेसन अच्छे से स्ट्रक्चर्ड थे।,[],0
961,NLP सीखना शुरू से आखिर तक रोमांचक और दिलचस्प लगा।,4,0,0,0,0,1,0,0,0,1,NLP सीखना शुरू से आखिर तक रोमांचक और दिलचस्प लगा।,[],0
962,पढ़ाई की क्वालिटी देखकर मुझे बहुत खुशी हुई।,2,0,0,0,0,1,0,1,0,1,पढ़ाई की क्वालिटी देखकर मुझे बहुत खुशी हुई।,[],0
963,इस कोर्स ने NLP सीखना मज़ेदार और आसान बना दिया।,4,0,0,0,0,1,0,0,0,1,इस कोर्स ने NLP सीखना मज़ेदार और आसान बना दिया।,[],0
964,"जिस तरह से कॉन्सेप्ट्स को समझाया गया, उससे मैं खुश और इम्प्रेस हुआ।",1,0,0,0,0,1,0,0,0,1,"जिस तरह से कॉन्सेप्ट्स को समझाया गया, उससे मैं खुश और इम्प्रेस हुआ।",[],0
965,NLP सीखना एक खुशी और फायदेमंद अनुभव बन गया।,4,0,1,0,0,1,0,0,0,1,NLP सीखना एक खुशी और फायदेमंद अनुभव बन गया।,[],0
966,मुझे कोर्स में मज़ा आया और मैं अपनी प्रोग्रेस देखकर हैरान था।,4,0,1,0,0,1,0,1,0,1,मुझे कोर्स में मज़ा आया और मैं अपनी प्रोग्रेस देखकर हैरान था।,[],0
967,इस कोर्स ने सीखने को मज़ेदार बनाकर मेरी उम्मीदों से बढ़कर काम किया।,4,0,1,0,0,1,0,0,0,1,इस कोर्स ने सीखने को मज़ेदार बनाकर मेरी उम्मीदों से बढ़कर काम किया।,[],0
968,मुझे NLP सीखने में खुशी महसूस हुई क्योंकि एक्सप्लेनेशन साफ़ थे।,1,0,1,0,0,1,0,0,0,1,मुझे NLP सीखने में खुशी महसूस हुई क्योंकि एक्सप्लेनेशन साफ़ थे।,[],0
969,इस कोर्स ने NLP सीखना हैरानी की बात है कि दिलचस्प बना दिया।,4,0,1,0,0,1,0,1,0,1,इस कोर्स ने NLP सीखना हैरानी की बात है कि दिलचस्प बना दिया।,[],0
970,मुझे हर लेसन के साथ पॉजिटिव सरप्राइज़ मिला।,4,0,1,0,0,1,0,1,0,1,मुझे हर लेसन के साथ पॉजिटिव सरप्राइज़ मिला।,[],0
971,इस कोर्स के ज़रिए NLP सीखना रोमांचक लगा।,4,0,1,0,0,1,0,0,0,1,इस कोर्स के ज़रिए NLP सीखना रोमांचक लगा।,[],0
972,मुझे यह देखकर खुशी हुई कि मटीरियल कितना आसान था।,2,0,1,0,0,1,0,1,0,1,मुझे यह देखकर खुशी हुई कि मटीरियल कितना आसान था।,[],0
973,इस कोर्स ने NLP सीखना मज़ेदार और फायदेमंद बना दिया।,4,0,1,0,0,1,0,0,0,1,इस कोर्स ने NLP सीखना मज़ेदार और फायदेमंद बना दिया।,[],0
974,मैं उनके पढ़ाने के तरीके से खुश और इम्प्रेस हुआ।,1,0,1,0,0,1,0,0,0,1,मैं उनके पढ़ाने के तरीके से खुश और इम्प्रेस हुआ।,[],0
975,यहां NLP सीखना एक आनंददायक अनुभव बन गया।,4,0,0,0,0,1,0,0,0,1,यहां NLP सीखना एक आनंददायक अनुभव बन गया।,[],0
976,मुझे लेसन अच्छे लगे और मैं हैरान था कि वे कितने आसान लगे।,4,0,1,0,0,1,0,1,0,1,मुझे लेसन अच्छे लगे और मैं हैरान था कि वे कितने आसान लगे।,[],0
977,इस कोर्स ने सीखने को मज़ेदार बनाने में मेरी उम्मीदों से कहीं ज़्यादा अच्छा काम किया।,4,0,1,0,0,1,0,0,0,1,इस कोर्स ने सीखने को मज़ेदार बनाने में मेरी उम्मीदों से कहीं ज़्यादा अच्छा काम किया।,[],0
978,इस कोर्स में NLP सीखते हुए मुझे खुशी और उत्साह महसूस हुआ।,4,0,1,0,0,1,0,0,0,1,इस कोर्स में NLP सीखते हुए मुझे खुशी और उत्साह महसूस हुआ।,[],0
979,इस कोर्स ने NLP सीखना हैरानी की बात है कि आसान बना दिया।,4,0,1,0,0,1,0,1,0,1,इस कोर्स ने NLP सीखना हैरानी की बात है कि आसान बना दिया।,[],0
980,मुझे खुशी हुई क्योंकि सबक उम्मीद से बढ़कर थे।,4,0,1,0,0,1,0,0,0,1,मुझे खुशी हुई क्योंकि सबक उम्मीद से बढ़कर थे।,[],0
981,साफ़ जानकारी की वजह से NLP सीखना मज़ेदार लगा।,1,0,1,0,0,1,0,0,0,1,साफ़ जानकारी की वजह से NLP सीखना मज़ेदार लगा।,[],0
982,मुझे यह देखकर खुशी हुई कि कंटेंट कितना दिलचस्प था।,2,0,1,0,0,1,0,1,0,1,मुझे यह देखकर खुशी हुई कि कंटेंट कितना दिलचस्प था।,[],0
983,इस कोर्स ने NLP सीखना मज़ेदार और मोटिवेटिंग बना दिया।,4,0,1,0,0,1,0,0,0,1,इस कोर्स ने NLP सीखना मज़ेदार और मोटिवेटिंग बना दिया।,[],0
984,मैं इंस्ट्रक्टर के तरीके से खुश और इम्प्रेस हुआ।,1,0,1,0,0,1,0,0,0,1,मैं इंस्ट्रक्टर के तरीके से खुश और इम्प्रेस हुआ।,[],0
985,इस कोर्स के ज़रिए NLP सीखना एक मज़ेदार सफ़र बन गया।,4,0,1,0,0,1,0,0,0,1,इस कोर्स के ज़रिए NLP सीखना एक मज़ेदार सफ़र बन गया।,[],0
986,मुझे कोर्स में मज़ा आया और मैं अपनी समझ से हैरान था।,4,0,1,0,0,1,0,1,0,1,मुझे कोर्स में मज़ा आया और मैं अपनी समझ से हैरान था।,[],0
987,इस कोर्स ने सीखने को मज़ेदार बनाकर मेरी उम्मीदों से बढ़कर काम किया।,4,0,1,0,0,1,0,0,0,1,इस कोर्स ने सीखने को मज़ेदार बनाकर मेरी उम्मीदों से बढ़कर काम किया।,[],0
988,मुझे NLP सीखने में खुशी महसूस हुई क्योंकि लेसन दिलचस्प थे।,1,0,1,0,0,1,0,0,0,1,मुझे NLP सीखने में खुशी महसूस हुई क्योंकि लेसन दिलचस्प थे।,[],0
989,इस कोर्स ने NLP सीखना हैरानी की बात है कि आसान बना दिया।,4,0,1,0,0,1,0,1,0,1,इस कोर्स ने NLP सीखना हैरानी की बात है कि आसान बना दिया।,[],0
990,मुझे हर टॉपिक पर पॉजिटिव सरप्राइज़ मिला।,4,0,1,0,0,1,0,1,0,1,मुझे हर टॉपिक पर पॉजिटिव सरप्राइज़ मिला।,[],0
991,इस कोर्स के ज़रिए NLP सीखना रोमांचक लगा।,4,0,1,0,0,1,0,0,0,1,इस कोर्स के ज़रिए NLP सीखना रोमांचक लगा।,[],0
992,मुझे एक्सप्लेनेशन की क्लैरिटी देखकर खुशी हुई।,1,0,1,0,0,1,0,1,0,1,मुझे एक्सप्लेनेशन की क्लैरिटी देखकर खुशी हुई।,[],0
993,इस कोर्स ने NLP सीखना मज़ेदार और आसान बना दिया।,4,0,1,0,0,1,0,0,0,1,इस कोर्स ने NLP सीखना मज़ेदार और आसान बना दिया।,[],0
994,मुझे खुशी हुई और मैं इम्प्रेस हुआ कि कॉन्सेप्ट्स को कितने अच्छे से समझाया गया।,1,0,1,0,0,1,0,0,0,1,मुझे खुशी हुई और मैं इम्प्रेस हुआ कि कॉन्सेप्ट्स को कितने अच्छे से समझाया गया।,[],0
995,यहां NLP सीखना एक आनंददायक अनुभव बन गया।,4,0,0,0,0,1,0,0,0,1,यहां NLP सीखना एक आनंददायक अनुभव बन गया।,[],0
996,मुझे लेसन अच्छे लगे और सीखने का तरीका देखकर मैं हैरान रह गया।,4,0,1,0,0,1,0,1,0,1,मुझे लेसन अच्छे लगे और सीखने का तरीका देखकर मैं हैरान रह गया।,[],0
997,इस कोर्स ने सीखने को मज़ेदार बनाने में मेरी उम्मीदों से कहीं ज़्यादा अच्छा काम किया।,4,0,1,0,0,1,0,0,0,1,इस कोर्स ने सीखने को मज़ेदार बनाने में मेरी उम्मीदों से कहीं ज़्यादा अच्छा काम किया।,[],0
998,NLP सीखते समय मुझे खुशी और उत्साह महसूस हुआ।,4,0,1,0,0,1,0,0,0,1,NLP सीखते समय मुझे खुशी और उत्साह महसूस हुआ।,[],0
999,इस कोर्स ने NLP सीखना हैरानी की बात है कि मज़ेदार बना दिया।,4,0,1,0,0,1,0,1,0,1,इस कोर्स ने NLP सीखना हैरानी की बात है कि मज़ेदार बना दिया।,[],0
1000,मुझे खुशी हुई क्योंकि सबक उम्मीद से बढ़कर थे।,4,0,1,0,0,1,0,0,0,1,मुझे खुशी हुई क्योंकि सबक उम्मीद से बढ़कर थे।,[],0
1001,NLP सीखना रोमांचक और मोटिवेटिंग लगा।,4,0,1,0,0,1,0,0,0,1,NLP सीखना रोमांचक और मोटिवेटिंग लगा।,[],0
1002,मुझे यह देखकर खुशी हुई कि कंटेंट कितना दिलचस्प था।,2,0,1,0,0,1,0,1,0,1,मुझे यह देखकर खुशी हुई कि कंटेंट कितना दिलचस्प था।,[],0
1003,इस कोर्स ने NLP सीखना मज़ेदार और फायदेमंद बना दिया।,4,0,1,0,0,1,0,0,0,1,इस कोर्स ने NLP सीखना मज़ेदार और फायदेमंद बना दिया।,[],0
1004,इंस्ट्रक्टर की क्लैरिटी से मैं खुश और इम्प्रेस हुआ।,1,0,1,0,0,1,0,0,0,1,इंस्ट्रक्टर की क्लैरिटी से मैं खुश और इम्प्रेस हुआ।,[],0
1005,इस कोर्स के ज़रिए NLP सीखना एक मज़ेदार अनुभव बन गया।,4,0,0,0,0,1,0,0,0,1,इस कोर्स के ज़रिए NLP सीखना एक मज़ेदार अनुभव बन गया।,[],0
1006,मुझे लेसन अच्छे लगे और मैं अपने कॉन्फिडेंस से हैरान था।,4,0,1,0,0,1,0,1,0,1,मुझे लेसन अच्छे लगे और मैं अपने कॉन्फिडेंस से हैरान था।,[],0
1007,इस कोर्स ने सीखने को मज़ेदार बनाकर मेरी उम्मीदों से बढ़कर काम किया।,4,0,1,0,0,1,0,0,0,1,इस कोर्स ने सीखने को मज़ेदार बनाकर मेरी उम्मीदों से बढ़कर काम किया।,[],0
1008,मुझे NLP सीखने में खुशी महसूस हुई क्योंकि एक्सप्लेनेशन साफ़ थे।,1,0,1,0,0,1,0,0,0,1,मुझे NLP सीखने में खुशी महसूस हुई क्योंकि एक्सप्लेनेशन साफ़ थे।,[],0
1009,इस कोर्स ने NLP सीखना हैरानी की बात है कि दिलचस्प बना दिया।,4,0,1,0,0,1,0,1,0,1,इस कोर्स ने NLP सीखना हैरानी की बात है कि दिलचस्प बना दिया।,[],0
1010,मुझे टीचिंग क्वालिटी से पॉजिटिव सरप्राइज़ मिला।,1,0,1,0,0,1,0,1,0,1,मुझे टीचिंग क्वालिटी से पॉजिटिव सरप्राइज़ मिला।,[],0
1011,इस कोर्स के ज़रिए NLP सीखना रोमांचक लगा।,4,0,1,0,0,1,0,0,0,1,इस कोर्स के ज़रिए NLP सीखना रोमांचक लगा।,[],0
1012,मुझे यह देखकर खुशी हुई कि लेसन कितने आसान थे।,2,0,1,0,0,1,0,1,0,1,मुझे यह देखकर खुशी हुई कि लेसन कितने आसान थे।,[],0
1013,इस कोर्स ने NLP सीखना मज़ेदार और मोटिवेटिंग बना दिया।,4,0,1,0,0,1,0,0,0,1,इस कोर्स ने NLP सीखना मज़ेदार और मोटिवेटिंग बना दिया।,[],0
1014,मैं इंस्ट्रक्टर के तरीके से खुश और इम्प्रेस हुआ।,1,0,1,0,0,1,0,0,0,1,मैं इंस्ट्रक्टर के तरीके से खुश और इम्प्रेस हुआ।,[],0
1015,NLP सीखना एक आनंददायक यात्रा बन गई।,4,0,0,0,0,1,0,0,0,1,NLP सीखना एक आनंददायक यात्रा बन गई।,[],0
1016,मुझे लेसन अच्छे लगे और मैं अपनी प्रोग्रेस देखकर हैरान था।,4,0,1,0,0,1,0,1,0,1,मुझे लेसन अच्छे लगे और मैं अपनी प्रोग्रेस देखकर हैरान था।,[],0
1017,इस कोर्स ने सीखने को मज़ेदार बनाने में मेरी उम्मीदों से कहीं ज़्यादा अच्छा काम किया।,4,0,1,0,0,1,0,0,0,1,इस कोर्स ने सीखने को मज़ेदार बनाने में मेरी उम्मीदों से कहीं ज़्यादा अच्छा काम किया।,[],0
1018,इस कोर्स में NLP सीखते हुए मुझे खुशी और उत्साह महसूस हुआ।,4,0,1,0,0,1,0,0,0,1,इस कोर्स में NLP सीखते हुए मुझे खुशी और उत्साह महसूस हुआ।,[],0
1019,इस कोर्स ने NLP सीखना हैरानी की बात है कि आसान बना दिया।,4,0,1,0,0,1,0,1,0,1,इस कोर्स ने NLP सीखना हैरानी की बात है कि आसान बना दिया।,[],0
1020,मुझे खुशी हुई क्योंकि सबक उम्मीद से बढ़कर थे।,4,0,1,0,0,1,0,0,0,1,मुझे खुशी हुई क्योंकि सबक उम्मीद से बढ़कर थे।,[],0
1021,कोर्स स्ट्रक्चर की वजह से NLP सीखना रोमांचक लगा।,2,0,1,0,0,1,0,0,0,1,कोर्स स्ट्रक्चर की वजह से NLP सीखना रोमांचक लगा।,[],0
1022,मुझे एक्सप्लेनेशन की क्लैरिटी देखकर खुशी हुई।,1,0,1,0,0,1,0,1,0,1,मुझे एक्सप्लेनेशन की क्लैरिटी देखकर खुशी हुई।,[],0
1023,इस कोर्स ने NLP सीखना मज़ेदार और फायदेमंद बना दिया।,4,0,1,0,0,1,0,0,0,1,इस कोर्स ने NLP सीखना मज़ेदार और फायदेमंद बना दिया।,[],0
1024,मुझे खुशी हुई और मैं इम्प्रेस हुआ कि कॉन्सेप्ट्स को कितने अच्छे से समझाया गया।,1,0,1,0,0,1,0,0,0,1,मुझे खुशी हुई और मैं इम्प्रेस हुआ कि कॉन्सेप्ट्स को कितने अच्छे से समझाया गया।,[],0
1025,यहां NLP सीखना एक आनंददायक अनुभव बन गया।,4,0,0,0,0,1,0,0,0,1,यहां NLP सीखना एक आनंददायक अनुभव बन गया।,[],0
1026,मुझे लेसन अच्छे लगे और मैं अपनी समझ से हैरान था।,4,0,1,0,0,1,0,1,0,1,मुझे लेसन अच्छे लगे और मैं अपनी समझ से हैरान था।,[],0
1027,इस कोर्स ने सीखने को मज़ेदार बनाकर मेरी उम्मीदों से बढ़कर काम किया।,4,0,1,0,0,1,0,0,0,1,इस कोर्स ने सीखने को मज़ेदार बनाकर मेरी उम्मीदों से बढ़कर काम किया।,[],0
1028,मुझे NLP सीखने में खुशी महसूस हुई क्योंकि लेसन दिलचस्प थे।,1,0,1,0,0,1,0,0,0,1,मुझे NLP सीखने में खुशी महसूस हुई क्योंकि लेसन दिलचस्प थे।,[],0
1029,इस कोर्स ने NLP सीखना हैरानी की बात है कि आसान बना दिया।,4,0,1,0,0,1,0,1,0,1,इस कोर्स ने NLP सीखना हैरानी की बात है कि आसान बना दिया।,[],0
1030,मुझे हर टॉपिक पर पॉजिटिव सरप्राइज़ मिला।,4,0,1,0,0,1,0,1,0,1,मुझे हर टॉपिक पर पॉजिटिव सरप्राइज़ मिला।,[],0
1031,इस कोर्स के ज़रिए NLP सीखना रोमांचक लगा।,4,0,1,0,0,1,0,0,0,1,इस कोर्स के ज़रिए NLP सीखना रोमांचक लगा।,[],0
1032,मुझे यह देखकर खुशी हुई कि मटीरियल कितना आसान था।,2,0,1,0,0,1,0,1,0,1,मुझे यह देखकर खुशी हुई कि मटीरियल कितना आसान था।,[],0
1033,इस कोर्स ने NLP सीखना मज़ेदार और मोटिवेटिंग बना दिया।,4,0,1,0,0,1,0,0,0,1,इस कोर्स ने NLP सीखना मज़ेदार और मोटिवेटिंग बना दिया।,[],0
1034,मैं इंस्ट्रक्टर के पढ़ाने के तरीके से खुश और इम्प्रेस हुआ।,1,0,1,0,0,1,0,0,0,1,मैं इंस्ट्रक्टर के पढ़ाने के तरीके से खुश और इम्प्रेस हुआ।,[],0
1035,NLP सीखना एक आनंददायक यात्रा बन गई।,4,0,0,0,0,1,0,0,0,1,NLP सीखना एक आनंददायक यात्रा बन गई।,[],0
1036,मुझे लेसन अच्छे लगे और सीखने का तरीका देखकर मैं हैरान रह गया।,4,0,1,0,0,1,0,1,0,1,मुझे लेसन अच्छे लगे और सीखने का तरीका देखकर मैं हैरान रह गया।,[],0
1037,इस कोर्स ने सीखने को मज़ेदार बनाने में मेरी उम्मीदों से कहीं ज़्यादा अच्छा काम किया।,4,0,1,0,0,1,0,0,0,1,इस कोर्स ने सीखने को मज़ेदार बनाने में मेरी उम्मीदों से कहीं ज़्यादा अच्छा काम किया।,[],0
1038,NLP सीखते समय मुझे खुशी और उत्साह महसूस हुआ।,4,0,0,0,0,1,0,0,0,1,NLP सीखते समय मुझे खुशी और उत्साह महसूस हुआ।,[],0
1039,इस कोर्स ने NLP सीखना हैरानी की बात है कि मज़ेदार बना दिया।,4,0,0,0,0,1,0,1,0,1,इस कोर्स ने NLP सीखना हैरानी की बात है कि मज़ेदार बना दिया।,[],0
1040,मुझे खुशी हुई क्योंकि सबक उम्मीद से बढ़कर थे।,4,0,0,0,0,1,0,0,0,1,मुझे खुशी हुई क्योंकि सबक उम्मीद से बढ़कर थे।,[],0
1041,NLP सीखना रोमांचक और दिलचस्प लगा।,4,0,0,0,0,1,0,0,0,1,NLP सीखना रोमांचक और दिलचस्प लगा।,[],0
1042,एक्सप्लेनेशन की क्वालिटी देखकर मुझे बहुत खुशी हुई।,2,0,0,0,0,1,0,1,0,1,एक्सप्लेनेशन की क्वालिटी देखकर मुझे बहुत खुशी हुई।,[],0
1043,इस कोर्स ने NLP सीखना मज़ेदार और आसान बना दिया।,4,0,0,0,0,1,0,0,0,1,इस कोर्स ने NLP सीखना मज़ेदार और आसान बना दिया।,[],0
1044,"जिस तरह से कॉन्सेप्ट्स को पेश किया गया, उससे मैं खुश और इम्प्रेस्ड महसूस कर रहा था।",1,0,0,0,0,1,0,0,0,1,"जिस तरह से कॉन्सेप्ट्स को पेश किया गया, उससे मैं खुश और इम्प्रेस्ड महसूस कर रहा था।",[],0
1045,इस कोर्स के ज़रिए NLP सीखना एक मज़ेदार अनुभव बन गया।,4,0,0,0,0,1,0,0,0,1,इस कोर्स के ज़रिए NLP सीखना एक मज़ेदार अनुभव बन गया।,[],0
1046,मुझे लेसन अच्छे लगे और मैं अपने कॉन्फिडेंस से हैरान था।,4,0,0,0,0,1,0,1,0,1,मुझे लेसन अच्छे लगे और मैं अपने कॉन्फिडेंस से हैरान था।,[],0
1047,इस कोर्स ने सीखने को मज़ेदार बनाकर मेरी उम्मीदों से बढ़कर काम किया।,4,0,0,0,0,1,0,0,0,1,इस कोर्स ने सीखने को मज़ेदार बनाकर मेरी उम्मीदों से बढ़कर काम किया।,[],0
1048,मुझे NLP सीखने में खुशी महसूस हुई क्योंकि एक्सप्लेनेशन साफ़ थे।,1,0,0,0,0,1,0,0,0,1,मुझे NLP सीखने में खुशी महसूस हुई क्योंकि एक्सप्लेनेशन साफ़ थे।,[],0
1049,इस कोर्स ने NLP सीखना हैरानी की बात है कि दिलचस्प बना दिया।,4,0,0,0,0,1,0,1,0,1,इस कोर्स ने NLP सीखना हैरानी की बात है कि दिलचस्प बना दिया।,[],0
1050,मुझे लेसन के स्ट्रक्चर से पॉजिटिव सरप्राइज़ मिला।,4,0,0,0,0,1,0,1,0,1,मुझे लेसन के स्ट्रक्चर से पॉजिटिव सरप्राइज़ मिला।,[],0
1051,इस कोर्स के ज़रिए NLP सीखना रोमांचक लगा।,4,0,0,0,0,1,0,0,0,1,इस कोर्स के ज़रिए NLP सीखना रोमांचक लगा।,[],0
1052,मुझे यह देखकर बहुत खुशी हुई कि सीखने का अनुभव कितना आसान था।,2,0,0,0,0,1,0,1,0,1,मुझे यह देखकर बहुत खुशी हुई कि सीखने का अनुभव कितना आसान था।,[],0
1053,इस कोर्स ने NLP सीखना मज़ेदार और मोटिवेटिंग बना दिया।,4,0,0,0,0,1,0,0,0,1,इस कोर्स ने NLP सीखना मज़ेदार और मोटिवेटिंग बना दिया।,[],0
1054,इंस्ट्रक्टर की क्लैरिटी से मैं खुश और इम्प्रेस हुआ।,1,0,0,0,0,1,0,0,0,1,इंस्ट्रक्टर की क्लैरिटी से मैं खुश और इम्प्रेस हुआ।,[],0
1055,यहां NLP सीखना एक आनंददायक यात्रा बन गई।,4,0,0,0,0,1,0,0,0,1,यहां NLP सीखना एक आनंददायक यात्रा बन गई।,[],0
1056,मुझे लेसन अच्छे लगे और मैं अपनी प्रोग्रेस देखकर हैरान था।,4,0,0,0,0,1,0,1,0,1,मुझे लेसन अच्छे लगे और मैं अपनी प्रोग्रेस देखकर हैरान था।,[],0
1057,इस कोर्स ने सीखने को मज़ेदार बनाने में मेरी उम्मीदों से कहीं ज़्यादा अच्छा काम किया।,4,0,0,0,0,1,0,0,0,1,इस कोर्स ने सीखने को मज़ेदार बनाने में मेरी उम्मीदों से कहीं ज़्यादा अच्छा काम किया।,[],0
1058,इस कोर्स में NLP सीखते हुए मुझे खुशी और उत्साह महसूस हुआ।,4,0,0,0,0,1,0,0,0,1,इस कोर्स में NLP सीखते हुए मुझे खुशी और उत्साह महसूस हुआ।,[],0
1059,इस कोर्स ने NLP सीखना हैरानी की बात है कि आसान बना दिया।,4,0,0,0,0,1,0,1,0,1,इस कोर्स ने NLP सीखना हैरानी की बात है कि आसान बना दिया।,[],0
1060,मुझे खुशी हुई क्योंकि सबक उम्मीद से बढ़कर थे।,4,0,0,0,0,1,0,0,0,1,मुझे खुशी हुई क्योंकि सबक उम्मीद से बढ़कर थे।,[],0
1061,साफ़ जानकारी की वजह से NLP सीखना मज़ेदार लगा।,1,0,0,0,0,1,0,0,0,1,साफ़ जानकारी की वजह से NLP सीखना मज़ेदार लगा।,[],0
1062,मुझे यह देखकर खुशी हुई कि कंटेंट कितना दिलचस्प था।,2,0,0,0,0,1,0,1,0,1,मुझे यह देखकर खुशी हुई कि कंटेंट कितना दिलचस्प था।,[],0
1063,इस कोर्स ने NLP सीखना मज़ेदार और फायदेमंद बना दिया।,4,0,0,0,0,1,0,0,0,1,इस कोर्स ने NLP सीखना मज़ेदार और फायदेमंद बना दिया।,[],0
1064,"इंस्ट्रक्टर ने कॉन्सेप्ट्स को जिस अच्छे से समझाया, उससे मैं खुश और इम्प्रेस हुआ।",1,0,0,0,0,1,0,0,0,1,"इंस्ट्रक्टर ने कॉन्सेप्ट्स को जिस अच्छे से समझाया, उससे मैं खुश और इम्प्रेस हुआ।",[],0
1065,यहां NLP सीखना एक आनंददायक अनुभव बन गया।,4,0,0,0,0,1,0,0,0,1,यहां NLP सीखना एक आनंददायक अनुभव बन गया।,[],0
1066,मुझे लेसन अच्छे लगे और मैं अपनी समझ से हैरान था।,4,0,0,0,0,1,0,1,0,1,मुझे लेसन अच्छे लगे और मैं अपनी समझ से हैरान था।,[],0
1067,इस कोर्स ने सीखने को मज़ेदार बनाकर मेरी उम्मीदों से बढ़कर काम किया।,4,0,0,0,0,1,0,0,0,1,इस कोर्स ने सीखने को मज़ेदार बनाकर मेरी उम्मीदों से बढ़कर काम किया।,[],0
1068,मुझे NLP सीखने में खुशी महसूस हुई क्योंकि लेसन दिलचस्प थे।,1,0,0,0,0,1,0,0,0,1,मुझे NLP सीखने में खुशी महसूस हुई क्योंकि लेसन दिलचस्प थे।,[],0
1069,इस कोर्स ने NLP सीखना हैरानी की बात है कि आसान बना दिया।,4,0,0,0,0,1,0,1,0,1,इस कोर्स ने NLP सीखना हैरानी की बात है कि आसान बना दिया।,[],0
1070,मुझे हर टॉपिक पर पॉजिटिव सरप्राइज़ मिला।,4,0,0,0,0,1,0,1,0,1,मुझे हर टॉपिक पर पॉजिटिव सरप्राइज़ मिला।,[],0
1071,इस कोर्स के ज़रिए NLP सीखना रोमांचक लगा।,4,0,0,0,0,1,0,0,0,1,इस कोर्स के ज़रिए NLP सीखना रोमांचक लगा।,[],0
1072,मुझे यह देखकर खुशी हुई कि मटीरियल कितना साफ़ था।,2,0,0,0,0,1,0,1,0,1,मुझे यह देखकर खुशी हुई कि मटीरियल कितना साफ़ था।,[],0
1073,इस कोर्स ने NLP सीखना मज़ेदार और मोटिवेटिंग बना दिया।,4,0,0,0,0,1,0,0,0,1,इस कोर्स ने NLP सीखना मज़ेदार और मोटिवेटिंग बना दिया।,[],0
1074,मैं इंस्ट्रक्टर के पढ़ाने के तरीके से खुश और इम्प्रेस हुआ।,1,0,0,0,0,1,0,0,0,1,मैं इंस्ट्रक्टर के पढ़ाने के तरीके से खुश और इम्प्रेस हुआ।,[],0
1075,NLP सीखना एक आनंददायक यात्रा बन गई।,4,0,0,0,0,1,0,0,0,1,NLP सीखना एक आनंददायक यात्रा बन गई।,[],0
1076,मुझे लेसन अच्छे लगे और सीखने का तरीका देखकर मैं हैरान रह गया।,4,0,0,0,0,1,0,1,0,1,मुझे लेसन अच्छे लगे और सीखने का तरीका देखकर मैं हैरान रह गया।,[],0
1077,इस कोर्स ने सीखने को मज़ेदार बनाने में मेरी उम्मीदों से कहीं ज़्यादा अच्छा काम किया।,4,0,0,0,0,1,0,0,0,1,इस कोर्स ने सीखने को मज़ेदार बनाने में मेरी उम्मीदों से कहीं ज़्यादा अच्छा काम किया।,[],0
1078,NLP सीखते समय मुझे खुशी और उत्साह महसूस हुआ।,4,0,0,0,0,1,0,0,0,1,NLP सीखते समय मुझे खुशी और उत्साह महसूस हुआ।,[],0
1079,इस कोर्स ने NLP सीखना हैरानी की बात है कि मज़ेदार बना दिया।,4,0,0,0,0,1,0,1,0,1,इस कोर्स ने NLP सीखना हैरानी की बात है कि मज़ेदार बना दिया।,[],0
1080,मुझे खुशी हुई क्योंकि सबक उम्मीद से बढ़कर थे।,4,0,0,0,0,1,0,0,0,1,मुझे खुशी हुई क्योंकि सबक उम्मीद से बढ़कर थे।,[],0
1081,NLP सीखना रोमांचक और दिलचस्प लगा।,4,0,0,0,0,1,0,0,0,1,NLP सीखना रोमांचक और दिलचस्प लगा।,[],0
1082,मुझे एक्सप्लेनेशन की क्लैरिटी देखकर खुशी हुई।,1,0,0,0,0,1,0,1,0,1,मुझे एक्सप्लेनेशन की क्लैरिटी देखकर खुशी हुई।,[],0
1083,इस कोर्स ने NLP सीखना मज़ेदार और आसान बना दिया।,4,0,0,0,0,1,0,0,0,1,इस कोर्स ने NLP सीखना मज़ेदार और आसान बना दिया।,[],0
1084,"जिस तरह से कॉन्सेप्ट्स को पेश किया गया, उससे मैं खुश और इम्प्रेस्ड महसूस कर रहा था।",1,0,0,0,0,1,0,0,0,1,"जिस तरह से कॉन्सेप्ट्स को पेश किया गया, उससे मैं खुश और इम्प्रेस्ड महसूस कर रहा था।",[],0
1085,इस कोर्स के ज़रिए NLP सीखना एक मज़ेदार अनुभव बन गया।,4,0,0,0,0,1,0,0,0,1,इस कोर्स के ज़रिए NLP सीखना एक मज़ेदार अनुभव बन गया।,[],0
1086,मुझे लेसन अच्छे लगे और मैं अपने कॉन्फिडेंस से हैरान था।,4,0,0,0,0,1,0,1,0,1,मुझे लेसन अच्छे लगे और मैं अपने कॉन्फिडेंस से हैरान था।,[],0
1087,इस कोर्स ने सीखने को मज़ेदार बनाकर मेरी उम्मीदों से बढ़कर काम किया।,4,0,0,0,0,1,0,0,0,1,इस कोर्स ने सीखने को मज़ेदार बनाकर मेरी उम्मीदों से बढ़कर काम किया।,[],0
1088,मुझे NLP सीखने में खुशी महसूस हुई क्योंकि एक्सप्लेनेशन साफ़ थे।,1,0,0,0,0,1,0,0,0,1,मुझे NLP सीखने में खुशी महसूस हुई क्योंकि एक्सप्लेनेशन साफ़ थे।,[],0
1089,इस कोर्स ने NLP सीखना हैरानी की बात है कि दिलचस्प बना दिया।,4,0,0,0,0,1,0,1,0,1,इस कोर्स ने NLP सीखना हैरानी की बात है कि दिलचस्प बना दिया।,[],0
1090,मुझे लेसन के स्ट्रक्चर से पॉजिटिव सरप्राइज़ मिला।,4,0,0,0,0,1,0,1,0,1,मुझे लेसन के स्ट्रक्चर से पॉजिटिव सरप्राइज़ मिला।,[],0
1091,इस कोर्स के ज़रिए NLP सीखना रोमांचक लगा।,4,0,0,0,0,1,0,0,0,1,इस कोर्स के ज़रिए NLP सीखना रोमांचक लगा।,[],0
1092,मुझे यह देखकर बहुत खुशी हुई कि सीखने का अनुभव कितना आसान था।,2,0,0,0,0,1,0,1,0,1,मुझे यह देखकर बहुत खुशी हुई कि सीखने का अनुभव कितना आसान था।,[],0
1093,इस कोर्स ने NLP सीखना मज़ेदार और मोटिवेटिंग बना दिया।,4,0,0,0,0,1,0,0,0,1,इस कोर्स ने NLP सीखना मज़ेदार और मोटिवेटिंग बना दिया।,[],0
1094,इंस्ट्रक्टर की क्लैरिटी से मैं खुश और इम्प्रेस हुआ।,1,0,0,0,0,1,0,0,0,1,इंस्ट्रक्टर की क्लैरिटी से मैं खुश और इम्प्रेस हुआ।,[],0
1095,यहां NLP सीखना एक आनंददायक यात्रा बन गई।,4,0,0,0,0,1,0,0,0,1,यहां NLP सीखना एक आनंददायक यात्रा बन गई।,[],0
1096,मुझे लेसन अच्छे लगे और मैं अपनी प्रोग्रेस देखकर हैरान था।,4,0,0,0,0,1,0,1,0,1,मुझे लेसन अच्छे लगे और मैं अपनी प्रोग्रेस देखकर हैरान था।,[],0
1097,इस कोर्स ने सीखने को मज़ेदार बनाकर मेरी उम्मीदों से बढ़कर काम किया।,4,0,0,0,0,1,0,0,0,1,इस कोर्स ने सीखने को मज़ेदार बनाकर मेरी उम्मीदों से बढ़कर काम किया।,[],0
1098,इस कोर्स में NLP सीखते हुए मुझे खुशी और उत्साह महसूस हुआ।,4,0,0,0,0,1,0,0,0,1,इस कोर्स में NLP सीखते हुए मुझे खुशी और उत्साह महसूस हुआ।,[],0
1099,इस कोर्स ने NLP सीखना हैरानी की बात है कि आसान बना दिया।,4,0,0,0,0,1,0,1,0,1,इस कोर्स ने NLP सीखना हैरानी की बात है कि आसान बना दिया।,[],0
1100,मुझे खुशी हुई क्योंकि सबक उम्मीद से बढ़कर थे।,4,0,0,0,0,1,0,0,0,1,मुझे खुशी हुई क्योंकि सबक उम्मीद से बढ़कर थे।,[],0
1101,साफ़ जानकारी की वजह से NLP सीखना मज़ेदार लगा।,1,0,0,0,0,1,0,0,0,1,साफ़ जानकारी की वजह से NLP सीखना मज़ेदार लगा।,[],0
1102,मुझे यह देखकर खुशी हुई कि कंटेंट कितना दिलचस्प था।,2,0,0,0,0,1,0,1,0,1,मुझे यह देखकर खुशी हुई कि कंटेंट कितना दिलचस्प था।,[],0
1103,इस कोर्स ने NLP सीखना मज़ेदार और फायदेमंद बना दिया।,4,0,0,0,0,1,0,0,0,1,इस कोर्स ने NLP सीखना मज़ेदार और फायदेमंद बना दिया।,[],0
1104,"इंस्ट्रक्टर ने कॉन्सेप्ट्स को जिस अच्छे से समझाया, उससे मैं खुश और इम्प्रेस हुआ।",1,0,0,0,0,1,0,0,0,1,"इंस्ट्रक्टर ने कॉन्सेप्ट्स को जिस अच्छे से समझाया, उससे मैं खुश और इम्प्रेस हुआ।",[],0
1105,कुल मिलाकर NLP सीखना एक खुशी भरा और हैरानी की बात है कि मज़ेदार अनुभव बन गया।,4,0,0,0,0,1,0,1,0,1,कुल मिलाकर NLP सीखना एक खुशी भरा और हैरानी की बात है कि मज़ेदार अनुभव बन गया।,[],0
1106,"मुझे यह कोर्स करके सच में खुशी हुई और मैं और भी एडवांस्ड NLP टॉपिक सीखने के लिए एक्साइटेड भी था क्योंकि एक्सप्लेनेशन साफ़, दिलचस्प और मोटिवेटिंग थे।",4,0,0,0,0,1,0,0,0,1,"मुझे यह कोर्स करके सच में खुशी हुई और मैं और भी एडवांस्ड NLP टॉपिक सीखने के लिए एक्साइटेड भी था क्योंकि एक्सप्लेनेशन साफ़, दिलचस्प और मोटिवेटिंग थे।",[],0
1107,इस कोर्स ने मुझे खुशी दी और साथ ही भविष्य के प्रोजेक्ट्स में इन NLP कॉन्सेप्ट्स को लागू करने और बढ़ाने की गहरी उम्मीद भी जगाई।,4,0,1,0,0,1,0,0,0,1,इस कोर्स ने मुझे खुशी दी और साथ ही भविष्य के प्रोजेक्ट्स में इन NLP कॉन्सेप्ट्स को लागू करने और बढ़ाने की गहरी उम्मीद भी जगाई।,[],0
1108,मैं इस कोर्स से बहुत खुश हूँ क्योंकि इससे NLP सीखना मज़ेदार हो गया और बाद में मुझे और गहरे टॉपिक जानने का मन हुआ।,4,0,0,0,0,1,0,0,0,1,मैं इस कोर्स से बहुत खुश हूँ क्योंकि इससे NLP सीखना मज़ेदार हो गया और बाद में मुझे और गहरे टॉपिक जानने का मन हुआ।,[],0
1109,"सीखने का अनुभव खुशी देने वाला और प्रेरणा देने वाला था, जिससे मुझे कॉन्फिडेंस के साथ अपनी NLP जर्नी जारी रखने का इंतज़ार है।",4,0,0,0,0,1,0,0,0,1,"सीखने का अनुभव खुशी देने वाला और प्रेरणा देने वाला था, जिससे मुझे कॉन्फिडेंस के साथ अपनी NLP जर्नी जारी रखने का इंतज़ार है।",[],0
1110,"मुझे यह कोर्स बहुत पसंद आया और मैं आगे जो सीखूंगा, उसे लेकर उत्साहित था क्योंकि इसका कंटेंट साफ़ और अच्छे से बनाया गया था।",2,0,0,0,0,1,0,0,0,1,"मुझे यह कोर्स बहुत पसंद आया और मैं आगे जो सीखूंगा, उसे लेकर उत्साहित था क्योंकि इसका कंटेंट साफ़ और अच्छे से बनाया गया था।",[],0
1111,इस कोर्स ने मुझे मेरी प्रोग्रेस से खुश किया और मुझे NLP के बारे में और सीखते रहने के लिए मोटिवेट किया।,4,0,0,0,0,1,0,0,0,1,इस कोर्स ने मुझे मेरी प्रोग्रेस से खुश किया और मुझे NLP के बारे में और सीखते रहने के लिए मोटिवेट किया।,[],0
1112,पूरे कोर्स के दौरान मुझे बहुत मज़ा आया और अपनी NLP स्किल्स को और बेहतर करने का मन हुआ।,4,0,0,0,0,1,0,0,0,1,पूरे कोर्स के दौरान मुझे बहुत मज़ा आया और अपनी NLP स्किल्स को और बेहतर करने का मन हुआ।,[],0
1113,इस कोर्स के ज़रिए NLP सीखना मज़ेदार था और इससे और एडवांस्ड टेक्नीक सीखने का उत्साह बढ़ा।,4,0,0,0,0,1,0,0,0,1,इस कोर्स के ज़रिए NLP सीखना मज़ेदार था और इससे और एडवांस्ड टेक्नीक सीखने का उत्साह बढ़ा।,[],0
1114,मैं इस बात से खुश हूँ कि यह कोर्स NLP कॉन्सेप्ट्स को कैसे समझाता है और मुझे अपनी समझ को बेहतर बनाने के लिए उत्सुक बनाता है।,1,0,0,0,0,1,0,0,0,1,मैं इस बात से खुश हूँ कि यह कोर्स NLP कॉन्सेप्ट्स को कैसे समझाता है और मुझे अपनी समझ को बेहतर बनाने के लिए उत्सुक बनाता है।,[],0
1115,इस कोर्स ने सीखने की प्रक्रिया में खुशी लाई और भविष्य में सीखने के मौकों के लिए उम्मीद जगाई।,4,0,0,0,0,1,0,0,0,1,इस कोर्स ने सीखने की प्रक्रिया में खुशी लाई और भविष्य में सीखने के मौकों के लिए उम्मीद जगाई।,[],0
1116,मुझे इस कोर्स में NLP सीखने में खुशी महसूस हुई और मैं इन आइडियाज़ को नए चैलेंजेज़ पर लागू करने के लिए उत्साहित हूँ।,4,0,0,0,0,1,0,0,0,1,मुझे इस कोर्स में NLP सीखने में खुशी महसूस हुई और मैं इन आइडियाज़ को नए चैलेंजेज़ पर लागू करने के लिए उत्साहित हूँ।,[],0
1117,इस कोर्स ने सीखने को मज़ेदार बना दिया और मुझे NLP में अपनी पढ़ाई जारी रखने के लिए उत्सुक कर दिया।,4,0,1,0,0,1,0,0,0,1,इस कोर्स ने सीखने को मज़ेदार बना दिया और मुझे NLP में अपनी पढ़ाई जारी रखने के लिए उत्सुक कर दिया।,[],0
1118,मुझे लेसन के दौरान खुशी महसूस हुई और कोर्स पूरा करने के बाद NLP में और गहराई से जाने का इंतज़ार था।,4,0,0,0,0,1,0,0,0,1,मुझे लेसन के दौरान खुशी महसूस हुई और कोर्स पूरा करने के बाद NLP में और गहराई से जाने का इंतज़ार था।,[],0
1119,एक्सप्लेनेशन से मुझे अपनी लर्निंग से संतुष्टि मिली और मैं और NLP टॉपिक जानने के लिए उत्साहित हुआ।,1,0,0,0,0,1,0,0,0,1,एक्सप्लेनेशन से मुझे अपनी लर्निंग से संतुष्टि मिली और मैं और NLP टॉपिक जानने के लिए उत्साहित हुआ।,[],0
1120,इस कोर्स ने सीखने का एक अच्छा माहौल बनाया और मुझे बेसिक बातों से आगे भी सीखते रहने के लिए मोटिवेट किया।,4,0,0,0,0,1,0,0,0,1,इस कोर्स ने सीखने का एक अच्छा माहौल बनाया और मुझे बेसिक बातों से आगे भी सीखते रहने के लिए मोटिवेट किया।,[],0
1121,मुझे सीखने का सफ़र अच्छा लगा और मैं अपनी NLP नॉलेज को और बढ़ाने के लिए उत्साहित महसूस कर रहा था।,4,0,0,0,0,1,0,0,0,1,मुझे सीखने का सफ़र अच्छा लगा और मैं अपनी NLP नॉलेज को और बढ़ाने के लिए उत्साहित महसूस कर रहा था।,[],0
1122,इस कोर्स ने NLP सीखना मज़ेदार बना दिया और भविष्य में सीखने और प्रैक्टिस के लिए उम्मीद जगाई।,4,0,0,0,0,1,0,0,0,1,इस कोर्स ने NLP सीखना मज़ेदार बना दिया और भविष्य में सीखने और प्रैक्टिस के लिए उम्मीद जगाई।,[],0
1123,मुझे खुशी हुई कि कंटेंट को कितनी साफ़ तरह से दिखाया गया था और मैं और सीखने के लिए उत्साहित था।,1,0,0,0,0,1,0,0,0,1,मुझे खुशी हुई कि कंटेंट को कितनी साफ़ तरह से दिखाया गया था और मैं और सीखने के लिए उत्साहित था।,[],0
1124,सीखने का अनुभव अच्छा था और इससे मैं NLP की पढ़ाई जारी रखने के लिए उत्सुक हो गया।,4,0,1,0,0,1,0,0,0,1,सीखने का अनुभव अच्छा था और इससे मैं NLP की पढ़ाई जारी रखने के लिए उत्सुक हो गया।,[],0
1125,मुझे हर लेसन में मज़ा आया और मैं NLP कॉन्सेप्ट्स को एक्सप्लोर करते रहने के लिए मोटिवेटेड महसूस करता रहा।,4,0,1,0,0,1,0,0,0,1,मुझे हर लेसन में मज़ा आया और मैं NLP कॉन्सेप्ट्स को एक्सप्लोर करते रहने के लिए मोटिवेटेड महसूस करता रहा।,[],0
1126,इस कोर्स ने मेरे सीखने के अनुभव को खुशनुमा बना दिया और मुझे और एडवांस्ड NLP टॉपिक्स के लिए तैयार रहने के लिए हिम्मत दी।,4,0,0,0,0,1,0,0,0,1,इस कोर्स ने मेरे सीखने के अनुभव को खुशनुमा बना दिया और मुझे और एडवांस्ड NLP टॉपिक्स के लिए तैयार रहने के लिए हिम्मत दी।,[],0
1127,मुझे एक्सप्लेनेशन से संतुष्टि मिली और जो मैंने सीखा उसे भविष्य के काम में इस्तेमाल करने के लिए उत्साहित था।,1,0,0,0,0,1,0,0,0,1,मुझे एक्सप्लेनेशन से संतुष्टि मिली और जो मैंने सीखा उसे भविष्य के काम में इस्तेमाल करने के लिए उत्साहित था।,[],0
1128,यहां NLP सीखना मज़ेदार था और इससे मुझे इसे सीखते रहने और प्रैक्टिस करने का मन हुआ।,4,0,1,0,0,1,0,0,0,1,यहां NLP सीखना मज़ेदार था और इससे मुझे इसे सीखते रहने और प्रैक्टिस करने का मन हुआ।,[],0
1129,इस कोर्स ने मुझे मेरी प्रोग्रेस से खुश किया और यह जानने के लिए उत्सुक किया कि NLP में आगे क्या होगा।,4,0,1,0,0,1,0,0,0,1,इस कोर्स ने मुझे मेरी प्रोग्रेस से खुश किया और यह जानने के लिए उत्सुक किया कि NLP में आगे क्या होगा।,[],0
1130,"मैं इस कोर्स से बहुत खुश हूँ और जो ज्ञान मैंने पाया है, उसे और बढ़ाने के लिए उत्साहित हूँ।",4,0,0,0,0,1,0,0,0,1,"मैं इस कोर्स से बहुत खुश हूँ और जो ज्ञान मैंने पाया है, उसे और बढ़ाने के लिए उत्साहित हूँ।",[],0
1131,ये लेसन मज़ेदार थे और NLP को और गहराई से समझने की उम्मीद जगाते थे।,4,0,0,0,0,1,0,0,0,1,ये लेसन मज़ेदार थे और NLP को और गहराई से समझने की उम्मीद जगाते थे।,[],0
1132,मुझे NLP सीखने में खुशी महसूस हुई और अपनी समझ को और बढ़ाने के लिए मोटिवेटेड महसूस हुआ।,4,0,1,0,0,1,0,0,0,1,मुझे NLP सीखने में खुशी महसूस हुई और अपनी समझ को और बढ़ाने के लिए मोटिवेटेड महसूस हुआ।,[],0
1133,इस कोर्स से मुझे संतुष्टि मिली और मैं और ज़्यादा एडवांस्ड NLP कॉन्सेप्ट सीखने के लिए उत्साहित हुआ।,4,0,1,0,0,1,0,0,0,1,इस कोर्स से मुझे संतुष्टि मिली और मैं और ज़्यादा एडवांस्ड NLP कॉन्सेप्ट सीखने के लिए उत्साहित हुआ।,[],0
1134,सीखने का सफ़र मज़ेदार था और इससे आगे की पढ़ाई के लिए उम्मीद जगी।,4,0,0,0,0,1,0,0,0,1,सीखने का सफ़र मज़ेदार था और इससे आगे की पढ़ाई के लिए उम्मीद जगी।,[],0
1135,मुझे यह कोर्स पसंद आया और मैं अपना NLP सीखना जारी रखने के लिए उत्साहित महसूस कर रहा था।,4,0,1,0,0,1,0,0,0,1,मुझे यह कोर्स पसंद आया और मैं अपना NLP सीखना जारी रखने के लिए उत्साहित महसूस कर रहा था।,[],0
1136,इस कोर्स ने NLP सीखने को मज़ेदार बना दिया और साथ ही भविष्य में सीखने के लिए उत्साह भी बढ़ाया।,4,0,1,0,0,1,0,0,0,1,इस कोर्स ने NLP सीखने को मज़ेदार बना दिया और साथ ही भविष्य में सीखने के लिए उत्साह भी बढ़ाया।,[],0
1137,मुझे पूरे लेसन में खुशी महसूस हुई और मैं आने वाले प्रोजेक्ट्स में इन कॉन्सेप्ट्स को अप्लाई करने के लिए उत्सुक था।,4,0,1,0,0,1,0,0,0,1,मुझे पूरे लेसन में खुशी महसूस हुई और मैं आने वाले प्रोजेक्ट्स में इन कॉन्सेप्ट्स को अप्लाई करने के लिए उत्सुक था।,[],0
1138,"कंटेंट ने मुझे मेरी सीख से संतुष्ट किया और आगे क्या सीख सकता हूँ, इसके लिए उत्साहित किया।",2,0,1,0,0,1,0,0,0,1,"कंटेंट ने मुझे मेरी सीख से संतुष्ट किया और आगे क्या सीख सकता हूँ, इसके लिए उत्साहित किया।",[],0
1139,मुझे साफ़ एक्सप्लेनेशन पसंद आए और मुझे अपनी NLP स्किल्स को बेहतर बनाने के लिए मोटिवेशन मिला।,1,0,1,0,0,1,0,0,0,1,मुझे साफ़ एक्सप्लेनेशन पसंद आए और मुझे अपनी NLP स्किल्स को बेहतर बनाने के लिए मोटिवेशन मिला।,[],0
1140,इस कोर्स ने सीखने में खुशी दी और NLP में आने वाली चुनौतियों के लिए उम्मीद जगाई।,4,0,1,0,0,1,0,0,0,1,इस कोर्स ने सीखने में खुशी दी और NLP में आने वाली चुनौतियों के लिए उम्मीद जगाई।,[],0
1141,"कोर्स जिस तरह आगे बढ़ा, उससे मैं खुश था और आगे सीखने के लिए उत्साहित था।",4,0,1,0,0,1,0,0,0,1,"कोर्स जिस तरह आगे बढ़ा, उससे मैं खुश था और आगे सीखने के लिए उत्साहित था।",[],0
1142,पूरे कोर्स के दौरान मुझे खुशी महसूस हुई और मैं अपनी NLP स्किल्स को डेवलप करने के लिए उत्साहित था।,4,0,1,0,0,1,0,0,0,1,पूरे कोर्स के दौरान मुझे खुशी महसूस हुई और मैं अपनी NLP स्किल्स को डेवलप करने के लिए उत्साहित था।,[],0
1143,सीखने का अनुभव अच्छा था और इससे मुझे और जानने की इच्छा हुई।,4,0,1,0,0,1,0,0,0,1,सीखने का अनुभव अच्छा था और इससे मुझे और जानने की इच्छा हुई।,[],0
1144,मुझे यह कोर्स पसंद आया और मुझे NLP कॉन्सेप्ट्स की पढ़ाई जारी रखने के लिए मोटिवेशन मिला।,4,0,1,0,0,1,0,0,0,1,मुझे यह कोर्स पसंद आया और मुझे NLP कॉन्सेप्ट्स की पढ़ाई जारी रखने के लिए मोटिवेशन मिला।,[],0
1145,इस कोर्स ने मुझे मेरी प्रोग्रेस से खुश किया और आगे सीखने के लिए उत्साहित किया।,4,0,1,0,0,1,0,0,0,1,इस कोर्स ने मुझे मेरी प्रोग्रेस से खुश किया और आगे सीखने के लिए उत्साहित किया।,[],0
1146,यहां NLP सीखना मज़ेदार था और इससे भविष्य की चुनौतियों के लिए उम्मीद जगी।,4,0,1,0,0,1,0,0,0,1,यहां NLP सीखना मज़ेदार था और इससे भविष्य की चुनौतियों के लिए उम्मीद जगी।,[],0
1147,मैं कोर्स की क्लैरिटी से खुश था और NLP के और टॉपिक जानने के लिए एक्साइटेड था।,1,0,1,0,0,1,0,0,0,1,मैं कोर्स की क्लैरिटी से खुश था और NLP के और टॉपिक जानने के लिए एक्साइटेड था।,[],0
1148,इस कोर्स ने NLP सीखना मज़ेदार बना दिया और मुझे सीखते रहने के लिए मोटिवेट किया।,4,0,1,0,0,1,0,0,0,1,इस कोर्स ने NLP सीखना मज़ेदार बना दिया और मुझे सीखते रहने के लिए मोटिवेट किया।,[],0
1149,मुझे लेसन अच्छे लगे और मैं अपने ज्ञान को इस्तेमाल करने और बढ़ाने के लिए उत्सुक था।,4,0,1,0,0,1,0,0,0,1,मुझे लेसन अच्छे लगे और मैं अपने ज्ञान को इस्तेमाल करने और बढ़ाने के लिए उत्सुक था।,[],0
1150,इस कोर्स ने सीखने का एक अच्छा अनुभव दिया और गहरी पढ़ाई के लिए उम्मीद जगाई।,4,0,1,0,0,1,0,0,0,1,इस कोर्स ने सीखने का एक अच्छा अनुभव दिया और गहरी पढ़ाई के लिए उम्मीद जगाई।,[],0
1151,मुझे NLP सीखकर खुशी हुई और मैं अपनी सीखने की यात्रा जारी रखने के लिए उत्साहित था।,4,0,1,0,0,1,0,0,0,1,मुझे NLP सीखकर खुशी हुई और मैं अपनी सीखने की यात्रा जारी रखने के लिए उत्साहित था।,[],0
1152,इस कोर्स ने मुझे संतुष्ट किया और अपनी NLP स्किल्स को बेहतर बनाने के लिए मोटिवेट किया।,4,0,1,0,0,1,0,0,0,1,इस कोर्स ने मुझे संतुष्ट किया और अपनी NLP स्किल्स को बेहतर बनाने के लिए मोटिवेट किया।,[],0
1153,इस कोर्स के ज़रिए NLP सीखना मज़ेदार था और इससे आगे सीखने के लिए उत्साह बढ़ा।,4,0,1,0,0,1,0,0,0,1,इस कोर्स के ज़रिए NLP सीखना मज़ेदार था और इससे आगे सीखने के लिए उत्साह बढ़ा।,[],0
1154,मुझे स्ट्रक्चर्ड कंटेंट पसंद आया और बाद में और सीखने का मन हुआ।,2,0,1,0,0,1,0,0,0,1,मुझे स्ट्रक्चर्ड कंटेंट पसंद आया और बाद में और सीखने का मन हुआ।,[],0
1155,सीखने का अनुभव मज़ेदार था और इससे आगे की खोज के लिए उम्मीद बनी रही।,4,0,1,0,0,1,0,0,0,1,सीखने का अनुभव मज़ेदार था और इससे आगे की खोज के लिए उम्मीद बनी रही।,[],0
1156,मैं इस कोर्स से संतुष्ट महसूस कर रहा था और NLP सीखना जारी रखने के लिए उत्साहित था।,4,0,1,0,0,1,0,0,0,1,मैं इस कोर्स से संतुष्ट महसूस कर रहा था और NLP सीखना जारी रखने के लिए उत्साहित था।,[],0
1157,इस कोर्स ने NLP सीखना मज़ेदार बना दिया और मुझे एडवांस्ड टॉपिक्स के लिए आगे देखने के लिए प्रेरित किया।,4,0,1,0,0,1,0,0,0,1,इस कोर्स ने NLP सीखना मज़ेदार बना दिया और मुझे एडवांस्ड टॉपिक्स के लिए आगे देखने के लिए प्रेरित किया।,[],0
1158,पूरे कोर्स के दौरान मुझे खुशी महसूस हुई और जो मैंने सीखा उसे आगे इस्तेमाल करने के लिए उत्सुक था।,4,0,1,0,0,1,0,0,0,1,पूरे कोर्स के दौरान मुझे खुशी महसूस हुई और जो मैंने सीखा उसे आगे इस्तेमाल करने के लिए उत्सुक था।,[],0
1159,एक्सप्लेनेशन संतोषजनक थे और इससे मुझे अपना NLP ज्ञान बढ़ाने के लिए उत्साहित किया।,1,0,1,0,0,1,0,0,0,1,एक्सप्लेनेशन संतोषजनक थे और इससे मुझे अपना NLP ज्ञान बढ़ाने के लिए उत्साहित किया।,[],0
1160,मुझे यह कोर्स पसंद आया और मुझे NLP के बारे में और सीखने के लिए मोटिवेशन मिला।,4,0,1,0,0,1,0,0,0,1,मुझे यह कोर्स पसंद आया और मुझे NLP के बारे में और सीखने के लिए मोटिवेशन मिला।,[],0
1161,इस कोर्स से सीखने में खुशी मिली और भविष्य में तरक्की की उम्मीद जगी।,4,0,1,0,0,1,0,0,0,1,इस कोर्स से सीखने में खुशी मिली और भविष्य में तरक्की की उम्मीद जगी।,[],0
1162,मैं अपनी समझ से संतुष्ट था और सीखते रहने के लिए उत्साहित था।,4,0,1,0,0,1,0,0,0,1,मैं अपनी समझ से संतुष्ट था और सीखते रहने के लिए उत्साहित था।,[],0
1163,सीखने का अनुभव मज़ेदार था और इससे गहरी पढ़ाई के लिए उम्मीद बनी रही।,4,0,1,0,0,1,0,0,0,1,सीखने का अनुभव मज़ेदार था और इससे गहरी पढ़ाई के लिए उम्मीद बनी रही।,[],0
1164,मैं एक्सप्लेनेशन से खुश था और उन्हें आगे अप्लाई करने के लिए एक्साइटेड था।,1,0,1,0,0,1,0,0,0,1,मैं एक्सप्लेनेशन से खुश था और उन्हें आगे अप्लाई करने के लिए एक्साइटेड था।,[],0
1165,इस कोर्स ने NLP सीखना मज़ेदार बना दिया और मुझे बेहतर होते रहने के लिए प्रेरित किया।,4,0,1,0,0,1,0,0,1,1,इस कोर्स ने NLP सीखना मज़ेदार बना दिया और मुझे बेहतर होते रहने के लिए प्रेरित किया।,[],0
1166,मुझे हर लेसन में मज़ा आया और बाद में और ज़्यादा सीखने की इच्छा हुई।,4,0,1,0,0,1,0,0,1,1,मुझे हर लेसन में मज़ा आया और बाद में और ज़्यादा सीखने की इच्छा हुई।,[],0
1167,कोर्स से मैं अपनी प्रोग्रेस से खुश हूँ और इसे जारी रखने के लिए उत्साहित हूँ।,4,0,1,0,0,1,0,0,1,1,कोर्स से मैं अपनी प्रोग्रेस से खुश हूँ और इसे जारी रखने के लिए उत्साहित हूँ।,[],0
1168,इस कोर्स के ज़रिए NLP सीखना मज़ेदार और मोटिवेटिंग था।,4,0,1,0,0,1,0,0,1,1,इस कोर्स के ज़रिए NLP सीखना मज़ेदार और मोटिवेटिंग था।,[],0
1169,मुझे अपनी NLP की पढ़ाई जारी रखने में खुशी और उत्साह महसूस हुआ।,4,0,1,0,0,1,0,0,1,1,मुझे अपनी NLP की पढ़ाई जारी रखने में खुशी और उत्साह महसूस हुआ।,[],0
1170,इस कोर्स ने NLP सीखना मज़ेदार बना दिया और भविष्य में सीखने के लिए उम्मीद जगाई।,4,0,1,0,0,1,0,0,1,1,इस कोर्स ने NLP सीखना मज़ेदार बना दिया और भविष्य में सीखने के लिए उम्मीद जगाई।,[],0
1171,कोर्स का स्ट्रक्चर देखकर मैं खुश था और और सीखने के लिए एक्साइटेड था।,2,0,1,0,0,1,0,0,0,1,कोर्स का स्ट्रक्चर देखकर मैं खुश था और और सीखने के लिए एक्साइटेड था।,[],0
1172,मुझे सीखने का अनुभव अच्छा लगा और मैं NLP को और जानने के लिए मोटिवेटेड महसूस करने लगा।,4,0,1,0,0,1,0,0,0,1,मुझे सीखने का अनुभव अच्छा लगा और मैं NLP को और जानने के लिए मोटिवेटेड महसूस करने लगा।,[],0
1173,"इस कोर्स से सीखने में खुशी मिली और आगे क्या होगा, इसके लिए उत्साह बढ़ा।",4,0,1,0,0,1,0,0,0,1,"इस कोर्स से सीखने में खुशी मिली और आगे क्या होगा, इसके लिए उत्साह बढ़ा।",[],0
1174,मुझे NLP सीखकर खुशी हुई और मैं अपने ज्ञान को और बढ़ाने के लिए उत्सुक था।,4,0,1,0,0,1,0,0,0,1,मुझे NLP सीखकर खुशी हुई और मैं अपने ज्ञान को और बढ़ाने के लिए उत्सुक था।,[],0
1175,इस कोर्स ने मुझे संतुष्ट किया और अपनी सीखने की यात्रा जारी रखने के लिए उत्साहित किया।,4,0,1,0,0,1,0,0,0,1,इस कोर्स ने मुझे संतुष्ट किया और अपनी सीखने की यात्रा जारी रखने के लिए उत्साहित किया।,[],0
1176,मुझे लेसन अच्छे लगे और इन कॉन्सेप्ट को लागू करने में मुझे जोश महसूस हुआ।,4,0,1,0,0,1,0,0,0,1,मुझे लेसन अच्छे लगे और इन कॉन्सेप्ट को लागू करने में मुझे जोश महसूस हुआ।,[],0
1177,सीखने का अनुभव मज़ेदार था और इससे भविष्य में आगे बढ़ने की उम्मीद जगी।,4,0,1,0,0,1,0,0,0,1,सीखने का अनुभव मज़ेदार था और इससे भविष्य में आगे बढ़ने की उम्मीद जगी।,[],0
1178,मैं कोर्स से संतुष्ट महसूस कर रहा था और NLP सीखते रहने के लिए उत्साहित था।,4,0,1,0,0,1,0,0,0,1,मैं कोर्स से संतुष्ट महसूस कर रहा था और NLP सीखते रहने के लिए उत्साहित था।,[],0
1179,यहां NLP सीखना मज़ेदार था और इससे मुझे और सीखने की प्रेरणा मिली।,4,0,1,0,0,1,0,0,0,1,यहां NLP सीखना मज़ेदार था और इससे मुझे और सीखने की प्रेरणा मिली।,[],0
1180,मुझे NLP सीखने में खुशी महसूस हुई और अपनी स्किल्स को और बेहतर बनाने के लिए मोटिवेटेड महसूस हुआ।,4,0,1,0,0,1,0,0,0,1,मुझे NLP सीखने में खुशी महसूस हुई और अपनी स्किल्स को और बेहतर बनाने के लिए मोटिवेटेड महसूस हुआ।,[],0
1181,इस कोर्स ने मुझे मेरी समझ से संतुष्ट किया और एडवांस्ड टॉपिक्स के लिए उत्साहित किया।,4,0,1,0,0,1,0,0,0,1,इस कोर्स ने मुझे मेरी समझ से संतुष्ट किया और एडवांस्ड टॉपिक्स के लिए उत्साहित किया।,[],0
1182,मुझे साफ़-साफ़ समझाना अच्छा लगा और मैं और जानने के लिए उत्सुक हो गया।,1,0,1,0,0,1,0,0,0,1,मुझे साफ़-साफ़ समझाना अच्छा लगा और मैं और जानने के लिए उत्सुक हो गया।,[],0
1183,इस कोर्स ने सीखने का एक अच्छा अनुभव दिया और आगे की पढ़ाई के लिए उम्मीद जगाई।,4,0,1,0,0,1,0,0,0,1,इस कोर्स ने सीखने का एक अच्छा अनुभव दिया और आगे की पढ़ाई के लिए उम्मीद जगाई।,[],0
1184,"मुझे निराशा और थोड़ी उदासी महसूस हुई क्योंकि कई वीडियो लगातार बफरिंग हो रहे थे, जिससे जुड़े रहना मुश्किल हो गया, भले ही मैं लेसन को ठीक से फॉलो करना चाहता था।",0,0,0,0,0,0,1,0,0,0,"मुझे निराशा और थोड़ी उदासी महसूस हुई क्योंकि कई वीडियो लगातार बफरिंग हो रहे थे, जिससे जुड़े रहना मुश्किल हो गया, भले ही मैं लेसन को ठीक से फॉलो करना चाहता था।",[],0
1185,"बार-बार ऑडियो की दिक्कतें आना निराशाजनक था, क्योंकि रुकावटों की वजह से सीखने का प्रोसेस कम आसान और मज़ेदार लगता था।",0,0,0,0,0,0,1,0,0,0,"बार-बार ऑडियो की दिक्कतें आना निराशाजनक था, क्योंकि रुकावटों की वजह से सीखने का प्रोसेस कम आसान और मज़ेदार लगता था।",[],0
1186,"जब कुछ लेक्चर वीडियो कुछ समय के लिए उपलब्ध नहीं थे, तो मुझे काफी निराशा हुई, जिससे मेरे पढ़ाई के शेड्यूल में रुकावट आई।",0,0,0,0,0,0,1,0,0,0,"जब कुछ लेक्चर वीडियो कुछ समय के लिए उपलब्ध नहीं थे, तो मुझे काफी निराशा हुई, जिससे मेरे पढ़ाई के शेड्यूल में रुकावट आई।",[],0
1187,"बार-बार होने वाली टेक्निकल गड़बड़ियों ने मुझे निराश कर दिया, खासकर तब जब मैं लगातार फोकस करने और सीखने की कोशिश कर रहा था।",0,0,0,0,0,0,1,0,0,0,"बार-बार होने वाली टेक्निकल गड़बड़ियों ने मुझे निराश कर दिया, खासकर तब जब मैं लगातार फोकस करने और सीखने की कोशिश कर रहा था।",[],0
1188,मुझे दुख हुआ कि कोर्स के ज़रूरी हिस्सों में प्लेटफ़ॉर्म की दिक्कतों की वजह से मेरी प्रोग्रेस में रुकावट आई।,0,0,0,0,0,0,1,0,0,0,मुझे दुख हुआ कि कोर्स के ज़रूरी हिस्सों में प्लेटफ़ॉर्म की दिक्कतों की वजह से मेरी प्रोग्रेस में रुकावट आई।,[],0
1189,बार-बार लोडिंग की दिक्कतों की वजह से सीखने का अनुभव फ्रस्ट्रेटिंग और इमोशनली थकाने वाला हो गया।,0,1,0,0,0,0,1,0,0,0,बार-बार लोडिंग की दिक्कतों की वजह से सीखने का अनुभव फ्रस्ट्रेटिंग और इमोशनली थकाने वाला हो गया।,[],0
1190,"मुझे निराशा हुई जब नोटबुक ठीक से लोड नहीं हुईं, जिससे मेरी सीखने की रफ़्तार धीमी हो गई।",0,0,0,0,0,0,1,0,0,0,"मुझे निराशा हुई जब नोटबुक ठीक से लोड नहीं हुईं, जिससे मेरी सीखने की रफ़्तार धीमी हो गई।",[],0
1191,"टेक्निकल रुकावटों की वजह से मेरा मोटिवेशन कम हो गया, हालांकि शुरू में मैं कोर्स को लेकर एक्साइटेड था।",0,0,0,0,0,0,1,0,0,0,"टेक्निकल रुकावटों की वजह से मेरा मोटिवेशन कम हो गया, हालांकि शुरू में मैं कोर्स को लेकर एक्साइटेड था।",[],0
1192,मुझे दुख हुआ जब ज़रूरी बातों के दौरान वीडियो की क्वालिटी बार-बार कम हो गई।,0,0,0,0,0,0,1,0,0,0,मुझे दुख हुआ जब ज़रूरी बातों के दौरान वीडियो की क्वालिटी बार-बार कम हो गई।,[],0
1193,अस्थिर प्लेटफ़ॉर्म अनुभव ने मुझे आसानी से आगे बढ़ने के बारे में निराश कर दिया।,0,0,0,0,0,0,1,0,0,0,अस्थिर प्लेटफ़ॉर्म अनुभव ने मुझे आसानी से आगे बढ़ने के बारे में निराश कर दिया।,[],0
1194,"बार-बार प्लेबैक में दिक्कत आने से मुझे निराशा महसूस हुई, जिससे मेरे सीखने के सेशन में रुकावट आई।",0,0,0,0,0,0,1,0,0,0,"बार-बार प्लेबैक में दिक्कत आने से मुझे निराशा महसूस हुई, जिससे मेरे सीखने के सेशन में रुकावट आई।",[],0
1195,बार-बार आने वाली टेक्निकल प्रॉब्लम ने पूरे अनुभव को इमोशनली थका देने वाला बना दिया।,0,0,0,0,0,0,1,0,0,0,बार-बार आने वाली टेक्निकल प्रॉब्लम ने पूरे अनुभव को इमोशनली थका देने वाला बना दिया।,[],0
1196,मुझे चिंता थी कि प्लेटफ़ॉर्म की चल रही दिक्कतें मुझे कोर्स ठीक से पूरा करने से रोक सकती हैं।,0,0,0,0,1,0,0,0,0,0,मुझे चिंता थी कि प्लेटफ़ॉर्म की चल रही दिक्कतें मुझे कोर्स ठीक से पूरा करने से रोक सकती हैं।,[],0
1197,बार-बार क्रैश होने से मुझे ज़रूरी लेसन के दौरान प्रोग्रेस खोने की चिंता 😰 हो गई और मेरा फोकस बिगड़ गया।,0,0,0,0,1,0,0,0,0,0,बार-बार क्रैश होने से मुझे ज़रूरी लेसन के दौरान प्रोग्रेस खोने की चिंता  हो गई और मेरा फोकस बिगड़ गया।,['😰'],1
1198,मुझे चिंता थी कि टेक्निकल प्रॉब्लम की वजह से कोर्स को अच्छे से फॉलो करने की मेरी काबिलियत पर असर पड़ेगा।,0,0,0,0,0,0,0,0,0,0,मुझे चिंता थी कि टेक्निकल प्रॉब्लम की वजह से कोर्स को अच्छे से फॉलो करने की मेरी काबिलियत पर असर पड़ेगा।,[],0
1199,अस्थिर वीडियो प्लेयर ने मुझे लगातार सीखने के लिए प्लेटफ़ॉर्म पर निर्भर रहने को लेकर असहज कर दिया।,0,0,0,0,1,0,0,0,0,0,अस्थिर वीडियो प्लेयर ने मुझे लगातार सीखने के लिए प्लेटफ़ॉर्म पर निर्भर रहने को लेकर असहज कर दिया।,[],0
1200,"जब भी ज़रूरी बातों के दौरान वीडियो अचानक बंद हो जाते थे, तो मुझे घबराहट होती थी।",0,0,0,0,1,0,0,0,0,0,"जब भी ज़रूरी बातों के दौरान वीडियो अचानक बंद हो जाते थे, तो मुझे घबराहट होती थी।",[],0
1201,मुझे चिंता थी कि टेक्निकल प्रॉब्लम की वजह से कोर्स को अच्छे से फॉलो करने की मेरी काबिलियत पर असर पड़ेगा ⚠️।,0,0,0,0,0,0,0,0,0,0,मुझे चिंता थी कि टेक्निकल प्रॉब्लम की वजह से कोर्स को अच्छे से फॉलो करने की मेरी काबिलियत पर असर पड़ेगा ।,['⚠️'],1
1202,बार-बार कनेक्शन कटने से मुझे बिना रुकावट के काम जारी रखने में शक होने लगा।,0,0,0,0,0,0,0,0,0,0,बार-बार कनेक्शन कटने से मुझे बिना रुकावट के काम जारी रखने में शक होने लगा।,[],0
1203,लगातार बफरिंग की वजह से मुझे समय पर लेसन खत्म करने की चिंता होने लगी.,0,0,0,0,1,0,0,0,0,0,लगातार बफरिंग की वजह से मुझे समय पर लेसन खत्म करने की चिंता होने लगी.,[],0
1204,मुझे चिंता थी कि अनसुलझे टेक्निकल इशू मेरे ओवरऑल लर्निंग आउटकम पर असर डाल सकते हैं।,0,0,0,0,1,0,0,0,0,0,मुझे चिंता थी कि अनसुलझे टेक्निकल इशू मेरे ओवरऑल लर्निंग आउटकम पर असर डाल सकते हैं।,[],0
1205,अस्थिर सिस्टम की वजह से मुझे अपनी पढ़ाई के समय की प्लानिंग को लेकर पक्का नहीं लग रहा था।,0,0,0,0,1,0,0,0,0,0,अस्थिर सिस्टम की वजह से मुझे अपनी पढ़ाई के समय की प्लानिंग को लेकर पक्का नहीं लग रहा था।,[],0
1206,मुझे चिंता थी कि ये टेक्निकल प्रॉब्लम पूरे कोर्स के दौरान बनी रहेंगी।,0,0,0,0,0,0,0,0,0,0,मुझे चिंता थी कि ये टेक्निकल प्रॉब्लम पूरे कोर्स के दौरान बनी रहेंगी।,[],0
1207,बार-बार होने वाली गलतियों की वजह से ज़रूरत पड़ने पर सामान मिलने में चिंता होने लगी।,0,0,0,0,0,0,0,0,0,0,बार-बार होने वाली गलतियों की वजह से ज़रूरत पड़ने पर सामान मिलने में चिंता होने लगी।,[],0
1208,टेक्निकल अस्थिरता की वजह से मुझे ठीक से आगे बढ़ने में शक हो रहा था।,0,0,0,0,0,0,0,0,0,0,टेक्निकल अस्थिरता की वजह से मुझे ठीक से आगे बढ़ने में शक हो रहा था।,[],0
1209,"मुझे इस बात से चिढ़ और अजीब लगा कि लेक्चर के दौरान प्लेटफॉर्म कितनी बार फ़्रीज़ हो जाता था, जिससे सीखने का अनुभव खराब हो जाता था।",0,1,0,0,0,0,0,0,0,0,"मुझे इस बात से चिढ़ और अजीब लगा कि लेक्चर के दौरान प्लेटफॉर्म कितनी बार फ़्रीज़ हो जाता था, जिससे सीखने का अनुभव खराब हो जाता था।",[],0
1210,बार-बार टेक्निकल गड़बड़ियों की वजह से अनुभव गड़बड़ और बुरा लग रहा था।,0,1,0,0,0,0,0,0,0,0,बार-बार टेक्निकल गड़बड़ियों की वजह से अनुभव गड़बड़ और बुरा लग रहा था।,[],0
1211,मैं कई लेसन के दौरान खराब वीडियो क्वालिटी से काफी नाखुश था।,0,0,0,0,0,0,1,0,0,0,मैं कई लेसन के दौरान खराब वीडियो क्वालिटी से काफी नाखुश था।,[],0
1212,लगातार बफरिंग परेशान करने वाली थी और इससे कोर्स का मेरा मज़ा कम हो गया।,0,1,0,0,0,0,0,0,0,0,लगातार बफरिंग परेशान करने वाली थी और इससे कोर्स का मेरा मज़ा कम हो गया।,[],0
1213,मुझे यह देखकर अजीब लगा कि कभी-कभी प्लेटफ़ॉर्म कितना भरोसे लायक नहीं लगता था।,0,0,0,0,0,0,0,0,0,0,मुझे यह देखकर अजीब लगा कि कभी-कभी प्लेटफ़ॉर्म कितना भरोसे लायक नहीं लगता था।,[],0
1214,बार-बार प्लेबैक में आने वाली गलतियों की वजह से एक्सपीरियंस ठीक से हैंडल नहीं हुआ।,0,1,0,0,0,0,0,0,0,0,बार-बार प्लेबैक में आने वाली गलतियों की वजह से एक्सपीरियंस ठीक से हैंडल नहीं हुआ।,[],0
1215,मुझे बार-बार आने वाली टेक्निकल प्रॉब्लम से निपटना फ्रस्ट्रेटिंग और बुरा लगा।,0,1,0,0,0,0,0,0,0,0,मुझे बार-बार आने वाली टेक्निकल प्रॉब्लम से निपटना फ्रस्ट्रेटिंग और बुरा लगा।,[],0
1216,प्लेटफ़ॉर्म की दिक्कतों की वजह से सीखने का अनुभव बेवजह मुश्किल लग रहा था।,0,1,0,0,0,0,0,0,0,0,प्लेटफ़ॉर्म की दिक्कतों की वजह से सीखने का अनुभव बेवजह मुश्किल लग रहा था।,[],0
1217,मुझे इस बात से गुस्सा आता था कि कितनी बार टेक्निकल गलतियों की वजह से मेरा फोकस बिगड़ जाता था।,0,1,0,0,0,0,0,0,0,0,मुझे इस बात से गुस्सा आता था कि कितनी बार टेक्निकल गलतियों की वजह से मेरा फोकस बिगड़ जाता था।,[],0
1218,अनस्टेबल सिस्टम ने कई सेशन के दौरान बुरा असर डाला।,0,1,0,0,0,0,0,0,0,0,अनस्टेबल सिस्टम ने कई सेशन के दौरान बुरा असर डाला।,[],0
1219,मैं पूरे कोर्स के दौरान टेक्निकल रिलायबिलिटी से खुश नहीं था।,0,0,0,0,0,0,1,0,0,0,मैं पूरे कोर्स के दौरान टेक्निकल रिलायबिलिटी से खुश नहीं था।,[],0
1220,"जब ज़रूरी लेसन के दौरान प्लेटफ़ॉर्म बार-बार क्रैश हो गया, तो मुझे निराशा और गुस्सा 😠 महसूस हुआ।",0,1,0,0,0,0,0,0,0,0,"जब ज़रूरी लेसन के दौरान प्लेटफ़ॉर्म बार-बार क्रैश हो गया, तो मुझे निराशा और गुस्सा  महसूस हुआ।",['😠'],1
1221,लगातार टेक्निकल फेलियर से सीखने की कोशिश करते समय मुझे सच में चिढ़ होती थी।,0,1,0,0,0,0,0,0,0,0,लगातार टेक्निकल फेलियर से सीखने की कोशिश करते समय मुझे सच में चिढ़ होती थी।,[],0
1222,मुझे इस बात से गुस्सा आया कि कितनी बार वीडियो बिना किसी वॉर्निंग के काम करना बंद कर देते थे।,0,1,0,0,0,0,0,0,0,0,मुझे इस बात से गुस्सा आया कि कितनी बार वीडियो बिना किसी वॉर्निंग के काम करना बंद कर देते थे।,[],0
1223,बार-बार सिस्टम में होने वाली गलतियों की वजह से सीखने का अनुभव बहुत निराशाजनक हो गया।,0,1,0,0,0,0,0,0,0,0,बार-बार सिस्टम में होने वाली गलतियों की वजह से सीखने का अनुभव बहुत निराशाजनक हो गया।,[],0
1224,मुझे गुस्सा आया कि टेक्निकल प्रॉब्लम मेरी पढ़ाई में रुकावट डालती रहीं।,0,1,0,0,0,0,0,0,0,0,मुझे गुस्सा आया कि टेक्निकल प्रॉब्लम मेरी पढ़ाई में रुकावट डालती रहीं।,[],0
1225,टेक्निकल स्टेबिलिटी की कमी की वजह से कोर्स के दौरान मेरा सब्र खत्म हो गया।,0,0,0,0,0,0,1,0,0,0,टेक्निकल स्टेबिलिटी की कमी की वजह से कोर्स के दौरान मेरा सब्र खत्म हो गया।,[],0
1226,"टेक्निकल दिक्कतों की वजह से मुझे निराशा और बेचैनी हुई, खासकर तब जब मैं आसानी से लेसन पूरे करने का इंतज़ार कर रहा था।",0,0,0,0,0,0,1,0,0,0,"टेक्निकल दिक्कतों की वजह से मुझे निराशा और बेचैनी हुई, खासकर तब जब मैं आसानी से लेसन पूरे करने का इंतज़ार कर रहा था।",[],0
1227,"जब टेक्निकल गलतियों की वजह से ज़रूरी बातें बार-बार रुकीं, तो मुझे बहुत बुरा लगा और गुस्सा आया।",0,1,0,0,0,0,1,0,0,0,"जब टेक्निकल गलतियों की वजह से ज़रूरी बातें बार-बार रुकीं, तो मुझे बहुत बुरा लगा और गुस्सा आया।",[],0
1228,टेक्निकल रुकावटों की वजह से ज़रूरी मटीरियल के गायब होने की परेशानी और चिंता दोनों हुई।,0,1,0,0,0,0,0,0,0,0,टेक्निकल रुकावटों की वजह से ज़रूरी मटीरियल के गायब होने की परेशानी और चिंता दोनों हुई।,[],0
1229,जब वीडियो ठीक से लोड नहीं हुए तो मुझे निराशा और फ्रस्ट्रेशन हुई।,0,1,0,0,0,0,1,0,0,0,जब वीडियो ठीक से लोड नहीं हुए तो मुझे निराशा और फ्रस्ट्रेशन हुई।,[],0
1230,अनस्टेबल प्लेबैक की वजह से मुझे बेचैनी होने लगी और रुकावटों से गुस्सा भी आ रहा था।,0,1,0,0,0,0,0,0,0,0,अनस्टेबल प्लेबैक की वजह से मुझे बेचैनी होने लगी और रुकावटों से गुस्सा भी आ रहा था।,[],0
1231,बार-बार होने वाली गलतियों से मैं निराश और निराश महसूस करने लगा।,0,1,0,0,0,0,1,0,0,0,बार-बार होने वाली गलतियों से मैं निराश और निराश महसूस करने लगा।,[],0
1232,बार-बार आने वाली दिक्कतों की वजह से फोकस बनाए रखने की कोशिश में निराशा और चिड़चिड़ापन होता था।,0,1,0,0,0,0,1,0,0,0,बार-बार आने वाली दिक्कतों की वजह से फोकस बनाए रखने की कोशिश में निराशा और चिड़चिड़ापन होता था।,[],0
1233,मुझे बेचैनी और गुस्सा महसूस हुआ क्योंकि अचानक टेक्निकल प्रॉब्लम आ रही थीं।,0,1,0,0,0,0,0,0,0,0,मुझे बेचैनी और गुस्सा महसूस हुआ क्योंकि अचानक टेक्निकल प्रॉब्लम आ रही थीं।,[],0
1234,अस्थिर सिस्टम ने मुझे निराश कर दिया और ठीक से काम जारी रखने को लेकर चिंता होने लगी।,0,1,0,0,1,0,0,0,0,0,अस्थिर सिस्टम ने मुझे निराश कर दिया और ठीक से काम जारी रखने को लेकर चिंता होने लगी।,[],0
1235,बार-बार प्लेबैक फेल होने पर मुझे चिंता के साथ-साथ चिड़चिड़ाहट भी महसूस हुई।,0,1,0,0,0,0,0,0,0,0,बार-बार प्लेबैक फेल होने पर मुझे चिंता के साथ-साथ चिड़चिड़ाहट भी महसूस हुई।,[],0
1236,टेक्निकल रुकावटों की वजह से परेशानी और इमोशनल थकान दोनों हुई.,0,1,0,0,0,0,1,0,0,0,टेक्निकल रुकावटों की वजह से परेशानी और इमोशनल थकान दोनों हुई.,[],0
1237,मुझे निराशा और हताशा महसूस हुई क्योंकि टेक्निकल प्रॉब्लम की वजह से मेरी सीखने की रफ़्तार में रुकावट आई।,0,1,0,0,0,0,1,0,0,0,मुझे निराशा और हताशा महसूस हुई क्योंकि टेक्निकल प्रॉब्लम की वजह से मेरी सीखने की रफ़्तार में रुकावट आई।,[],0
1238,प्लेटफ़ॉर्म की दिक्कतों ने मुझे परेशान कर दिया और मेरा उत्साह कम कर दिया।,0,0,0,0,0,0,1,0,0,0,प्लेटफ़ॉर्म की दिक्कतों ने मुझे परेशान कर दिया और मेरा उत्साह कम कर दिया।,[],0
1239,जब वीडियो बार-बार फ़्रीज़ हो जाते थे तो मुझे गुस्सा और चिंता होती थी।,0,1,0,0,0,0,0,0,0,0,जब वीडियो बार-बार फ़्रीज़ हो जाते थे तो मुझे गुस्सा और चिंता होती थी।,[],0
1240,टेक्निकल दिक्कत की वजह से मुझे अपनी प्रोग्रेस को लेकर फ्रस्ट्रेशन और चिंता हुई।,0,1,0,0,1,0,0,0,0,0,टेक्निकल दिक्कत की वजह से मुझे अपनी प्रोग्रेस को लेकर फ्रस्ट्रेशन और चिंता हुई।,[],0
1241,लगातार बफरिंग की दिक्कतों की वजह से मुझे चिढ़ और बेचैनी महसूस हुई।,0,1,0,0,0,0,0,0,0,0,लगातार बफरिंग की दिक्कतों की वजह से मुझे चिढ़ और बेचैनी महसूस हुई।,[],0
1242,बार-बार होने वाली गड़बड़ियों से मुझे निराशा और चिंता होने लगी।,0,0,0,0,0,0,1,0,0,0,बार-बार होने वाली गड़बड़ियों से मुझे निराशा और चिंता होने लगी।,[],0
1243,"मुझे अस्थिर सेशन के दौरान चिंता के साथ निराशा महसूस हुई, जिससे मेरा सीखने का फ्लो टूट गया।",0,1,0,0,0,0,0,0,0,0,"मुझे अस्थिर सेशन के दौरान चिंता के साथ निराशा महसूस हुई, जिससे मेरा सीखने का फ्लो टूट गया।",[],0
1244,प्लेटफ़ॉर्म की समस्याओं के कारण चिड़चिड़ापन और भावनात्मक परेशानी हुई।,0,1,0,0,1,0,0,0,0,0,प्लेटफ़ॉर्म की समस्याओं के कारण चिड़चिड़ापन और भावनात्मक परेशानी हुई।,[],0
1245,जब टेक्निकल गलतियों की वजह से अचानक पढ़ाई में रुकावट आई तो मुझे बेचैनी और गुस्सा महसूस हुआ।,0,1,0,0,1,0,0,0,0,0,जब टेक्निकल गलतियों की वजह से अचानक पढ़ाई में रुकावट आई तो मुझे बेचैनी और गुस्सा महसूस हुआ।,[],0
1246,"बार-बार आने वाली दिक्कतों की वजह से मैं फ्रस्ट्रेट हो गया, भले ही मैं आगे पढ़ना चाहता था।",0,1,0,0,0,0,0,0,0,0,"बार-बार आने वाली दिक्कतों की वजह से मैं फ्रस्ट्रेट हो गया, भले ही मैं आगे पढ़ना चाहता था।",[],0
1247,अनस्टेबल प्लेबैक के कारण मुझे निराशा और चिंता हुई।,0,0,0,0,1,0,1,0,0,0,अनस्टेबल प्लेबैक के कारण मुझे निराशा और चिंता हुई।,[],0
1248,टेक्निकल प्रॉब्लम की वजह से चिड़चिड़ापन हुआ और मोटिवेशन कम हो गया।,0,1,0,0,0,0,1,0,0,0,टेक्निकल प्रॉब्लम की वजह से चिड़चिड़ापन हुआ और मोटिवेशन कम हो गया।,[],0
1249,बार-बार सिस्टम फेल होने से मुझे फ्रस्ट्रेशन और बेचैनी महसूस हुई।,0,1,0,0,1,0,0,0,0,0,बार-बार सिस्टम फेल होने से मुझे फ्रस्ट्रेशन और बेचैनी महसूस हुई।,[],0
1250,इन गड़बड़ियों की वजह से सीखने की कंटिन्यूटी को लेकर परेशानी और चिंता हुई।,0,1,0,0,0,0,0,0,0,0,इन गड़बड़ियों की वजह से सीखने की कंटिन्यूटी को लेकर परेशानी और चिंता हुई।,[],0
1251,मुझे पढ़ाई फिर से शुरू करने की उम्मीद के साथ-साथ चिड़चिड़ापन भी महसूस हुआ।,0,1,1,0,1,0,0,0,0,0,मुझे पढ़ाई फिर से शुरू करने की उम्मीद के साथ-साथ चिड़चिड़ापन भी महसूस हुआ।,[],0
1252,प्लेटफ़ॉर्म की दिक्कतों की वजह से मुझे चिंता और निराशा हुई जबकि मैं फ़ोकस करने की कोशिश कर रहा था..,0,1,0,0,1,0,0,0,0,0,प्लेटफ़ॉर्म की दिक्कतों की वजह से मुझे चिंता और निराशा हुई जबकि मैं फ़ोकस करने की कोशिश कर रहा था..,[],0
1253,जब क्लास में रुकावट आई तो मुझे निराशा और गुस्सा आया।,0,1,0,0,0,0,1,0,0,0,जब क्लास में रुकावट आई तो मुझे निराशा और गुस्सा आया।,[],0
1254,टेक्निकल अस्थिरता के कारण चिंता और चिड़चिड़ापन हुआ।,0,1,0,0,0,0,0,0,0,0,टेक्निकल अस्थिरता के कारण चिंता और चिड़चिड़ापन हुआ।,[],0
1255,गलतियों की वजह से मुझे फ्रस्ट्रेशन और इमोशनल परेशानी महसूस हुई।,0,1,0,0,0,0,0,0,0,0,गलतियों की वजह से मुझे फ्रस्ट्रेशन और इमोशनल परेशानी महसूस हुई।,[],0
1256,बार-बार होने वाली दिक्कतों से मैं बेचैन और परेशान हो गया।,0,1,0,0,1,0,0,0,0,0,बार-बार होने वाली दिक्कतों से मैं बेचैन और परेशान हो गया।,[],0
1257,बार-बार बफरिंग से मुझे बेचैनी और चिढ़ होने लगी।,0,1,0,0,1,0,0,0,0,0,बार-बार बफरिंग से मुझे बेचैनी और चिढ़ होने लगी।,[],0
1258,प्लेटफ़ॉर्म की दिक्कतों से निराशा और फ्रस्ट्रेशन हुई।,0,1,0,0,0,0,1,0,0,0,प्लेटफ़ॉर्म की दिक्कतों से निराशा और फ्रस्ट्रेशन हुई।,[],0
1259,टेक्निकल खराबी की वजह से मुझे चिंता और परेशानी हुई।,0,1,0,0,1,0,0,0,0,0,टेक्निकल खराबी की वजह से मुझे चिंता और परेशानी हुई।,[],0
1260,अस्थिर सिस्टम ने मुझे आसानी से काम जारी रखने के बारे में निराश और निराश महसूस कराया।,0,1,0,0,0,0,1,0,0,0,अस्थिर सिस्टम ने मुझे आसानी से काम जारी रखने के बारे में निराश और निराश महसूस कराया।,[],0
1261,जब वीडियो लोड नहीं हुए तो मुझे चिढ़ और चिंता हुई।,0,1,0,0,1,0,0,0,0,0,जब वीडियो लोड नहीं हुए तो मुझे चिढ़ और चिंता हुई।,[],0
1262,बार-बार होने वाली गलतियों से फ्रस्ट्रेशन और बेचैनी हुई।,0,1,0,0,0,0,0,0,0,0,बार-बार होने वाली गलतियों से फ्रस्ट्रेशन और बेचैनी हुई।,[],0
1263,लर्निंग सेशन के दौरान मुझे चिंता के साथ-साथ गुस्सा भी महसूस हुआ।,0,1,0,0,0,0,0,0,0,0,लर्निंग सेशन के दौरान मुझे चिंता के साथ-साथ गुस्सा भी महसूस हुआ।,[],0
1264,टेक्निकल प्रॉब्लम की वजह से मैं बेचैन और नाखुश महसूस कर रहा था।,0,0,0,0,0,0,1,0,0,0,टेक्निकल प्रॉब्लम की वजह से मैं बेचैन और नाखुश महसूस कर रहा था।,[],0
1265,जब प्लेटफॉर्म धीमा हो गया तो मुझे निराशा और चिंता होने लगी।,0,1,0,0,1,0,0,0,0,0,जब प्लेटफॉर्म धीमा हो गया तो मुझे निराशा और चिंता होने लगी।,[],0
1266,रुकावटों से चिड़चिड़ापन हुआ और मोटिवेशन कम हो गया।,0,1,0,0,0,0,1,0,0,0,रुकावटों से चिड़चिड़ापन हुआ और मोटिवेशन कम हो गया।,[],0
1267,अनस्टेबल एक्सेस के कारण मुझे निराशा और चिंता हुई।,0,0,0,0,1,0,1,0,0,0,अनस्टेबल एक्सेस के कारण मुझे निराशा और चिंता हुई।,[],0
1268,बार-बार होने वाली गड़बड़ियों से मुझे निराशा और बेचैनी महसूस हुई।,0,1,0,0,1,0,0,0,0,0,बार-बार होने वाली गड़बड़ियों से मुझे निराशा और बेचैनी महसूस हुई।,[],0
1269,पूरे कोर्स के दौरान लगातार टेक्निकल दिक्कतों से मैं परेशान और परेशान महसूस कर रहा था।,0,1,0,0,1,0,0,0,0,0,पूरे कोर्स के दौरान लगातार टेक्निकल दिक्कतों से मैं परेशान और परेशान महसूस कर रहा था।,[],0
1270,प्लेटफ़ॉर्म की अस्थिरता से इमोशनल फ्रस्ट्रेशन और चिंता हुई।,0,1,0,0,1,0,0,0,0,0,प्लेटफ़ॉर्म की अस्थिरता से इमोशनल फ्रस्ट्रेशन और चिंता हुई।,[],0
1271,मुझे क्लास के दौरान निराशा के साथ चिड़चिड़ापन महसूस हुआ।,0,1,0,0,0,0,1,0,0,0,मुझे क्लास के दौरान निराशा के साथ चिड़चिड़ापन महसूस हुआ।,[],0
1272,टेक्निकल खराबी की वजह से मुझे बेचैनी और गुस्सा महसूस हुआ।,0,1,0,0,1,0,0,0,0,0,टेक्निकल खराबी की वजह से मुझे बेचैनी और गुस्सा महसूस हुआ।,[],0
1273,कोर्स को फॉलो करने की कोशिश में मुझे फ्रस्ट्रेशन और एंग्जायटी महसूस हुई।,0,1,0,0,1,0,0,0,0,0,कोर्स को फॉलो करने की कोशिश में मुझे फ्रस्ट्रेशन और एंग्जायटी महसूस हुई।,[],0
1274,इन गड़बड़ियों की वजह से सीखने की प्रोग्रेस को लेकर परेशानी और चिंता हुई।,0,1,0,0,1,0,0,0,0,0,इन गड़बड़ियों की वजह से सीखने की प्रोग्रेस को लेकर परेशानी और चिंता हुई।,[],0
1275,बार-बार होने वाली दिक्कतों की वजह से मुझे निराशा और चिढ़ हुई।,0,1,0,0,0,0,1,0,0,0,बार-बार होने वाली दिक्कतों की वजह से मुझे निराशा और चिढ़ हुई।,[],0
1276,प्लेटफ़ॉर्म की समस्याओं ने मुझे बेचैन और निराश महसूस कराया।,0,1,0,0,1,0,0,0,0,0,प्लेटफ़ॉर्म की समस्याओं ने मुझे बेचैन और निराश महसूस कराया।,[],0
1277,जब पढ़ाई में रुकावट आती थी तो मुझे गुस्सा और चिंता होती थी।,0,1,0,0,1,0,0,0,0,0,जब पढ़ाई में रुकावट आती थी तो मुझे गुस्सा और चिंता होती थी।,[],0
1278,टेक्निकल दिक्कतों की वजह से फ्रस्ट्रेशन और इमोशनल स्ट्रेन हुआ।,0,1,0,0,1,0,0,0,0,0,टेक्निकल दिक्कतों की वजह से फ्रस्ट्रेशन और इमोशनल स्ट्रेन हुआ।,[],0
1279,अनस्टेबल प्लेबैक के कारण मुझे इरिटेशन और चिंता हुई।,0,1,0,0,0,0,0,0,0,0,अनस्टेबल प्लेबैक के कारण मुझे इरिटेशन और चिंता हुई।,[],0
1280,बार-बार होने वाली गलतियों से मुझे बेचैनी और गुस्सा महसूस हुआ।,0,1,0,0,0,0,0,0,0,0,बार-बार होने वाली गलतियों से मुझे बेचैनी और गुस्सा महसूस हुआ।,[],0
1281,मुझे आसानी से आगे बढ़ने को लेकर निराशा और चिंता महसूस हुई।,0,1,0,0,0,0,0,0,0,0,मुझे आसानी से आगे बढ़ने को लेकर निराशा और चिंता महसूस हुई।,[],0
1282,प्लेटफ़ॉर्म की दिक्कतों से निराशा और चिढ़ हुई।,0,1,0,0,0,0,1,0,0,0,प्लेटफ़ॉर्म की दिक्कतों से निराशा और चिढ़ हुई।,[],0
1283,सेशन के दौरान मुझे चिंता के साथ-साथ गुस्सा भी महसूस हुआ।,0,1,0,0,0,0,0,0,0,0,सेशन के दौरान मुझे चिंता के साथ-साथ गुस्सा भी महसूस हुआ।,[],0
1284,टेक्निकल अस्थिरता की वजह से मुझे निराशा और बेचैनी महसूस हुई।,0,1,0,0,0,0,0,0,0,0,टेक्निकल अस्थिरता की वजह से मुझे निराशा और बेचैनी महसूस हुई।,[],0
1285,मुझे कंटेंट छूटने की चिंता और चिढ़ हुई।,0,1,0,0,0,0,0,0,0,0,मुझे कंटेंट छूटने की चिंता और चिढ़ हुई।,[],0
1286,बार-बार होने वाली समस्याओं से फ्रस्ट्रेशन और निराशा होती थी।,0,1,0,0,0,0,1,0,0,0,बार-बार होने वाली समस्याओं से फ्रस्ट्रेशन और निराशा होती थी।,[],0
1287,"बार-बार होने वाले ग्लिच की वजह से मुझे एंग्जायटी और इरिटेशन महसूस हुई, जिससे मेरी पढ़ाई में रुकावट आई।",0,1,0,0,1,0,0,0,0,0,"बार-बार होने वाले ग्लिच की वजह से मुझे एंग्जायटी और इरिटेशन महसूस हुई, जिससे मेरी पढ़ाई में रुकावट आई।",[],0
1288,टेक्निकल खराबी की वजह से मुझे बेचैनी और निराशा महसूस हुई।,0,1,0,0,0,0,0,0,0,0,टेक्निकल खराबी की वजह से मुझे बेचैनी और निराशा महसूस हुई।,[],0
1289,"टेक्निकल दिक्कतें बनी रहीं, जिससे मुझे गुस्सा और चिंता हुई।",0,1,0,0,0,0,0,0,0,0,"टेक्निकल दिक्कतें बनी रहीं, जिससे मुझे गुस्सा और चिंता हुई।",[],0
1290,"मुझे यह पसंद है कि लर्निंग मटीरियल को कैसे साफ़ और लॉजिकल तरीके से पेश किया गया है, जिससे मुश्किल आइडिया को समझना आसान हो जाता है।",2,0,1,0,0,1,0,0,1,1,"मुझे यह पसंद है कि लर्निंग मटीरियल को कैसे साफ़ और लॉजिकल तरीके से पेश किया गया है, जिससे मुश्किल आइडिया को समझना आसान हो जाता है।",[],0
1291,मटीरियल इतना डिटेल्ड है कि समझ बनाने के लिए अलग-अलग लेवल के लर्नर्स के लिए भी एक्सेसिबल है।,2,0,1,0,0,1,0,0,1,1,मटीरियल इतना डिटेल्ड है कि समझ बनाने के लिए अलग-अलग लेवल के लर्नर्स के लिए भी एक्सेसिबल है।,[],0
1292,"मुझे लर्निंग मटीरियल प्रैक्टिकल और अच्छी तरह समझाया हुआ लगा, जिससे ज़रूरी कॉन्सेप्ट्स को मज़बूत करने में मदद मिली।",1,0,1,0,0,1,0,0,1,1,"मुझे लर्निंग मटीरियल प्रैक्टिकल और अच्छी तरह समझाया हुआ लगा, जिससे ज़रूरी कॉन्सेप्ट्स को मज़बूत करने में मदद मिली।",[],0
1293,लर्निंग मटीरियल का स्ट्रक्चर टॉपिक को दोबारा देखना और समय के साथ समझ को गहरा करना आसान बनाता है।,2,0,1,0,0,1,0,0,1,1,लर्निंग मटीरियल का स्ट्रक्चर टॉपिक को दोबारा देखना और समय के साथ समझ को गहरा करना आसान बनाता है।,[],0
1294,"एक्सप्लेनेशन साफ़ हैं और यह समझने के लिए काफ़ी कॉन्टेक्स्ट देते हैं कि चीज़ें न सिर्फ़ कैसे काम करती हैं, बल्कि क्यों भी।",1,0,1,0,0,1,0,0,1,1,"एक्सप्लेनेशन साफ़ हैं और यह समझने के लिए काफ़ी कॉन्टेक्स्ट देते हैं कि चीज़ें न सिर्फ़ कैसे काम करती हैं, बल्कि क्यों भी।",[],0
1295,लर्निंग मटीरियल धीरे-धीरे और कॉन्फिडेंस से सीखने में मदद करने के लिए सोच-समझकर डिज़ाइन किया गया लगता है।,2,0,1,0,0,1,0,0,1,1,लर्निंग मटीरियल धीरे-धीरे और कॉन्फिडेंस से सीखने में मदद करने के लिए सोच-समझकर डिज़ाइन किया गया लगता है।,[],0
1296,मुझे यह अच्छा लगा कि कैसे कोर्स मटीरियल सीखने वाले को बेसिक आइडिया से लेकर ज़्यादा एडवांस्ड कॉन्सेप्ट तक आसानी से गाइड करता है।,2,0,1,0,0,1,0,0,1,1,मुझे यह अच्छा लगा कि कैसे कोर्स मटीरियल सीखने वाले को बेसिक आइडिया से लेकर ज़्यादा एडवांस्ड कॉन्सेप्ट तक आसानी से गाइड करता है।,[],0
1297,लर्निंग मटीरियल की गहराई ने मुझे भरोसा दिलाया कि मैं एक मज़बूत नींव बना रहा हूँ।,2,0,1,0,0,1,0,0,1,1,लर्निंग मटीरियल की गहराई ने मुझे भरोसा दिलाया कि मैं एक मज़बूत नींव बना रहा हूँ।,[],0
1298,"मैं एक्सप्लेनेशन की क्लैरिटी की तारीफ़ करता हूँ, जिससे सीखना ओवरव्हेल्मिंग होने के बजाय ऑर्गेनाइज़्ड लगा।",1,0,1,0,0,1,0,0,1,1,"मैं एक्सप्लेनेशन की क्लैरिटी की तारीफ़ करता हूँ, जिससे सीखना ओवरव्हेल्मिंग होने के बजाय ऑर्गेनाइज़्ड लगा।",[],0
1299,मटीरियल अच्छी रफ़्तार से है और आगे बढ़ने से पहले कॉन्सेप्ट्स को समझने का समय देता है।,2,0,1,0,0,1,0,0,1,1,मटीरियल अच्छी रफ़्तार से है और आगे बढ़ने से पहले कॉन्सेप्ट्स को समझने का समय देता है।,[],0
1300,मुझे लर्निंग कंटेंट दिलचस्प लगा और थ्योरी और एप्लीकेशन दोनों को समझने में मददगार लगा।,1,0,1,0,0,1,0,0,1,1,मुझे लर्निंग कंटेंट दिलचस्प लगा और थ्योरी और एप्लीकेशन दोनों को समझने में मददगार लगा।,[],0
1301,"जिस तरह से मटीरियल को बनाया गया है, वह लगातार सीखने और सोचने को बढ़ावा देता है।",2,0,1,0,0,1,0,0,1,1,"जिस तरह से मटीरियल को बनाया गया है, वह लगातार सीखने और सोचने को बढ़ावा देता है।",[],0
1302,"कोर्स का मटीरियल भरोसेमंद और अच्छी तरह से तैयार किया हुआ लगता है, जिससे सीखने की प्रक्रिया में भरोसा बढ़ता है।",2,0,1,0,0,1,0,0,1,1,"कोर्स का मटीरियल भरोसेमंद और अच्छी तरह से तैयार किया हुआ लगता है, जिससे सीखने की प्रक्रिया में भरोसा बढ़ता है।",[],0
1303,मुझे यह पसंद आया कि एक्सप्लेनेशन बिना किसी फालतू मुश्किल के डिटेल में दिए गए थे।,1,0,1,0,0,1,0,0,1,1,मुझे यह पसंद आया कि एक्सप्लेनेशन बिना किसी फालतू मुश्किल के डिटेल में दिए गए थे।,[],0
1304,लर्निंग मटीरियल ने मुझे कॉन्सेप्ट्स को लॉजिकली और मीनिंगफुली जोड़ने में मदद की।,2,0,1,0,0,1,0,0,1,1,लर्निंग मटीरियल ने मुझे कॉन्सेप्ट्स को लॉजिकली और मीनिंगफुली जोड़ने में मदद की।,[],0
1305,"कुल मिलाकर, कंटेंट साफ़ है और सीखने के अच्छे अनुभव को सपोर्ट करता है।",2,0,1,0,0,1,0,0,1,1,"कुल मिलाकर, कंटेंट साफ़ है और सीखने के अच्छे अनुभव को सपोर्ट करता है।",[],0
1306,यह मटीरियल क्लैरिटी और फोकस बनाए रखते हुए कई तरह के टॉपिक कवर करता है ।,2,0,1,0,0,1,0,0,1,1,यह मटीरियल क्लैरिटी और फोकस बनाए रखते हुए कई तरह के टॉपिक कवर करता है ।,[],0
1307,मैं लर्निंग कंटेंट को प्रैक्टिकल और आसान तरीके से ऑर्गनाइज़ करने की कोशिश की तारीफ़ करता हूँ।,2,0,1,0,0,1,0,0,1,1,मैं लर्निंग कंटेंट को प्रैक्टिकल और आसान तरीके से ऑर्गनाइज़ करने की कोशिश की तारीफ़ करता हूँ।,[],0
1308,ये एक्सप्लेनेशन मददगार जानकारी देते हैं जो ऊपरी तौर पर सीखने से आगे बढ़कर समझ को और गहरा करते हैं।,1,0,1,0,0,1,0,0,1,1,ये एक्सप्लेनेशन मददगार जानकारी देते हैं जो ऊपरी तौर पर सीखने से आगे बढ़कर समझ को और गहरा करते हैं।,[],0
1309,लर्निंग मटीरियल पूरा लगता है और खुद से पढ़ने और रिव्यू करने में मदद करता है।,2,0,1,0,0,1,0,0,1,1,लर्निंग मटीरियल पूरा लगता है और खुद से पढ़ने और रिव्यू करने में मदद करता है।,[],0
1310,"मुझे स्ट्रक्चर्ड अप्रोच पसंद आया, जिससे सीखना मैनेजेबल और फायदेमंद लगा।",2,0,0,0,0,1,0,0,1,1,"मुझे स्ट्रक्चर्ड अप्रोच पसंद आया, जिससे सीखना मैनेजेबल और फायदेमंद लगा।",[],0
1311,कोर्स मटीरियल कॉन्सेप्ट्स को साफ़-साफ़ समझाता है और उदाहरणों के ज़रिए उन्हें असरदार तरीके से मज़बूत करता है।,1,0,0,0,0,1,0,0,1,1,कोर्स मटीरियल कॉन्सेप्ट्स को साफ़-साफ़ समझाता है और उदाहरणों के ज़रिए उन्हें असरदार तरीके से मज़बूत करता है।,[],0
1312,मुझे यह एक्सप्लेनेशन लंबे समय की समझ बनाने के लिए पूरी और उपयोगी लगी।,1,0,0,0,0,1,0,0,1,1,मुझे यह एक्सप्लेनेशन लंबे समय की समझ बनाने के लिए पूरी और उपयोगी लगी।,[],0
1313,"कोर्स मटीरियल में गहराई और क्लैरिटी का अच्छा बैलेंस है, जिससे यह बिगिनर्स और ज़्यादा एक्सपीरियंस्ड लर्नर्स, दोनों के लिए सही है।",2,0,0,0,0,1,0,0,1,1,"कोर्स मटीरियल में गहराई और क्लैरिटी का अच्छा बैलेंस है, जिससे यह बिगिनर्स और ज़्यादा एक्सपीरियंस्ड लर्नर्स, दोनों के लिए सही है।",[],0
1314,मुझे यह पसंद है कि सीखने की सामग्री को मैनेज करने लायक हिस्सों में बांटा गया है जो एक-दूसरे पर आधारित हैं।,2,0,0,0,0,1,0,0,1,1,मुझे यह पसंद है कि सीखने की सामग्री को मैनेज करने लायक हिस्सों में बांटा गया है जो एक-दूसरे पर आधारित हैं।,[],0
1315,"एक्सप्लेनेशन से मुझे सिर्फ़ फ़ाइनल आउटकम ही नहीं, बल्कि कॉन्सेप्ट्स के पीछे की रीज़निंग समझने में मदद मिली।",1,0,0,0,0,1,0,0,1,1,"एक्सप्लेनेशन से मुझे सिर्फ़ फ़ाइनल आउटकम ही नहीं, बल्कि कॉन्सेप्ट्स के पीछे की रीज़निंग समझने में मदद मिली।",[],0
1316,यह मटीरियल अच्छे से सीखने में मदद करने के लिए ध्यान से बनाया गया लगता है।,2,0,0,0,0,1,0,0,1,1,यह मटीरियल अच्छे से सीखने में मदद करने के लिए ध्यान से बनाया गया लगता है।,[],0
1317,"मुझे कंटेंट का लॉजिकल फ्लो पसंद आया, जिससे सीखना आसान लगा।",2,0,0,0,0,1,0,0,1,1,"मुझे कंटेंट का लॉजिकल फ्लो पसंद आया, जिससे सीखना आसान लगा।",[],0
1318,एक्सप्लेनेशन से क्लैरिटी मिलती है और मुश्किल टॉपिक को हल करते समय कन्फ्यूजन कम करने में मदद मिलती है।,1,0,0,0,0,1,0,0,1,1,एक्सप्लेनेशन से क्लैरिटी मिलती है और मुश्किल टॉपिक को हल करते समय कन्फ्यूजन कम करने में मदद मिलती है।,[],0
1319,मुझे कोर्स का मटीरियल समझने में आसान और जानकारी बढ़ाने के लिए उपयोगी लगा।,2,0,0,0,0,1,0,0,1,1,मुझे कोर्स का मटीरियल समझने में आसान और जानकारी बढ़ाने के लिए उपयोगी लगा।,[],0
1320,सीखने का कंटेंट लगातार तरक्की में मदद करता है और समय के साथ कॉन्फिडेंस बढ़ाता है।,2,0,0,0,0,1,0,0,1,1,सीखने का कंटेंट लगातार तरक्की में मदद करता है और समय के साथ कॉन्फिडेंस बढ़ाता है।,[],0
1321,मटीरियल को इस तरह से दिखाया गया है कि वह आसान और मोटिवेटिंग लगे।,2,0,0,0,0,1,0,0,1,1,मटीरियल को इस तरह से दिखाया गया है कि वह आसान और मोटिवेटिंग लगे।,[],0
1322,मुझे यह पसंद आया कि कैसे लर्निंग मटीरियल अलग-अलग कॉन्सेप्ट को एक साथ जोड़ता है।,2,0,0,0,0,1,0,0,1,1,मुझे यह पसंद आया कि कैसे लर्निंग मटीरियल अलग-अलग कॉन्सेप्ट को एक साथ जोड़ता है।,[],0
1323,एक्सप्लेनेशन साफ़ हैं और सब्जेक्ट को अच्छी तरह समझने के लिए काफ़ी डिटेल देते हैं।,1,0,0,0,0,1,0,0,1,1,एक्सप्लेनेशन साफ़ हैं और सब्जेक्ट को अच्छी तरह समझने के लिए काफ़ी डिटेल देते हैं।,[],0
1324,कोर्स मटीरियल सीखने वालों को फोकस्ड और ऑर्गनाइज़्ड रहने में मदद करता है।,2,0,0,0,0,1,0,0,1,1,कोर्स मटीरियल सीखने वालों को फोकस्ड और ऑर्गनाइज़्ड रहने में मदद करता है।,[],0
1325,"मैं कंटेंट की गहराई की तारीफ़ करता हूँ, जिससे इसे और अच्छी तरह समझने में मदद मिलती है।",2,0,0,0,0,1,0,0,1,1,"मैं कंटेंट की गहराई की तारीफ़ करता हूँ, जिससे इसे और अच्छी तरह समझने में मदद मिलती है।",[],0
1326,लर्निंग मटीरियल अच्छी तरह से बनाया गया है और अच्छी पढ़ाई की आदतों को सपोर्ट करता है।,2,0,0,0,0,1,0,0,1,1,लर्निंग मटीरियल अच्छी तरह से बनाया गया है और अच्छी पढ़ाई की आदतों को सपोर्ट करता है।,[],0
1327,मुझे एक्सप्लेनेशन दिलचस्प और मुश्किल आइडिया को समझने में मददगार लगे।,1,0,0,0,0,1,0,0,1,1,मुझे एक्सप्लेनेशन दिलचस्प और मुश्किल आइडिया को समझने में मददगार लगे।,[],0
1328,कोर्स का कंटेंट सोच-समझकर प्लान किया गया और काम का लगता है।,2,0,0,0,0,1,0,0,1,1,कोर्स का कंटेंट सोच-समझकर प्लान किया गया और काम का लगता है।,[],0
1329,मुझे यह देखकर अच्छा लगा कि कैसे एक्सप्लेनेशन धीरे-धीरे बिना अचानक लगे गहराई में बढ़ते जाते हैं।,1,0,0,0,0,1,0,0,1,1,मुझे यह देखकर अच्छा लगा कि कैसे एक्सप्लेनेशन धीरे-धीरे बिना अचानक लगे गहराई में बढ़ते जाते हैं।,[],0
1330,मटीरियल का स्ट्रक्चर इसे फॉलो करना और मोटिवेटेड रहना आसान बनाता है।,2,0,0,0,0,1,0,0,1,1,मटीरियल का स्ट्रक्चर इसे फॉलो करना और मोटिवेटेड रहना आसान बनाता है।,[],0
1331,लर्निंग मटीरियल एक मज़बूत बेस देता है और आगे एक्सप्लोरेशन को बढ़ावा देता है।,2,0,0,0,0,1,0,0,1,1,लर्निंग मटीरियल एक मज़बूत बेस देता है और आगे एक्सप्लोरेशन को बढ़ावा देता है।,[],0
1332,मुझे एक्सप्लेनेशन उन कॉन्सेप्ट्स को क्लियर करने में मददगार लगे जो शुरू में कन्फ्यूजिंग लग रहे थे।,1,0,0,0,0,1,0,0,1,1,मुझे एक्सप्लेनेशन उन कॉन्सेप्ट्स को क्लियर करने में मददगार लगे जो शुरू में कन्फ्यूजिंग लग रहे थे।,[],0
1333,कंटेंट डिटेल्ड है लेकिन फिर भी इसे फॉलो करना आसान है।,2,0,0,0,0,1,0,0,1,1,कंटेंट डिटेल्ड है लेकिन फिर भी इसे फॉलो करना आसान है।,[],0
1334,"जिस तरह से मटीरियल को ऑर्गनाइज़ किया गया है, उससे सीखने में नैचुरली मदद मिलती है।",2,0,0,0,0,1,0,0,1,1,"जिस तरह से मटीरियल को ऑर्गनाइज़ किया गया है, उससे सीखने में नैचुरली मदद मिलती है।",[],0
1335,मुझे लर्निंग कंटेंट की क्लैरिटी और कंसिस्टेंसी पसंद आई।,2,0,0,0,0,1,0,0,1,1,मुझे लर्निंग कंटेंट की क्लैरिटी और कंसिस्टेंसी पसंद आई।,[],0
1336,एक्सप्लेनेशन भरोसेमंद और अच्छी तरह से सोचे-समझे लगते हैं।,1,0,0,0,0,1,0,0,1,1,एक्सप्लेनेशन भरोसेमंद और अच्छी तरह से सोचे-समझे लगते हैं।,[],0
1337,मुझे यह अच्छा लगा कि कैसे कोर्स का कंटेंट साफ़-साफ़ समझाकर कॉन्फिडेंस बढ़ाता है।,2,0,0,0,0,1,0,0,1,1,मुझे यह अच्छा लगा कि कैसे कोर्स का कंटेंट साफ़-साफ़ समझाकर कॉन्फिडेंस बढ़ाता है।,[],0
1338,मटीरियल का स्ट्रक्चर टॉपिक को दोबारा देखना आसान बनाता है।,2,0,0,0,0,1,0,0,1,1,मटीरियल का स्ट्रक्चर टॉपिक को दोबारा देखना आसान बनाता है।,[],0
1339,लर्निंग कंटेंट मकसद वाला और लर्निंग गोल्स के साथ अच्छी तरह से जुड़ा हुआ लगता है।,2,0,0,0,0,1,0,0,1,1,लर्निंग कंटेंट मकसद वाला और लर्निंग गोल्स के साथ अच्छी तरह से जुड़ा हुआ लगता है।,[],0
1340,मुझे कोर्स का मटीरियल जानकारी देने वाला और खास आइडिया समझने में मददगार लगा।,2,0,0,0,0,1,0,0,1,1,मुझे कोर्स का मटीरियल जानकारी देने वाला और खास आइडिया समझने में मददगार लगा।,[],0
1341,एक्सप्लेनेशन साफ़ हैं और सीखने वाले आराम से समझ सकते हैं।,1,0,0,0,0,1,0,0,1,1,एक्सप्लेनेशन साफ़ हैं और सीखने वाले आराम से समझ सकते हैं।,[],0
1342,लर्निंग मटीरियल काम का कॉन्टेक्स्ट देता है जो समझ को बढ़ाता है।,2,0,0,0,0,1,0,0,1,1,लर्निंग मटीरियल काम का कॉन्टेक्स्ट देता है जो समझ को बढ़ाता है।,[],0
1343,मैं इस बात की तारीफ़ करता हूँ कि कैसे कंटेंट बिना जल्दबाज़ी के धीरे-धीरे सीखने में मदद करता है।,2,0,0,0,0,1,0,0,1,1,मैं इस बात की तारीफ़ करता हूँ कि कैसे कंटेंट बिना जल्दबाज़ी के धीरे-धीरे सीखने में मदद करता है।,[],0
1344,कोर्स मटीरियल मुश्किल टॉपिक को अच्छे से समझाने में मदद करता है।,1,0,0,0,0,1,0,0,1,1,कोर्स मटीरियल मुश्किल टॉपिक को अच्छे से समझाने में मदद करता है।,[],0
1345,लर्निंग मटीरियल अच्छी तरह से दिखाया गया है और नेविगेट करना आसान है।,2,0,0,0,0,1,0,0,1,1,लर्निंग मटीरियल अच्छी तरह से दिखाया गया है और नेविगेट करना आसान है।,[],0
1346,मुझे कंटेंट का सोच-समझकर ऑर्गनाइज़ेशन पसंद आया।,2,0,0,0,0,1,0,0,1,1,मुझे कंटेंट का सोच-समझकर ऑर्गनाइज़ेशन पसंद आया।,[],0
1347,लर्निंग मटीरियल एक पॉज़िटिव और दिलचस्प पढ़ाई के अनुभव को सपोर्ट करता है।,2,0,0,0,0,1,0,0,1,1,लर्निंग मटीरियल एक पॉज़िटिव और दिलचस्प पढ़ाई के अनुभव को सपोर्ट करता है।,[],0
1348,मुझे कोर्स का कंटेंट बेसिक कॉन्सेप्ट को मज़बूत करने में मददगार लगा।,2,0,0,0,0,1,0,0,1,1,मुझे कोर्स का कंटेंट बेसिक कॉन्सेप्ट को मज़बूत करने में मददगार लगा।,[],0
1349,यह मटीरियल ऊपरी तौर पर याद करने के बजाय गहरी समझ को बढ़ावा देता है।,2,0,0,0,0,1,0,0,1,1,यह मटीरियल ऊपरी तौर पर याद करने के बजाय गहरी समझ को बढ़ावा देता है।,[],0
1350,मुझे अच्छा लगा कि कैसे एक्सप्लेनेशन थ्योरी को प्रैक्टिकल समझ से जोड़ते हैं।,1,0,0,0,0,1,0,0,1,1,मुझे अच्छा लगा कि कैसे एक्सप्लेनेशन थ्योरी को प्रैक्टिकल समझ से जोड़ते हैं।,[],0
1351,सीखने का मटीरियल समझने में मदद के लिए ध्यान से डिज़ाइन किया गया लगता है।,2,0,0,0,0,1,0,0,1,1,सीखने का मटीरियल समझने में मदद के लिए ध्यान से डिज़ाइन किया गया लगता है।,[],0
1352,कोर्स का कंटेंट साफ़ है और लंबे समय तक सीखने में मदद करता है।,2,0,0,0,0,1,0,0,1,1,कोर्स का कंटेंट साफ़ है और लंबे समय तक सीखने में मदद करता है।,[],0
1353,मुझे यह पसंद आया कि मटीरियल लॉजिकल तरीके से कैसे सामने आता है।,2,0,0,0,0,1,0,0,1,1,मुझे यह पसंद आया कि मटीरियल लॉजिकल तरीके से कैसे सामने आता है।,[],0
1354,एक्सप्लेनेशन में इतनी गहराई है कि यह मतलब का लगता है।,1,0,0,0,0,1,0,0,1,1,एक्सप्लेनेशन में इतनी गहराई है कि यह मतलब का लगता है।,[],0
1355,कोर्स मटीरियल पूरे समय एंगेजमेंट बनाए रखने में मदद करता है।,2,0,0,0,0,1,0,0,1,1,कोर्स मटीरियल पूरे समय एंगेजमेंट बनाए रखने में मदद करता है।,[],0
1356,मुझे लर्निंग कंटेंट का स्ट्रक्चर्ड प्रोग्रेस पसंद आया।,2,0,0,0,0,1,0,0,1,1,मुझे लर्निंग कंटेंट का स्ट्रक्चर्ड प्रोग्रेस पसंद आया।,[],0
1357,लर्निंग मटीरियल समय के साथ लगातार सुधार में मदद करता है।,2,0,0,0,0,1,0,0,1,1,लर्निंग मटीरियल समय के साथ लगातार सुधार में मदद करता है।,[],0
1358,मुझे एक्सप्लेनेशन साफ़ और भरोसा दिलाने वाले लगे ।,1,0,0,0,0,1,0,0,1,1,मुझे एक्सप्लेनेशन साफ़ और भरोसा दिलाने वाले लगे ।,[],0
1359,कंटेंट सीखने के मकसद के साथ अच्छी तरह से जुड़ा हुआ लगता है।,2,0,0,0,0,1,0,0,1,1,कंटेंट सीखने के मकसद के साथ अच्छी तरह से जुड़ा हुआ लगता है।,[],0
1360,सीखने की सामग्री आत्मविश्वास और जिज्ञासा को बढ़ावा देती है।,2,0,0,0,0,1,0,0,1,1,सीखने की सामग्री आत्मविश्वास और जिज्ञासा को बढ़ावा देती है।,[],0
1361,मुझे यह पसंद आया कि कंटेंट को साफ़ और लॉजिकल तरीके से कैसे पेश किया गया है।,2,0,0,0,0,1,0,0,1,1,मुझे यह पसंद आया कि कंटेंट को साफ़ और लॉजिकल तरीके से कैसे पेश किया गया है।,[],0
1362,एक्सप्लेनेशन से सीखने में आसानी होती है।,1,0,0,0,0,1,0,0,1,1,एक्सप्लेनेशन से सीखने में आसानी होती है।,[],0
1363,कोर्स का मटीरियल जानकारी देने वाला और सोच-समझकर डिज़ाइन किया गया है।,2,0,0,0,0,1,0,0,1,1,कोर्स का मटीरियल जानकारी देने वाला और सोच-समझकर डिज़ाइन किया गया है।,[],0
1364,मुझे अच्छा लगा कि कैसे लर्निंग मटीरियल इंडिपेंडेंट स्टडी में मदद करता है।,2,0,0,0,0,1,0,0,1,1,मुझे अच्छा लगा कि कैसे लर्निंग मटीरियल इंडिपेंडेंट स्टडी में मदद करता है।,[],0
1365,कंटेंट का स्ट्रक्चर सीखने को ज़्यादा असरदार बनाता है।,2,0,0,0,0,1,0,0,1,1,कंटेंट का स्ट्रक्चर सीखने को ज़्यादा असरदार बनाता है।,[],0
1366,एक्सप्लेनेशन साफ़ हैं और समझने में मदद करते हैं।,1,0,0,0,0,1,0,0,1,1,एक्सप्लेनेशन साफ़ हैं और समझने में मदद करते हैं।,[],0
1367,लर्निंग मटीरियल एक पॉजिटिव लर्निंग माइंडसेट को सपोर्ट करता है।,2,0,0,0,0,1,0,0,1,1,लर्निंग मटीरियल एक पॉजिटिव लर्निंग माइंडसेट को सपोर्ट करता है।,[],0
1368,मुझे कंटेंट दिलचस्प और नेविगेट करने में आसान लगा।,2,0,0,0,0,1,0,0,1,1,मुझे कंटेंट दिलचस्प और नेविगेट करने में आसान लगा।,[],0
1369,कोर्स का मटीरियल पूरा और भरोसेमंद लगता है।,2,0,0,0,0,1,0,0,1,1,कोर्स का मटीरियल पूरा और भरोसेमंद लगता है।,[],0
1370,लर्निंग मटीरियल आगे की पढ़ाई के लिए एक मज़बूत आधार देता है।,2,0,0,0,0,1,0,0,1,1,लर्निंग मटीरियल आगे की पढ़ाई के लिए एक मज़बूत आधार देता है।,[],0
1371,मुझे एक्सप्लेनेशन की क्लैरिटी और डेप्थ पसंद आई।,1,0,0,0,0,1,0,0,1,1,मुझे एक्सप्लेनेशन की क्लैरिटी और डेप्थ पसंद आई।,[],0
1372,यह कंटेंट जल्दी याद करने के बजाय मतलब समझने में मदद करता है।,2,0,0,0,0,1,0,0,1,1,यह कंटेंट जल्दी याद करने के बजाय मतलब समझने में मदद करता है।,[],0
1373,लर्निंग मटीरियल अच्छी तरह से ऑर्गनाइज़्ड और सपोर्टिव लगता है।,2,0,0,0,0,1,0,0,1,1,लर्निंग मटीरियल अच्छी तरह से ऑर्गनाइज़्ड और सपोर्टिव लगता है।,[],0
1374,मुझे अच्छा लगा कि कैसे एक्सप्लेनेशन मुश्किल टॉपिक को क्लियर करते हैं।,1,0,0,0,0,1,0,0,1,1,मुझे अच्छा लगा कि कैसे एक्सप्लेनेशन मुश्किल टॉपिक को क्लियर करते हैं।,[],0
1375,कोर्स का कंटेंट धीरे-धीरे कॉन्फिडेंस बनाने में मदद करता है।,2,0,0,0,0,1,0,0,1,1,कोर्स का कंटेंट धीरे-धीरे कॉन्फिडेंस बनाने में मदद करता है।,[],0
1376,लर्निंग मटीरियल सोच-समझकर जुड़ने को बढ़ावा देता है।,2,0,0,0,0,1,0,0,1,1,लर्निंग मटीरियल सोच-समझकर जुड़ने को बढ़ावा देता है।,[],0
1377,मुझे एक्सप्लेनेशन मददगार और जानकारी देने वाले लगे।,1,0,0,0,0,1,0,0,1,1,मुझे एक्सप्लेनेशन मददगार और जानकारी देने वाले लगे।,[],0
1378,मटीरियल का स्ट्रक्चर असरदार लर्निंग में मदद करता है।,2,0,0,0,0,1,0,0,1,1,मटीरियल का स्ट्रक्चर असरदार लर्निंग में मदद करता है।,[],0
1379,लर्निंग कंटेंट एक जैसा और अच्छी तरह से प्लान किया हुआ लगता है।,2,0,0,0,0,1,0,0,1,1,लर्निंग कंटेंट एक जैसा और अच्छी तरह से प्लान किया हुआ लगता है।,[],0
1380,लर्निंग मटीरियल समझने में आसान और जानकारी देने वाला है।,2,0,0,0,0,1,0,0,1,1,लर्निंग मटीरियल समझने में आसान और जानकारी देने वाला है।,[],0
1381,मुझे कंटेंट का लॉजिकल फ्लो पसंद आया।,2,0,0,0,0,1,0,0,1,1,मुझे कंटेंट का लॉजिकल फ्लो पसंद आया।,[],0
1382,एक्सप्लेनेशन से क्लैरिटी और काम का कॉन्टेक्स्ट मिलता है.,1,0,0,0,0,1,0,0,1,1,एक्सप्लेनेशन से क्लैरिटी और काम का कॉन्टेक्स्ट मिलता है.,[],0
1383,कोर्स मटीरियल सीखने वालों को फोकस्ड और एंगेज्ड रहने में मदद करता है।,2,0,0,0,0,1,0,0,1,1,कोर्स मटीरियल सीखने वालों को फोकस्ड और एंगेज्ड रहने में मदद करता है।,[],0
1384,मुझे यह देखकर अच्छा लगा कि कैसे लर्निंग मटीरियल समय के साथ समझ बनाता है।,2,0,0,0,0,1,0,0,1,1,मुझे यह देखकर अच्छा लगा कि कैसे लर्निंग मटीरियल समय के साथ समझ बनाता है।,[],0
1385,कंटेंट सोच-समझकर अरेंज किया गया और आसानी से मिलने वाला लगता है।,2,0,0,0,0,1,0,0,1,1,कंटेंट सोच-समझकर अरेंज किया गया और आसानी से मिलने वाला लगता है।,[],0
1386,लर्निंग मटीरियल कॉन्फिडेंस और क्यूरियोसिटी को सपोर्ट करता है।,2,0,0,0,0,1,0,0,1,1,लर्निंग मटीरियल कॉन्फिडेंस और क्यूरियोसिटी को सपोर्ट करता है।,[],0
1387,मुझे एक्सप्लेनेशन साफ़ और हेल्पफ़ुल लगे।,1,0,0,0,0,1,0,0,1,1,मुझे एक्सप्लेनेशन साफ़ और हेल्पफ़ुल लगे।,[],0
1388,कोर्स का कंटेंट भरोसेमंद और अच्छी तरह से बना हुआ लगता है।,2,0,0,0,0,1,0,0,1,1,कोर्स का कंटेंट भरोसेमंद और अच्छी तरह से बना हुआ लगता है।,[],0
1389,लर्निंग मटीरियल एक आसान लर्निंग एक्सपीरियंस में मदद करता है।,2,0,0,0,0,1,0,0,1,1,लर्निंग मटीरियल एक आसान लर्निंग एक्सपीरियंस में मदद करता है।,[],0
1390,लर्निंग मटीरियल टॉपिक्स को गहराई से कवर करते हुए क्लैरिटी देता है।,2,0,0,0,0,1,0,0,1,1,लर्निंग मटीरियल टॉपिक्स को गहराई से कवर करते हुए क्लैरिटी देता है।,[],0
1391,मुझे अच्छा लगा कि कैसे एक्सप्लेनेशन गहरी समझ को बढ़ावा देते हैं।,1,0,0,0,0,1,0,0,1,1,मुझे अच्छा लगा कि कैसे एक्सप्लेनेशन गहरी समझ को बढ़ावा देते हैं।,[],0
1392,यह कंटेंट लगातार सीखने में मदद करता है।,2,0,0,0,0,1,0,0,1,1,यह कंटेंट लगातार सीखने में मदद करता है।,[],0
1393,सीखने का मटीरियल प्रैक्टिकल और जानकारी देने वाला लगता है।,2,0,0,0,0,1,0,0,1,1,सीखने का मटीरियल प्रैक्टिकल और जानकारी देने वाला लगता है।,[],0
1394,मुझे यह पसंद आया कि मटीरियल को क्लैरिटी के लिए कैसे स्ट्रक्चर किया गया है।,2,0,0,0,0,1,0,0,1,1,मुझे यह पसंद आया कि मटीरियल को क्लैरिटी के लिए कैसे स्ट्रक्चर किया गया है।,[],0
1395,एक्सप्लेनेशन से सीखना मैनेजेबल और एंगेजिंग लगता है।,1,0,0,0,0,1,0,0,1,1,एक्सप्लेनेशन से सीखना मैनेजेबल और एंगेजिंग लगता है।,[],0
1396,कोर्स मटीरियल सोच-समझकर सीखने में मदद करता है।,2,0,0,0,0,1,0,0,1,1,कोर्स मटीरियल सोच-समझकर सीखने में मदद करता है।,[],0
1397,मुझे लर्निंग कंटेंट साफ़ और काम का लगा।,2,0,0,0,0,1,0,0,1,1,मुझे लर्निंग कंटेंट साफ़ और काम का लगा।,[],0
1398,मटीरियल का स्ट्रक्चर सीखने को बेहतर बनाता है।,2,0,0,0,0,1,0,0,1,1,मटीरियल का स्ट्रक्चर सीखने को बेहतर बनाता है।,[],0
1399,ये एक्सप्लेनेशन खास कॉन्सेप्ट्स के बारे में मददगार जानकारी देते हैं।,1,0,0,0,0,1,0,0,1,1,ये एक्सप्लेनेशन खास कॉन्सेप्ट्स के बारे में मददगार जानकारी देते हैं।,[],0
1400,लर्निंग मटीरियल कॉन्फिडेंस और लगातार सुधार में मदद करता है।,2,0,0,0,0,1,0,0,1,1,लर्निंग मटीरियल कॉन्फिडेंस और लगातार सुधार में मदद करता है।,[],0
1401,मुझे कंटेंट की क्लैरिटी और ऑर्गनाइज़ेशन पसंद आया।,2,0,0,0,0,1,0,0,1,1,मुझे कंटेंट की क्लैरिटी और ऑर्गनाइज़ेशन पसंद आया।,[],0
1402,एक्सप्लेनेशन से लर्नर्स को एंगेज्ड और मोटिवेटेड रहने में मदद मिलती है।,1,0,0,0,0,1,0,0,1,1,एक्सप्लेनेशन से लर्नर्स को एंगेज्ड और मोटिवेटेड रहने में मदद मिलती है।,[],0
1403,कोर्स का मटीरियल अच्छी तरह से डेवलप किया हुआ और आसानी से मिलने वाला लगता है।,2,0,0,0,0,1,0,0,1,1,कोर्स का मटीरियल अच्छी तरह से डेवलप किया हुआ और आसानी से मिलने वाला लगता है।,[],0
1404,मुझे यह देखकर अच्छा लगा कि कैसे लर्निंग मटीरियल धीरे-धीरे समझ बनाता है।,2,0,0,0,0,1,0,0,1,1,मुझे यह देखकर अच्छा लगा कि कैसे लर्निंग मटीरियल धीरे-धीरे समझ बनाता है।,[],0
1405,"लर्निंग मटीरियल खराब तरीके से बना हुआ और पुराना लगता है, जिससे कॉन्सेप्ट को आसानी से समझना मुश्किल हो जाता है और कोर्स में मेरा पूरा कॉन्फिडेंस कम हो जाता है।",2,0,0,0,0,0,1,0,0,0,"लर्निंग मटीरियल खराब तरीके से बना हुआ और पुराना लगता है, जिससे कॉन्सेप्ट को आसानी से समझना मुश्किल हो जाता है और कोर्स में मेरा पूरा कॉन्फिडेंस कम हो जाता है।",[],0
1406,"मुझे कई बार एक्सप्लेनेशन कन्फ्यूजिंग लगे, क्योंकि लर्निंग मटीरियल में ज़रूरी डिटेल्स छोड़ दी गई थीं या वे साफ तौर पर जुड़ी नहीं थीं।",1,0,0,0,0,0,1,0,0,0,"मुझे कई बार एक्सप्लेनेशन कन्फ्यूजिंग लगे, क्योंकि लर्निंग मटीरियल में ज़रूरी डिटेल्स छोड़ दी गई थीं या वे साफ तौर पर जुड़ी नहीं थीं।",[],0
1407,"कोर्स के कंटेंट में खास एरिया में काफ़ी गहराई नहीं है, जिससे मुझे लर्निंग मटीरियल से अच्छा नहीं लगा .",2,0,0,0,0,0,1,0,0,0,"कोर्स के कंटेंट में खास एरिया में काफ़ी गहराई नहीं है, जिससे मुझे लर्निंग मटीरियल से अच्छा नहीं लगा .",[],0
1408,मुझे लर्निंग मटीरियल में दिक्कत हुई क्योंकि इसमें पहले से बहुत ज़्यादा जानकारी मान ली गई है और बेसिक बातें ठीक से नहीं समझाई गई हैं ।,2,0,0,0,0,0,1,0,0,0,मुझे लर्निंग मटीरियल में दिक्कत हुई क्योंकि इसमें पहले से बहुत ज़्यादा जानकारी मान ली गई है और बेसिक बातें ठीक से नहीं समझाई गई हैं ।,[],0
1409,"लर्निंग मटीरियल में एक्सप्लेनेशन अक्सर जल्दबाजी में दिए गए लगते हैं, जिससे कॉन्सेप्ट को पूरी तरह समझना मुश्किल हो जाता है।",1,0,0,0,0,0,1,0,0,0,"लर्निंग मटीरियल में एक्सप्लेनेशन अक्सर जल्दबाजी में दिए गए लगते हैं, जिससे कॉन्सेप्ट को पूरी तरह समझना मुश्किल हो जाता है।",[],0
1410,मुझे लर्निंग मटीरियल से निराशा हुई क्योंकि कई टॉपिक बिना ज़्यादा जानकारी या कॉन्टेक्स्ट के बताए गए थे।,2,1,0,0,0,0,1,0,0,0,मुझे लर्निंग मटीरियल से निराशा हुई क्योंकि कई टॉपिक बिना ज़्यादा जानकारी या कॉन्टेक्स्ट के बताए गए थे।,[],0
1411,"कोर्स मटीरियल की क्वालिटी एक जैसी नहीं लगती, जिससे सीखने का अनुभव कन्फ्यूजिंग और निराशाजनक हो गया ।",2,0,0,0,0,0,1,0,0,0,"कोर्स मटीरियल की क्वालिटी एक जैसी नहीं लगती, जिससे सीखने का अनुभव कन्फ्यूजिंग और निराशाजनक हो गया ।",[],0
1412,मुझे लर्निंग मटीरियल को समझने में मुश्किल हुई क्योंकि उसका स्ट्रक्चर साफ़ नहीं था और प्रैक्टिकल क्लैरिफिकेशन की कमी थी ।,2,1,0,0,0,0,0,0,0,0,मुझे लर्निंग मटीरियल को समझने में मुश्किल हुई क्योंकि उसका स्ट्रक्चर साफ़ नहीं था और प्रैक्टिकल क्लैरिफिकेशन की कमी थी ।,[],0
1413,"लर्निंग मटीरियल के कुछ सेक्शन अधूरे लगते हैं, जिससे समझने में ऐसी कमियां रह जाती हैं जिन्हें कभी ठीक से ठीक नहीं किया गया ।",2,0,0,0,0,0,1,0,0,0,"लर्निंग मटीरियल के कुछ सेक्शन अधूरे लगते हैं, जिससे समझने में ऐसी कमियां रह जाती हैं जिन्हें कभी ठीक से ठीक नहीं किया गया ।",[],0
1414,"एक्सप्लेनेशन थ्योरी पर बहुत ज़्यादा निर्भर करते हैं, जिससे लर्निंग मटीरियल अनबैलेंस्ड और अप्लाई करने में मुश्किल लगता है ।",1,0,0,0,0,0,1,0,0,0,"एक्सप्लेनेशन थ्योरी पर बहुत ज़्यादा निर्भर करते हैं, जिससे लर्निंग मटीरियल अनबैलेंस्ड और अप्लाई करने में मुश्किल लगता है ।",[],0
1415,मुझे लर्निंग मटीरियल से निराशा हुई क्योंकि ज़रूरी कॉन्सेप्ट्स को डिटेल में नहीं समझाया गया था ।,2,0,0,0,0,0,1,0,0,0,मुझे लर्निंग मटीरियल से निराशा हुई क्योंकि ज़रूरी कॉन्सेप्ट्स को डिटेल में नहीं समझाया गया था ।,[],0
1416,"जिस तरह से लर्निंग मटीरियल दिखाया जाता है, उससे फोकस्ड और मोटिवेटेड रहना मुश्किल हो जाता है।",2,0,0,0,0,0,1,0,0,0,"जिस तरह से लर्निंग मटीरियल दिखाया जाता है, उससे फोकस्ड और मोटिवेटेड रहना मुश्किल हो जाता है।",[],0
1417,मुझे कंटेंट फ्रस्ट्रेटिंग लगा क्योंकि लर्निंग मटीरियल बिना क्लियर ट्रांज़िशन के टॉपिक के बीच जंप करता रहता है ।,2,1,0,0,0,0,0,0,0,0,मुझे कंटेंट फ्रस्ट्रेटिंग लगा क्योंकि लर्निंग मटीरियल बिना क्लियर ट्रांज़िशन के टॉपिक के बीच जंप करता रहता है ।,[],0
1418,"लर्निंग मटीरियल बिगिनर्स को ठीक से सपोर्ट नहीं करता, जिससे पूरा एक्सपीरियंस निराशाजनक हो गया।",2,0,0,0,0,0,1,0,0,0,"लर्निंग मटीरियल बिगिनर्स को ठीक से सपोर्ट नहीं करता, जिससे पूरा एक्सपीरियंस निराशाजनक हो गया।",[],0
1419,लर्निंग मटीरियल पढ़ते समय मुझे अक्सर कन्फ्यूजन होता था क्योंकि उदाहरण या तो गायब होते थे या काफी नहीं होते थे।,2,0,0,0,0,0,1,0,0,0,लर्निंग मटीरियल पढ़ते समय मुझे अक्सर कन्फ्यूजन होता था क्योंकि उदाहरण या तो गायब होते थे या काफी नहीं होते थे।,[],0
1420,"कोर्स का कंटेंट बिखरा हुआ लगता है, जिससे लर्निंग मटीरियल को समझने की कोशिश करते समय बेवजह कन्फ्यूजन होता है।",2,0,0,0,0,0,1,0,0,0,"कोर्स का कंटेंट बिखरा हुआ लगता है, जिससे लर्निंग मटीरियल को समझने की कोशिश करते समय बेवजह कन्फ्यूजन होता है।",[],0
1421,मैं लर्निंग मटीरियल से निराश था क्योंकि इसमें ज़्यादा मुश्किल कॉन्सेप्ट्स के लिए साफ़ एक्सप्लेनेशन नहीं थे ।,1,0,0,0,0,0,1,0,0,0,मैं लर्निंग मटीरियल से निराश था क्योंकि इसमें ज़्यादा मुश्किल कॉन्सेप्ट्स के लिए साफ़ एक्सप्लेनेशन नहीं थे ।,[],0
1422,"कभी-कभी एक्सप्लेनेशन ऊपरी लगते हैं, जिससे लर्निंग मटीरियल उम्मीद से कम मददगार हो जाता है।",1,0,0,0,0,0,1,0,0,0,"कभी-कभी एक्सप्लेनेशन ऊपरी लगते हैं, जिससे लर्निंग मटीरियल उम्मीद से कम मददगार हो जाता है।",[],0
1423,मुझे लर्निंग मटीरियल फ्रस्ट्रेटिंग लगा क्योंकि इसमें खास आइडिया के पीछे का रीज़निंग साफ़-साफ़ नहीं बताया गया है ।,1,1,0,0,0,0,1,0,0,0,मुझे लर्निंग मटीरियल फ्रस्ट्रेटिंग लगा क्योंकि इसमें खास आइडिया के पीछे का रीज़निंग साफ़-साफ़ नहीं बताया गया है ।,[],0
1424,मुझे लर्निंग मटीरियल से अच्छा नहीं लगा क्योंकि यह अलग-अलग सेक्शन में कॉन्सेप्ट को साफ़ तौर पर नहीं जोड़ता है।,2,0,0,0,0,0,1,0,0,0,मुझे लर्निंग मटीरियल से अच्छा नहीं लगा क्योंकि यह अलग-अलग सेक्शन में कॉन्सेप्ट को साफ़ तौर पर नहीं जोड़ता है।,[],0
1425,कोर्स का कंटेंट उम्मीद से कम मददगार लगता है क्योंकि लर्निंग मटीरियल में क्लैरिटी और डेप्थ की कमी है।,2,0,0,0,0,0,1,0,0,0,कोर्स का कंटेंट उम्मीद से कम मददगार लगता है क्योंकि लर्निंग मटीरियल में क्लैरिटी और डेप्थ की कमी है।,[],0
1426,"कुल मिलाकर, लर्निंग मटीरियल कन्फ्यूजिंग और ठीक से समझाया नहीं गया लगता है, जिससे मेरे लर्निंग एक्सपीरियंस पर बुरा असर पड़ा।",2,0,0,0,0,0,1,0,0,0,"कुल मिलाकर, लर्निंग मटीरियल कन्फ्यूजिंग और ठीक से समझाया नहीं गया लगता है, जिससे मेरे लर्निंग एक्सपीरियंस पर बुरा असर पड़ा।",[],0
1427,"लर्निंग मटीरियल थ्योरी और एक्सप्लेनेशन के बीच बैलेंस्ड लगता है, बिना किसी एक तरफ़ ज़्यादा झुके।",2,0,0,0,0,1,0,0,1,1,"लर्निंग मटीरियल थ्योरी और एक्सप्लेनेशन के बीच बैलेंस्ड लगता है, बिना किसी एक तरफ़ ज़्यादा झुके।",[],0
1428,"मैं ज़्यादातर कंटेंट समझ पाया, हालांकि कुछ सेक्शन को दोबारा पढ़ने की ज़रूरत पड़ी।",2,0,0,0,0,1,0,0,1,1,"मैं ज़्यादातर कंटेंट समझ पाया, हालांकि कुछ सेक्शन को दोबारा पढ़ने की ज़रूरत पड़ी।",[],0
1429,"मटीरियल कोर आइडिया को ठीक से समझाता है, भले ही सभी डिटेल्स को गहराई से न समझा गया हो।",2,0,0,0,0,1,0,0,1,1,"मटीरियल कोर आइडिया को ठीक से समझाता है, भले ही सभी डिटेल्स को गहराई से न समझा गया हो।",[],0
1430,"लर्निंग कंटेंट जानकारी देने वाला लगता है, बिना ज़्यादा दिलचस्प या कन्फ्यूजिंग हुए।",2,0,0,0,0,1,0,0,1,1,"लर्निंग कंटेंट जानकारी देने वाला लगता है, बिना ज़्यादा दिलचस्प या कन्फ्यूजिंग हुए।",[],0
1431,"कोर्स का मटीरियल काफी अच्छे से ऑर्गनाइज़ किया गया है, हालांकि थोड़ा सा ऑर्डर बदलने से क्लैरिटी बेहतर हो सकती है।",2,0,0,0,0,1,0,0,1,1,"कोर्स का मटीरियल काफी अच्छे से ऑर्गनाइज़ किया गया है, हालांकि थोड़ा सा ऑर्डर बदलने से क्लैरिटी बेहतर हो सकती है।",[],0
1432,"मुझे लगता है कि बेसिक बातें समझने के लिए लर्निंग मटीरियल काफ़ी है, लेकिन पूरी तरह से कॉम्प्रिहेंसिव नहीं है।",2,0,0,0,0,1,0,0,1,1,"मुझे लगता है कि बेसिक बातें समझने के लिए लर्निंग मटीरियल काफ़ी है, लेकिन पूरी तरह से कॉम्प्रिहेंसिव नहीं है।",[],0
1433,"एक्सप्लेनेशन सीधे-सादे हैं, भले ही कभी-कभी वे पहले से जान-पहचान वाले लगते हैं।",1,0,0,0,0,1,0,0,1,1,"एक्सप्लेनेशन सीधे-सादे हैं, भले ही कभी-कभी वे पहले से जान-पहचान वाले लगते हैं।",[],0
1434,"कंटेंट स्थिर और जानकारी देने वाला लगता है, बिना किसी ज़्यादा इमोशनल असर के।",2,0,0,0,0,1,0,0,1,1,"कंटेंट स्थिर और जानकारी देने वाला लगता है, बिना किसी ज़्यादा इमोशनल असर के।",[],0
1435,"मुझे लर्निंग मटीरियल ठीक लगा, जिसमें क्लैरिटी का मिला-जुला लेवल था।",2,0,0,0,0,1,0,0,1,1,"मुझे लर्निंग मटीरियल ठीक लगा, जिसमें क्लैरिटी का मिला-जुला लेवल था।",[],0
1436,"इससे आम समझ मिलती है, लेकिन गहरी समझ के लिए प्रैक्टिस की ज़रूरत पड़ सकती है।",1,0,0,0,0,1,0,0,1,1,"इससे आम समझ मिलती है, लेकिन गहरी समझ के लिए प्रैक्टिस की ज़रूरत पड़ सकती है।",[],0
1437,"लर्निंग मटीरियल धीरे-धीरे सीखने में मदद करता है, भले ही यह हमेशा दिलचस्प न लगे।",2,0,0,0,0,1,0,0,1,1,"लर्निंग मटीरियल धीरे-धीरे सीखने में मदद करता है, भले ही यह हमेशा दिलचस्प न लगे।",[],0
1438,"मुझे लगता है कि कंटेंट में बेसिक बातें ठीक से समझाई गई हैं, और बाद में क्लैरिफिकेशन की गुंजाइश है।",2,0,0,0,0,1,0,0,1,1,"मुझे लगता है कि कंटेंट में बेसिक बातें ठीक से समझाई गई हैं, और बाद में क्लैरिफिकेशन की गुंजाइश है।",[],0
1439,"मटीरियल स्ट्रक्चर्ड लगता है, हालांकि कुछ लेसन कंडेंस्ड लगते हैं।",2,0,0,0,0,1,0,0,1,1,"मटीरियल स्ट्रक्चर्ड लगता है, हालांकि कुछ लेसन कंडेंस्ड लगते हैं।",[],0
1440,"मैं लर्निंग मटीरियल को समझ पाया, लेकिन कुछ आइडियाज़ को शॉर्ट में बताया गया लगा।",2,0,0,0,0,1,0,0,1,1,"मैं लर्निंग मटीरियल को समझ पाया, लेकिन कुछ आइडियाज़ को शॉर्ट में बताया गया लगा।",[],0
1441,"एक्सप्लेनेशन आम तौर पर समझ में आते हैं, हालांकि हमेशा डिटेल में नहीं होते।",1,0,0,0,0,1,0,0,1,1,"एक्सप्लेनेशन आम तौर पर समझ में आते हैं, हालांकि हमेशा डिटेल में नहीं होते।",[],0
1442,लर्निंग कंटेंट अपनी डिलीवरी में न्यूट्रल और इंस्ट्रक्शनल लगता है।,2,0,0,0,0,1,0,0,1,1,लर्निंग कंटेंट अपनी डिलीवरी में न्यूट्रल और इंस्ट्रक्शनल लगता है।,[],0
1443,"मुझे यह मटीरियल ओरिएंटेशन के लिए उपयोगी लगा, हालांकि इस पर और खोज करने की ज़रूरत है।",2,0,0,0,0,1,0,0,1,1,"मुझे यह मटीरियल ओरिएंटेशन के लिए उपयोगी लगा, हालांकि इस पर और खोज करने की ज़रूरत है।",[],0
1444,लर्निंग मटीरियल में टॉपिक इतने साफ़-साफ़ बताए गए हैं कि उन्हें फॉलो किया जा सके।,2,0,0,0,0,1,0,0,1,1,लर्निंग मटीरियल में टॉपिक इतने साफ़-साफ़ बताए गए हैं कि उन्हें फॉलो किया जा सके।,[],0
1445,"कुछ सेक्शन दूसरों के मुकाबले ज़्यादा साफ़ हैं, लेकिन कुल मिलाकर मटीरियल समझने लायक है।",2,0,0,0,0,1,0,0,1,1,"कुछ सेक्शन दूसरों के मुकाबले ज़्यादा साफ़ हैं, लेकिन कुल मिलाकर मटीरियल समझने लायक है।",[],0
1446,"एक्सप्लेनेशन में मेन कॉन्सेप्ट्स बताए गए हैं, भले ही सभी डिटेल्स कवर न हों।",1,0,0,0,0,1,0,0,1,1,"एक्सप्लेनेशन में मेन कॉन्सेप्ट्स बताए गए हैं, भले ही सभी डिटेल्स कवर न हों।",[],0
1447,"लर्निंग मटीरियल को बिना किसी फालतू मुश्किल के, सीधे-सादे तरीके से पेश किया गया है।",2,0,0,0,0,1,0,0,1,1,"लर्निंग मटीरियल को बिना किसी फालतू मुश्किल के, सीधे-सादे तरीके से पेश किया गया है।",[],0
1448,मुझे लगता है कि कोर्स की दिशा समझने के लिए कंटेंट काफी है।,2,0,0,0,0,1,0,0,1,1,मुझे लगता है कि कोर्स की दिशा समझने के लिए कंटेंट काफी है।,[],0
1449,यह कंटेंट बिना किसी मज़बूत इमोशनल रिस्पॉन्स के लगातार सीखने में मदद करता है।,2,0,0,0,0,1,0,0,1,1,यह कंटेंट बिना किसी मज़बूत इमोशनल रिस्पॉन्स के लगातार सीखने में मदद करता है।,[],0
1450,"मुझे लर्निंग मटीरियल प्रैक्टिकल लगा, हालांकि ज़्यादा डिटेल्ड नहीं था।",2,0,0,0,0,1,0,0,1,1,"मुझे लर्निंग मटीरियल प्रैक्टिकल लगा, हालांकि ज़्यादा डिटेल्ड नहीं था।",[],0
1451,कोर्स स्ट्रक्चर को फॉलो करने के लिए एक्सप्लेनेशन काफी हैं।,1,0,0,0,0,1,0,0,1,1,कोर्स स्ट्रक्चर को फॉलो करने के लिए एक्सप्लेनेशन काफी हैं।,[],0
1452,लर्निंग मटीरियल में सब्जेक्ट को बिना ज़्यादा डिटेल के बताया गया है।,2,0,0,0,0,1,0,0,1,1,लर्निंग मटीरियल में सब्जेक्ट को बिना ज़्यादा डिटेल के बताया गया है।,[],0
1453,कोर्स का कंटेंट प्रेजेंटेशन में न्यूट्रल है और आमतौर पर इसे फॉलो करना आसान है।,2,0,0,0,0,1,0,0,1,1,कोर्स का कंटेंट प्रेजेंटेशन में न्यूट्रल है और आमतौर पर इसे फॉलो करना आसान है।,[],0
1454,थोड़ी मेहनत से मैं ज़्यादातर लर्निंग मटीरियल समझ पाया।,2,0,0,0,0,1,0,0,1,1,थोड़ी मेहनत से मैं ज़्यादातर लर्निंग मटीरियल समझ पाया।,[],0
1455,एक्सप्लेनेशन से टॉपिक की बेसिक समझ मिलती है।,1,0,0,0,0,1,0,0,1,1,एक्सप्लेनेशन से टॉपिक की बेसिक समझ मिलती है।,[],0
1456,"लर्निंग मटीरियल जानकारी देने वाला लगता है, हालांकि बहुत ज़्यादा एनालिटिकल नहीं है।",2,0,0,0,0,1,0,0,1,1,"लर्निंग मटीरियल जानकारी देने वाला लगता है, हालांकि बहुत ज़्यादा एनालिटिकल नहीं है।",[],0
1457,मुझे लगता है कि कंटेंट इस सब्जेक्ट के लिए एक सही रेफरेंस का काम करता है।,2,0,0,0,0,1,0,0,1,1,मुझे लगता है कि कंटेंट इस सब्जेक्ट के लिए एक सही रेफरेंस का काम करता है।,[],0
1458,मटीरियल कॉन्सेप्ट्स को इतनी साफ़-साफ़ समझाता है कि आप आगे भी सीख सकें।,2,0,0,0,0,1,0,0,1,1,मटीरियल कॉन्सेप्ट्स को इतनी साफ़-साफ़ समझाता है कि आप आगे भी सीख सकें।,[],0
1459,लर्निंग कंटेंट को अंदाज़ा लगाने लायक तरीके से बनाया गया है।,2,0,0,0,0,1,0,0,1,1,लर्निंग कंटेंट को अंदाज़ा लगाने लायक तरीके से बनाया गया है।,[],0
1460,"मुझे एक्सप्लेनेशन सीधे-सादे लगे, लेकिन थोड़े छोटे थे।",1,0,0,0,0,1,0,0,1,1,"मुझे एक्सप्लेनेशन सीधे-सादे लगे, लेकिन थोड़े छोटे थे।",[],0
1461,"सीखने का मटीरियल आसान लगता है, हालांकि कुछ हिस्सों में गहराई की कमी है।",2,0,0,0,0,1,0,0,1,1,"सीखने का मटीरियल आसान लगता है, हालांकि कुछ हिस्सों में गहराई की कमी है।",[],0
1462,"कंटेंट बिना ज़्यादा ज़ोर दिए, साफ़-साफ़ आइडिया बताता है।",2,0,0,0,0,1,0,0,1,1,"कंटेंट बिना ज़्यादा ज़ोर दिए, साफ़-साफ़ आइडिया बताता है।",[],0
1463,"लर्निंग मटीरियल समझने में मदद करता है, बशर्ते ज़रूरी सेक्शन को दोबारा देखा जाए।",2,0,0,0,0,1,0,0,1,1,"लर्निंग मटीरियल समझने में मदद करता है, बशर्ते ज़रूरी सेक्शन को दोबारा देखा जाए।",[],0
1464,"मुझे लगता है कि एक्सप्लेनेशन ठीक हैं, हालांकि ज़्यादा डिटेल में नहीं हैं।",1,0,0,0,0,1,0,0,1,1,"मुझे लगता है कि एक्सप्लेनेशन ठीक हैं, हालांकि ज़्यादा डिटेल में नहीं हैं।",[],0
1465,मटीरियल न्यूट्रल और जानकारी देने वाला लगता है।,2,0,0,0,0,1,0,0,1,1,मटीरियल न्यूट्रल और जानकारी देने वाला लगता है।,[],0
1466,"लर्निंग कंटेंट को समझना आसान है, हालांकि कुछ सेक्शन छोटे लगते हैं।",2,0,0,0,0,1,0,0,1,1,"लर्निंग कंटेंट को समझना आसान है, हालांकि कुछ सेक्शन छोटे लगते हैं।",[],0
1467,मुझे एक्सप्लेनेशन कोर्स पूरा करने के लिए काफी साफ़ लगे।,1,0,0,0,0,1,0,0,1,1,मुझे एक्सप्लेनेशन कोर्स पूरा करने के लिए काफी साफ़ लगे।,[],0
1468,"लर्निंग मटीरियल में आम तौर पर साफ़ जानकारी मिलती है, कभी-कभी थोड़ी कन्फ्यूजन भी होती है।",2,0,0,0,0,1,0,0,1,1,"लर्निंग मटीरियल में आम तौर पर साफ़ जानकारी मिलती है, कभी-कभी थोड़ी कन्फ्यूजन भी होती है।",[],0
1469,"कंटेंट समझ में आता है, हालांकि कुछ उदाहरण मदद कर सकते हैं।",2,0,0,0,0,1,0,0,1,1,"कंटेंट समझ में आता है, हालांकि कुछ उदाहरण मदद कर सकते हैं।",[],0
1470,एक्सप्लेनेशन में बिना ज़्यादा डिटेल के कॉन्सेप्ट्स को आउटलाइन किया गया है।,1,0,0,0,0,1,0,0,1,1,एक्सप्लेनेशन में बिना ज़्यादा डिटेल के कॉन्सेप्ट्स को आउटलाइन किया गया है।,[],0
1471,"कंटेंट कॉन्सेप्ट को लॉजिकल तरीके से दिखाता है, हालांकि हमेशा गहराई से नहीं।",2,0,0,0,0,1,0,0,1,1,"कंटेंट कॉन्सेप्ट को लॉजिकल तरीके से दिखाता है, हालांकि हमेशा गहराई से नहीं।",[],0
1472,लर्निंग मटीरियल को लगातार सीखने में मदद करने के लिए बनाया गया है।,2,0,0,0,0,1,0,0,1,1,लर्निंग मटीरियल को लगातार सीखने में मदद करने के लिए बनाया गया है।,[],0
1473,मुझे लगता है कि आगे बढ़ने के लिए ये एक्सप्लेनेशन काफ़ी हैं।,1,0,0,0,0,1,0,0,1,1,मुझे लगता है कि आगे बढ़ने के लिए ये एक्सप्लेनेशन काफ़ी हैं।,[],0
1474,लर्निंग कंटेंट न्यूट्रल और इंस्ट्रक्शनल लगता है।,2,0,0,0,0,1,0,0,1,1,लर्निंग कंटेंट न्यूट्रल और इंस्ट्रक्शनल लगता है।,[],0
1475,यह मटीरियल टॉपिक्स की आम समझ बनाने में मदद करता है।,2,0,0,0,0,1,0,0,1,1,यह मटीरियल टॉपिक्स की आम समझ बनाने में मदद करता है।,[],0
1476,"एक्सप्लेनेशन समझ में आते हैं, हालांकि कभी-कभी छोटे होते हैं।",1,0,0,0,0,1,0,0,1,1,"एक्सप्लेनेशन समझ में आते हैं, हालांकि कभी-कभी छोटे होते हैं।",[],0
1477,कोर्स को आगे बढ़ाने के लिए लर्निंग मटीरियल काफी साफ़ है।,2,0,0,0,0,1,0,0,1,1,कोर्स को आगे बढ़ाने के लिए लर्निंग मटीरियल काफी साफ़ है।,[],0
1478,"मुझे कंटेंट ठीक लगा, कुछ हिस्से दूसरों के मुकाबले ज़्यादा साफ़ थे।",2,0,0,0,0,1,0,0,1,1,"मुझे कंटेंट ठीक लगा, कुछ हिस्से दूसरों के मुकाबले ज़्यादा साफ़ थे।",[],0
1479,ये एक्सप्लेनेशन सब्जेक्ट का एक जनरल ओवरव्यू देते हैं।,1,0,0,0,0,1,0,0,1,1,ये एक्सप्लेनेशन सब्जेक्ट का एक जनरल ओवरव्यू देते हैं।,[],0
1480,लर्निंग मटीरियल टोन और स्ट्रक्चर में एक जैसा लगता है।,2,0,0,0,0,1,0,0,1,1,लर्निंग मटीरियल टोन और स्ट्रक्चर में एक जैसा लगता है।,[],0
1481,मुझे लगता है कि कंटेंट एक बेसिक रेफरेंस के तौर पर काम करता है।,2,0,0,0,0,1,0,0,1,1,मुझे लगता है कि कंटेंट एक बेसिक रेफरेंस के तौर पर काम करता है।,[],0
1482,एक्सप्लेनेशन में बिना ज़्यादा सजावट के मुख्य आइडिया बताए गए हैं।,1,0,0,0,0,1,0,0,1,1,एक्सप्लेनेशन में बिना ज़्यादा सजावट के मुख्य आइडिया बताए गए हैं।,[],0
1483,"लर्निंग मटीरियल समझने में मदद करता है, हालांकि प्रैक्टिस की ज़रूरत है।",2,0,0,0,0,1,0,0,1,1,"लर्निंग मटीरियल समझने में मदद करता है, हालांकि प्रैक्टिस की ज़रूरत है।",[],0
1484,मुझे कोर्स का कंटेंट जानकारी वाला और न्यूट्रल लगा।,2,0,0,0,0,1,0,0,1,1,मुझे कोर्स का कंटेंट जानकारी वाला और न्यूट्रल लगा।,[],0
1485,"एक्सप्लेनेशन साफ़ हैं, हालांकि ज़्यादा डिटेल में नहीं हैं।",1,0,0,0,0,1,0,0,1,1,"एक्सप्लेनेशन साफ़ हैं, हालांकि ज़्यादा डिटेल में नहीं हैं।",[],0
1486,"सीखने का मटीरियल कुल मिलाकर समझने लायक है, बस कुछ पलों में उलझन हो सकती है ।",2,0,0,0,0,1,0,0,1,1,"सीखने का मटीरियल कुल मिलाकर समझने लायक है, बस कुछ पलों में उलझन हो सकती है ।",[],0
1487,कंटेंट में विषय को सीधे तरीके से पेश किया गया है।,2,0,0,0,0,1,0,0,1,1,कंटेंट में विषय को सीधे तरीके से पेश किया गया है।,[],0
1488,मुझे लगता है कि कोर्स को फॉलो करने के लिए लर्निंग मटीरियल काफी है।,2,0,0,0,0,1,0,0,1,1,मुझे लगता है कि कोर्स को फॉलो करने के लिए लर्निंग मटीरियल काफी है।,[],0
1489,एक्सप्लेनेशन ज़्यादातर टॉपिक पर क्लैरिटी देते हैं।,1,0,0,0,0,1,0,0,1,1,एक्सप्लेनेशन ज़्यादातर टॉपिक पर क्लैरिटी देते हैं।,[],0
1490,सीखने का कंटेंट बैलेंस्ड और आसान लगता है।,2,0,0,0,0,1,0,0,1,1,सीखने का कंटेंट बैलेंस्ड और आसान लगता है।,[],0
1491,मुझे लगा कि थोड़े ध्यान से मटीरियल को समझना आसान है।,2,0,0,0,0,1,0,0,1,1,मुझे लगा कि थोड़े ध्यान से मटीरियल को समझना आसान है।,[],0
1492,एक्सप्लेनेशन में मुख्य आइडिया साफ़-साफ़ बताए गए हैं।,1,0,0,0,0,1,0,0,1,1,एक्सप्लेनेशन में मुख्य आइडिया साफ़-साफ़ बताए गए हैं।,[],0
1493,सीखने का मटीरियल शुरू से आखिर तक न्यूट्रल और जानकारी देने वाला लगता है।,2,0,0,0,0,1,0,0,1,1,सीखने का मटीरियल शुरू से आखिर तक न्यूट्रल और जानकारी देने वाला लगता है।,[],0
1494,"कुल मिलाकर, लर्निंग मटीरियल कॉन्सेप्ट्स को इतनी साफ़-साफ़ बताता है कि लगातार तरक्की हो सके।",2,0,0,0,0,1,0,0,1,1,"कुल मिलाकर, लर्निंग मटीरियल कॉन्सेप्ट्स को इतनी साफ़-साफ़ बताता है कि लगातार तरक्की हो सके।",[],0
1495,इंस्ट्रक्टर Q&A सेक्शन में बहुत रिस्पॉन्सिव होते हैं और अक्सर साफ़ जवाब देते हैं जिससे आगे बढ़ने में मदद मिलती है।,3,0,0,0,0,1,0,0,1,1,इंस्ट्रक्टर Q&A सेक्शन में बहुत रिस्पॉन्सिव होते हैं और अक्सर साफ़ जवाब देते हैं जिससे आगे बढ़ने में मदद मिलती है।,[],0
1496,"मैं इस बात की तारीफ़ करता हूँ कि सवालों को कितनी जल्दी सॉल्व किया जाता है, जिससे लर्निंग एक्सपीरियंस को सपोर्टेड महसूस होता है।",3,0,0,0,0,1,0,0,1,1,"मैं इस बात की तारीफ़ करता हूँ कि सवालों को कितनी जल्दी सॉल्व किया जाता है, जिससे लर्निंग एक्सपीरियंस को सपोर्टेड महसूस होता है।",[],0
1497,"इंस्ट्रक्टर अक्सर कुछ ही घंटों में जवाब देते हैं, जिससे कोर्स सपोर्ट में भरोसा और कॉन्फिडेंस बढ़ता है।",3,0,0,0,0,1,0,0,0,1,"इंस्ट्रक्टर अक्सर कुछ ही घंटों में जवाब देते हैं, जिससे कोर्स सपोर्ट में भरोसा और कॉन्फिडेंस बढ़ता है।",[],0
1498,"मेरे ज़्यादातर सवालों के जवाब साफ़ और प्यार से दिए गए, जिससे बातचीत अच्छी लगी।",3,0,0,0,0,1,0,0,0,1,"मेरे ज़्यादातर सवालों के जवाब साफ़ और प्यार से दिए गए, जिससे बातचीत अच्छी लगी।",[],0
1499,मुझे Q&A सेक्शन मददगार लगा क्योंकि इंस्ट्रक्टर स्टूडेंट के सवालों पर एक्टिवली बात करते हैं।,3,0,0,0,0,1,0,0,0,1,मुझे Q&A सेक्शन मददगार लगा क्योंकि इंस्ट्रक्टर स्टूडेंट के सवालों पर एक्टिवली बात करते हैं।,[],0
1500,डिस्कशन एरिया में जवाब आम तौर पर साफ़ और टू द पॉइंट होते हैं।,3,0,0,0,0,1,0,0,0,1,डिस्कशन एरिया में जवाब आम तौर पर साफ़ और टू द पॉइंट होते हैं।,[],0
1501,मुझे यह जानकर तसल्ली हुई कि इंस्ट्रक्टर सवालों को तुरंत मान लेते हैं।,3,0,0,0,0,1,0,0,0,1,मुझे यह जानकर तसल्ली हुई कि इंस्ट्रक्टर सवालों को तुरंत मान लेते हैं।,[],0
1502,Q&A में इंस्ट्रक्टर की मौजूदगी से कोर्स ज़्यादा इंटरैक्टिव लगता है।,3,0,0,0,0,1,0,0,1,1,Q&A में इंस्ट्रक्टर की मौजूदगी से कोर्स ज़्यादा इंटरैक्टिव लगता है।,[],0
1503,"मैं सवालों के लगातार जवाबों की तारीफ़ करता हूँ, जिससे कई डाउट्स क्लियर करने में मदद मिली।",3,0,0,0,0,1,0,0,0,1,"मैं सवालों के लगातार जवाबों की तारीफ़ करता हूँ, जिससे कई डाउट्स क्लियर करने में मदद मिली।",[],0
1504,इंस्ट्रक्टर अक्सर सवालों का जवाब देते समय मददगार एक्सप्लेनेशन देते हैं ।,3,0,0,0,0,1,0,0,0,1,इंस्ट्रक्टर अक्सर सवालों का जवाब देते समय मददगार एक्सप्लेनेशन देते हैं ।,[],0
1505,Q&A सेक्शन में बातचीत से कोर्स के साथ बने रहना आसान हो गया।,3,0,0,0,0,1,0,0,0,1,Q&A सेक्शन में बातचीत से कोर्स के साथ बने रहना आसान हो गया।,[],0
1506,मुझे इंस्ट्रक्टर के जवाब जानकारी देने वाले और समझने में आसान लगे।,3,0,0,0,0,1,0,0,1,1,मुझे इंस्ट्रक्टर के जवाब जानकारी देने वाले और समझने में आसान लगे।,[],0
1507,डिस्कशन सेक्शन में पोस्ट किए गए सवालों का जवाब अक्सर समय पर दिया जाता है।,3,0,0,0,0,1,0,0,0,1,डिस्कशन सेक्शन में पोस्ट किए गए सवालों का जवाब अक्सर समय पर दिया जाता है।,[],0
1508,Q&A में इंस्ट्रक्टर का शामिल होना पूरे सीखने के अनुभव में वैल्यू जोड़ता है।,3,0,0,0,0,1,0,0,0,1,Q&A में इंस्ट्रक्टर का शामिल होना पूरे सीखने के अनुभव में वैल्यू जोड़ता है।,[],0
1509,मुझे इंस्ट्रक्टर के सवालों का जवाब देने की इच्छा से सपोर्ट मिला।,3,0,0,0,0,1,0,0,0,1,मुझे इंस्ट्रक्टर के सवालों का जवाब देने की इच्छा से सपोर्ट मिला।,[],0
1510,Q&A के जवाब आमतौर पर सीधे और मददगार होते हैं ।,3,0,0,0,0,1,0,0,0,1,Q&A के जवाब आमतौर पर सीधे और मददगार होते हैं ।,[],0
1511,"इंस्ट्रक्टर एक्टिव रहता है, जिससे लर्नर्स के साथ कम्युनिकेशन बेहतर होता है।",3,0,0,0,0,1,0,0,0,1,"इंस्ट्रक्टर एक्टिव रहता है, जिससे लर्नर्स के साथ कम्युनिकेशन बेहतर होता है।",[],0
1512,मुझे यह पसंद आया कि कैसे इंस्ट्रक्टर डिस्कशन सेक्शन में गलतफहमियों को दूर करते हैं।,3,0,0,0,0,1,0,0,0,1,मुझे यह पसंद आया कि कैसे इंस्ट्रक्टर डिस्कशन सेक्शन में गलतफहमियों को दूर करते हैं।,[],0
1513,"मुझे जो जवाब मिले, उनसे मेरी उलझन को अच्छे से सुलझाने में मदद मिली।",3,0,0,0,0,1,0,0,0,1,"मुझे जो जवाब मिले, उनसे मेरी उलझन को अच्छे से सुलझाने में मदद मिली।",[],0
1514,इंस्ट्रक्टर के तुरंत जवाबों से सीखने का प्रोसेस आसान हो गया।,3,0,0,0,0,1,0,0,0,1,इंस्ट्रक्टर के तुरंत जवाबों से सीखने का प्रोसेस आसान हो गया।,[],0
1515,मुझे बातचीत आम तौर पर पॉज़िटिव और रिस्पॉन्सिव लगी।,3,0,0,0,0,1,0,0,0,1,मुझे बातचीत आम तौर पर पॉज़िटिव और रिस्पॉन्सिव लगी।,[],0
1516,Q&A सेक्शन उपयोगी है क्योंकि इंस्ट्रक्टर आम मुद्दों पर एक्टिवली बात करते हैं।,3,0,0,0,0,1,0,0,0,1,Q&A सेक्शन उपयोगी है क्योंकि इंस्ट्रक्टर आम मुद्दों पर एक्टिवली बात करते हैं।,[],0
1517,मुझे अच्छा लगा कि इंस्ट्रक्टर ने जवाबों में सॉल्यूशन साफ़-साफ़ समझाया।,3,0,0,0,0,1,0,0,0,1,मुझे अच्छा लगा कि इंस्ट्रक्टर ने जवाबों में सॉल्यूशन साफ़-साफ़ समझाया।,[],0
1518,बातचीत का तरीका प्रोफेशनल और जानकारी देने वाला लगता है।,3,0,0,0,0,1,0,0,0,1,बातचीत का तरीका प्रोफेशनल और जानकारी देने वाला लगता है।,[],0
1519,"मुझे सवाल पूछने की हिम्मत मिली, यह जानते हुए कि उनके जवाब मिलेंगे।",3,0,0,0,0,1,0,0,0,1,"मुझे सवाल पूछने की हिम्मत मिली, यह जानते हुए कि उनके जवाब मिलेंगे।",[],0
1520,इंस्ट्रक्टर के जवाबों से मुझे बिना किसी फालतू देरी के आगे बढ़ने में मदद मिली।,3,0,0,0,0,1,0,0,0,1,इंस्ट्रक्टर के जवाबों से मुझे बिना किसी फालतू देरी के आगे बढ़ने में मदद मिली।,[],0
1521,Q&A बातचीत से कोर्स के उन हिस्सों को साफ़ किया जाता है जिन्हें समझाने की ज़रूरत होती है।,3,0,0,0,0,1,0,0,0,1,Q&A बातचीत से कोर्स के उन हिस्सों को साफ़ किया जाता है जिन्हें समझाने की ज़रूरत होती है।,[],0
1522,मैं इंस्ट्रक्टर की कई सवालों के जवाब देने की कोशिश की तारीफ़ करता हूँ।,3,0,0,0,0,1,0,0,0,1,मैं इंस्ट्रक्टर की कई सवालों के जवाब देने की कोशिश की तारीफ़ करता हूँ।,[],0
1523,डिस्कशन सेक्शन में कम्युनिकेशन कुल मिलाकर सपोर्टिव लगता है।,3,0,0,0,0,1,0,0,0,1,डिस्कशन सेक्शन में कम्युनिकेशन कुल मिलाकर सपोर्टिव लगता है।,[],0
1524,सवालों का जवाब देते समय इंस्ट्रक्टर साफ़ गाइडेंस देते हैं।,3,0,0,0,0,1,0,0,0,1,सवालों का जवाब देते समय इंस्ट्रक्टर साफ़ गाइडेंस देते हैं।,[],0
1525,इंस्ट्रक्टर के रिस्पॉन्स की वजह से मुझे कोर्स जारी रखने में कॉन्फिडेंस महसूस हुआ।,3,0,0,0,0,1,0,0,0,1,इंस्ट्रक्टर के रिस्पॉन्स की वजह से मुझे कोर्स जारी रखने में कॉन्फिडेंस महसूस हुआ।,[],0
1526,Q&A के जवाब अक्सर समस्याओं को जल्दी हल कर देते हैं।,3,0,0,0,0,1,0,0,0,1,Q&A के जवाब अक्सर समस्याओं को जल्दी हल कर देते हैं।,[],0
1527,मुझे इंस्ट्रक्टर के सीधे और जानकारी वाले जवाब पसंद आए।,3,0,0,0,0,1,0,0,0,1,मुझे इंस्ट्रक्टर के सीधे और जानकारी वाले जवाब पसंद आए।,[],0
1528,पूरे कोर्स के दौरान लर्नर्स के साथ बातचीत एक जैसी लगती है .,3,0,0,0,0,1,0,0,0,1,पूरे कोर्स के दौरान लर्नर्स के साथ बातचीत एक जैसी लगती है .,[],0
1529,इंस्ट्रक्टर आमतौर पर विनम्रता और प्रोफेशनल तरीके से जवाब देते हैं।,3,0,0,0,0,1,0,0,0,1,इंस्ट्रक्टर आमतौर पर विनम्रता और प्रोफेशनल तरीके से जवाब देते हैं।,[],0
1530,मुझे मुश्किल हिस्सों को समझने के लिए Q&A एक्सप्लेनेशन मददगार लगे।,3,0,0,0,0,1,0,0,0,1,मुझे मुश्किल हिस्सों को समझने के लिए Q&A एक्सप्लेनेशन मददगार लगे।,[],0
1531,इंस्ट्रक्टर के जवाबों ने सीखने के अनुभव को और ज़्यादा इंटरैक्टिव बना दिया।,3,0,0,0,0,1,0,0,0,1,इंस्ट्रक्टर के जवाबों ने सीखने के अनुभव को और ज़्यादा इंटरैक्टिव बना दिया।,[],0
1532,"सवालों के जवाब अक्सर साफ़-साफ़ मिल जाते हैं, जिससे समय बचता है।",3,0,0,0,0,1,0,0,0,1,"सवालों के जवाब अक्सर साफ़-साफ़ मिल जाते हैं, जिससे समय बचता है।",[],0
1533,मुझे इंस्ट्रक्टर के डिस्कशन में एक्टिव होने से भरोसा हुआ।,3,0,0,0,0,1,0,0,0,1,मुझे इंस्ट्रक्टर के डिस्कशन में एक्टिव होने से भरोसा हुआ।,[],0
1534,इंस्ट्रक्टर का बातचीत करने का तरीका आम तौर पर अच्छा लगता है।,3,0,0,0,0,1,0,0,0,1,इंस्ट्रक्टर का बातचीत करने का तरीका आम तौर पर अच्छा लगता है।,[],0
1535,"मुझे अच्छा लगा कि इंस्ट्रक्टर ने आसान और मुश्किल, दोनों तरह के सवालों को कैसे समझाया।",3,0,0,0,0,1,0,0,0,1,"मुझे अच्छा लगा कि इंस्ट्रक्टर ने आसान और मुश्किल, दोनों तरह के सवालों को कैसे समझाया।",[],0
1536,Q&A सेक्शन ने डाउट्स को अच्छे से क्लियर करने में मदद की।,3,0,0,0,0,1,0,0,0,1,Q&A सेक्शन ने डाउट्स को अच्छे से क्लियर करने में मदद की।,[],0
1537,इंस्ट्रक्टर के जवाब भरोसेमंद और जानकारी देने वाले लगते हैं।,3,0,0,0,0,1,0,0,0,1,इंस्ट्रक्टर के जवाब भरोसेमंद और जानकारी देने वाले लगते हैं।,[],0
1538,मुझे कोर्स में बातचीत ज़्यादातर पॉज़िटिव लगी।,3,0,0,0,0,1,0,0,0,1,मुझे कोर्स में बातचीत ज़्यादातर पॉज़िटिव लगी।,[],0
1539,इंस्ट्रक्टर के जवाबों ने मुझे कन्फ्यूजिंग स्टेप्स में गाइड करने में मदद की।,3,0,0,0,0,1,0,0,0,1,इंस्ट्रक्टर के जवाबों ने मुझे कन्फ्यूजिंग स्टेप्स में गाइड करने में मदद की।,[],0
1540,Q&A सेक्शन में बातचीत आसान और मददगार लगती है।,3,0,0,0,0,1,0,0,0,1,Q&A सेक्शन में बातचीत आसान और मददगार लगती है।,[],0
1541,इंस्ट्रक्टर के जवाब देने की वजह से मुझे सवाल पूछने में आराम महसूस हुआ।,3,0,0,0,0,1,0,0,0,1,इंस्ट्रक्टर के जवाब देने की वजह से मुझे सवाल पूछने में आराम महसूस हुआ।,[],0
1542,इंस्ट्रक्टर का एंगेजमेंट पूरे कोर्स के अनुभव को बेहतर बनाता है।,3,0,0,0,0,1,0,0,0,1,इंस्ट्रक्टर का एंगेजमेंट पूरे कोर्स के अनुभव को बेहतर बनाता है।,[],0
1543,मुझे ज़्यादातर Q&A जवाबों में दी गई क्लैरिटी पसंद आई।,3,0,0,0,0,1,0,0,0,1,मुझे ज़्यादातर Q&A जवाबों में दी गई क्लैरिटी पसंद आई।,[],0
1544,बातचीत का तरीका आम तौर पर सीखने में मदद करता है।,3,0,0,0,0,1,0,0,0,1,बातचीत का तरीका आम तौर पर सीखने में मदद करता है।,[],0
1545,"इंस्ट्रक्टर जल्दी जवाब देते हैं, जिससे सीखने का मोमेंटम बनाए रखने में मदद मिलती है।",3,0,0,0,0,1,0,0,0,1,"इंस्ट्रक्टर जल्दी जवाब देते हैं, जिससे सीखने का मोमेंटम बनाए रखने में मदद मिलती है।",[],0
1546,मुझे आम समस्याओं को सुलझाने के लिए Q&A चर्चाएँ उपयोगी लगीं।,3,0,0,0,0,1,0,0,0,1,मुझे आम समस्याओं को सुलझाने के लिए Q&A चर्चाएँ उपयोगी लगीं।,[],0
1547,इंस्ट्रक्टर के जवाब आमतौर पर साफ़ और काम के होते हैं।,3,0,0,0,0,1,0,0,0,1,इंस्ट्रक्टर के जवाब आमतौर पर साफ़ और काम के होते हैं।,[],0
1548,डिस्कशन सेक्शन में इंस्ट्रक्टर की मौजूदगी से मुझे सपोर्ट महसूस हुआ।,3,0,0,0,0,1,0,0,0,1,डिस्कशन सेक्शन में इंस्ट्रक्टर की मौजूदगी से मुझे सपोर्ट महसूस हुआ।,[],0
1549,Q&A में बातचीत से मटीरियल को समझने में अच्छा योगदान मिलता है।,3,0,0,0,0,1,0,0,0,1,Q&A में बातचीत से मटीरियल को समझने में अच्छा योगदान मिलता है।,[],0
1550,इंस्ट्रक्टर के जवाब अक्सर समस्या की जड़ तक पहुँचते हैं।,3,0,0,0,0,1,0,0,0,1,इंस्ट्रक्टर के जवाब अक्सर समस्या की जड़ तक पहुँचते हैं।,[],0
1551,मैंने सीखने वालों के सवालों के जवाब देने में की गई मेहनत की तारीफ़ की।,3,0,0,0,0,1,0,0,0,1,मैंने सीखने वालों के सवालों के जवाब देने में की गई मेहनत की तारीफ़ की।,[],0
1552,बातचीत ज़्यादातर पॉज़िटिव और मददगार लगती है।,3,0,0,0,0,1,0,0,0,1,बातचीत ज़्यादातर पॉज़िटिव और मददगार लगती है।,[],0
1553,इंस्ट्रक्टर के एंगेजमेंट से कोर्स कम अकेला लगता है।,3,0,0,0,0,1,0,0,0,1,इंस्ट्रक्टर के एंगेजमेंट से कोर्स कम अकेला लगता है।,[],0
1554,मुझे अनिश्चितताओं को साफ़ करने के लिए Q&A बातचीत काम की लगी।,3,0,0,0,0,1,0,0,0,1,मुझे अनिश्चितताओं को साफ़ करने के लिए Q&A बातचीत काम की लगी।,[],0
1555,इंस्ट्रक्टर आम तौर पर जवाब में मददगार फ़ीडबैक देते हैं।,3,0,0,0,0,1,0,0,0,1,इंस्ट्रक्टर आम तौर पर जवाब में मददगार फ़ीडबैक देते हैं।,[],0
1556,मुझे डिस्कशन के जवाबों में दिए गए साफ़ एक्सप्लेनेशन पसंद आए।,3,0,0,0,0,1,0,0,0,1,मुझे डिस्कशन के जवाबों में दिए गए साफ़ एक्सप्लेनेशन पसंद आए।,[],0
1557,बातचीत का तरीका सीखने के दौरान कॉन्फिडेंस बनाए रखने में मदद करता है।,3,0,0,0,0,1,0,0,0,1,बातचीत का तरीका सीखने के दौरान कॉन्फिडेंस बनाए रखने में मदद करता है।,[],0
1558,मुझे Q&A सेक्शन में इंस्ट्रक्टर से बात करना आसान लगा।,3,0,0,0,0,1,0,0,0,1,मुझे Q&A सेक्शन में इंस्ट्रक्टर से बात करना आसान लगा।,[],0
1559,"कुल मिलाकर, इंस्ट्रक्टर के साथ बातचीत सपोर्टिव और फायदेमंद लगती है।",3,0,0,0,0,1,0,0,0,1,"कुल मिलाकर, इंस्ट्रक्टर के साथ बातचीत सपोर्टिव और फायदेमंद लगती है।",[],0
1560,"इंस्ट्रक्टर सवालों का जवाब देते हैं, हालांकि डिटेल का लेवल अलग-अलग होता है।",3,0,0,0,0,1,0,0,0,1,"इंस्ट्रक्टर सवालों का जवाब देते हैं, हालांकि डिटेल का लेवल अलग-अलग होता है।",[],0
1561,"मुझे Q&A सेक्शन काम का लगा, भले ही सभी जवाब डिटेल में न हों।",3,0,0,0,0,1,0,0,0,1,"मुझे Q&A सेक्शन काम का लगा, भले ही सभी जवाब डिटेल में न हों।",[],0
1562,डिस्कशन एरिया में बातचीत होती है लेकिन कभी-कभी थोड़ी देर के लिए होती है।,3,0,0,0,0,1,0,0,0,1,डिस्कशन एरिया में बातचीत होती है लेकिन कभी-कभी थोड़ी देर के लिए होती है।,[],0
1563,"आम तौर पर सवालों के जवाब मिल जाते हैं, हालांकि कुछ जवाब छोटे होते हैं।",3,0,0,0,0,1,0,0,0,1,"आम तौर पर सवालों के जवाब मिल जाते हैं, हालांकि कुछ जवाब छोटे होते हैं।",[],0
1564,मुझे लगता है कि इंस्ट्रक्टर ज़्यादातर सवालों का ठीक से जवाब देते हैं।,3,0,0,0,0,1,0,0,0,1,मुझे लगता है कि इंस्ट्रक्टर ज़्यादातर सवालों का ठीक से जवाब देते हैं।,[],0
1565,Q&A के जवाब ज़रूरत पड़ने पर बेसिक जानकारी देते हैं।,3,0,0,0,0,1,0,0,0,1,Q&A के जवाब ज़रूरत पड़ने पर बेसिक जानकारी देते हैं।,[],0
1566,इंस्ट्रक्टर के साथ बातचीत न्यूट्रल और जानकारी देने वाली लगती है।,3,0,0,0,0,1,0,0,0,1,इंस्ट्रक्टर के साथ बातचीत न्यूट्रल और जानकारी देने वाली लगती है।,[],0
1567,"मुझे जवाब मिले, हालांकि हमेशा तुरंत नहीं।",3,0,0,0,0,0,0,0,0,2,"मुझे जवाब मिले, हालांकि हमेशा तुरंत नहीं।",[],0
1568,डिस्कशन सेक्शन आम सवालों के लिए अपना काम करता है।,3,0,0,0,0,0,0,0,0,2,डिस्कशन सेक्शन आम सवालों के लिए अपना काम करता है।,[],0
1569,"इंस्ट्रक्टर साफ़-साफ़ जवाब देता है, लेकिन ज़्यादा डिटेल में नहीं बताता।",3,0,0,0,0,0,0,0,0,2,"इंस्ट्रक्टर साफ़-साफ़ जवाब देता है, लेकिन ज़्यादा डिटेल में नहीं बताता।",[],0
1570,"मुझे बातचीत ठीक लगी, हालांकि खास दिलचस्प नहीं।",3,0,0,0,0,1,0,0,0,2,"मुझे बातचीत ठीक लगी, हालांकि खास दिलचस्प नहीं।",[],0
1571,Q&A के जवाब आमतौर पर छोटे होते हैं।,3,0,0,0,0,0,0,0,0,2,Q&A के जवाब आमतौर पर छोटे होते हैं।,[],0
1572,इंस्ट्रक्टर के साथ बातचीत सीधी और न्यूट्रल लगती है।,3,0,0,0,0,0,0,0,0,2,इंस्ट्रक्टर के साथ बातचीत सीधी और न्यूट्रल लगती है।,[],0
1573,कुछ सवालों पर दूसरों की तुलना में ज़्यादा ध्यान दिया जाता है।,3,0,0,0,0,0,1,0,0,2,कुछ सवालों पर दूसरों की तुलना में ज़्यादा ध्यान दिया जाता है।,[],0
1574,इस बातचीत से बेसिक लेवल पर मुद्दों को समझने में मदद मिलती है।,3,0,0,0,0,1,0,0,0,1,इस बातचीत से बेसिक लेवल पर मुद्दों को समझने में मदद मिलती है।,[],0
1575,"इंस्ट्रक्टर जवाब देता है, हालांकि एक्सप्लेनेशन छोटा हो सकता है।",3,0,0,0,0,0,0,0,0,2,"इंस्ट्रक्टर जवाब देता है, हालांकि एक्सप्लेनेशन छोटा हो सकता है।",[],0
1576,मुझे आसान जानकारी के लिए Q&A सेक्शन उपयोगी लगा।,3,0,0,0,0,1,0,0,0,1,मुझे आसान जानकारी के लिए Q&A सेक्शन उपयोगी लगा।,[],0
1577,बातचीत का तरीका न्यूट्रल और सीधा है।,3,0,0,0,0,0,0,0,0,2,बातचीत का तरीका न्यूट्रल और सीधा है।,[],0
1578,जवाब सवाल का जवाब देते हैं लेकिन उनमें गहराई की कमी हो सकती है।,3,0,0,0,0,0,1,0,0,2,जवाब सवाल का जवाब देते हैं लेकिन उनमें गहराई की कमी हो सकती है।,[],0
1579,डिस्कशन एरिया फंक्शनल है लेकिन बहुत इंटरैक्टिव नहीं है।,3,0,0,0,0,0,1,0,0,2,डिस्कशन एरिया फंक्शनल है लेकिन बहुत इंटरैक्टिव नहीं है।,[],0
1580,इंस्ट्रक्टर ज़रूरत पड़ने पर बिना ज़्यादा जानकारी के जवाब देते हैं।,3,0,0,0,0,0,0,0,0,2,इंस्ट्रक्टर ज़रूरत पड़ने पर बिना ज़्यादा जानकारी के जवाब देते हैं।,[],0
1581,मुझे लगा कि छोटी-मोटी शंकाओं को दूर करने के लिए यह बातचीत ठीक है।,3,0,0,0,0,1,0,0,0,1,मुझे लगा कि छोटी-मोटी शंकाओं को दूर करने के लिए यह बातचीत ठीक है।,[],0
1582,Q&A के जवाब न्यूट्रल टोन के लगते हैं।,3,0,0,0,0,0,0,0,0,2,Q&A के जवाब न्यूट्रल टोन के लगते हैं।,[],0
1583,डिस्कशन सेक्शन उम्मीद के मुताबिक काम करता है।,4,0,0,0,0,1,0,0,0,1,डिस्कशन सेक्शन उम्मीद के मुताबिक काम करता है।,[],0
1584,"कम्युनिकेशन तो है, लेकिन हमेशा डिटेल में नहीं।",3,0,0,0,0,0,1,0,0,2,"कम्युनिकेशन तो है, लेकिन हमेशा डिटेल में नहीं।",[],0
1585,"इंस्ट्रक्टर सवालों के जवाब देता है, लेकिन टोन न्यूट्रल रहता है।",3,0,0,0,0,0,0,0,0,2,"इंस्ट्रक्टर सवालों के जवाब देता है, लेकिन टोन न्यूट्रल रहता है।",[],0
1586,मुझे बेसिक सपोर्ट के लिए Q&A इंटरैक्शन काफी लगा।,3,0,0,0,0,1,0,0,0,1,मुझे बेसिक सपोर्ट के लिए Q&A इंटरैक्शन काफी लगा।,[],0
1587,"जवाब आमतौर पर साफ़ होते हैं, भले ही छोटे हों।",3,0,0,0,0,0,0,0,0,2,"जवाब आमतौर पर साफ़ होते हैं, भले ही छोटे हों।",[],0
1588,बातचीत ज़्यादा खास नहीं दिखती।,3,0,0,0,0,0,1,0,0,2,बातचीत ज़्यादा खास नहीं दिखती।,[],0
1589,डिस्कशन सेक्शन में कम लेकिन काम का फ़ीडबैक मिलता है।,3,0,0,0,0,0,1,0,0,2,डिस्कशन सेक्शन में कम लेकिन काम का फ़ीडबैक मिलता है।,[],0
1590,मुझे इंस्ट्रक्टर के जवाब कभी-कभी फ्रस्ट्रेटिंग लगते थे।,3,1,0,0,0,0,1,0,0,0,मुझे इंस्ट्रक्टर के जवाब कभी-कभी फ्रस्ट्रेटिंग लगते थे।,[],0
1591,"कुछ सवालों के जवाब नहीं मिले हैं, जिससे सपोर्ट पर भरोसा प्रभावित होता है।",3,0,0,0,0,0,1,0,0,0,"कुछ सवालों के जवाब नहीं मिले हैं, जिससे सपोर्ट पर भरोसा प्रभावित होता है।",[],0
1592,चर्चा के जवाब कभी-कभी डिफेंसिव लगते हैं।,3,1,0,1,0,0,1,0,0,0,चर्चा के जवाब कभी-कभी डिफेंसिव लगते हैं।,[],0
1593,"कुछ चिंताओं को जिस तरह से हैंडल किया गया, उससे मैं निराश था।",3,1,0,0,0,0,1,0,0,0,"कुछ चिंताओं को जिस तरह से हैंडल किया गया, उससे मैं निराश था।",[],0
1594,Q&A में बातचीत कभी-कभी बेकार लग सकती है।,3,1,0,1,0,0,1,0,0,0,Q&A में बातचीत कभी-कभी बेकार लग सकती है।,[],0
1595,कुछ जवाबों में सब्र और साफ़-साफ़ नहीं होता।,3,1,0,0,0,0,1,0,0,0,कुछ जवाबों में सब्र और साफ़-साफ़ नहीं होता।,[],0
1596,मुझे कुछ रिप्लाई में इस्तेमाल किए गए टोन से अजीब लगा.,3,0,0,0,0,0,1,0,0,0,मुझे कुछ रिप्लाई में इस्तेमाल किए गए टोन से अजीब लगा.,[],0
1597,कुछ जवाबों में इंस्ट्रक्टर का रवैया बेवजह अग्रेसिव लगता है।,3,1,0,1,0,0,1,0,0,0,कुछ जवाबों में इंस्ट्रक्टर का रवैया बेवजह अग्रेसिव लगता है।,[],0
1598,सपोर्टिव भाषा की कमी से बातचीत कम अच्छी हो गई।,3,0,0,0,0,0,1,0,0,0,सपोर्टिव भाषा की कमी से बातचीत कम अच्छी हो गई।,[],0
1599,मुझे Q&A बातचीत एक जैसी नहीं और कभी-कभी फ्रस्ट्रेटिंग लगी।,3,1,0,0,0,0,1,0,0,0,मुझे Q&A बातचीत एक जैसी नहीं और कभी-कभी फ्रस्ट्रेटिंग लगी।,[],0
1600,कुछ जवाब मददगार होने के बजाय ज़्यादा क्रिटिकल लगते हैं।,3,1,0,1,0,0,1,0,0,0,कुछ जवाब मददगार होने के बजाय ज़्यादा क्रिटिकल लगते हैं।,[],0
1601,"कुछ टेक्निकल सवालों को जिस तरह से हैंडल किया गया, उससे मैं निराश था।",0,1,0,0,0,0,1,0,0,0,"कुछ टेक्निकल सवालों को जिस तरह से हैंडल किया गया, उससे मैं निराश था।",[],0
1602,बातचीत का तरीका कभी-कभी निराश करने वाला लगता है।,3,0,0,0,0,0,1,0,0,0,बातचीत का तरीका कभी-कभी निराश करने वाला लगता है।,[],0
1603,मुझे उन जवाबों से गुस्सा आया जो सीधे सवाल का जवाब नहीं देते थे।,3,1,0,0,0,0,1,0,0,0,मुझे उन जवाबों से गुस्सा आया जो सीधे सवाल का जवाब नहीं देते थे।,[],0
1604,डिस्कशन सेक्शन में कभी-कभी सपोर्टिव टोन की कमी होती है।,3,0,0,0,0,0,1,0,0,0,डिस्कशन सेक्शन में कभी-कभी सपोर्टिव टोन की कमी होती है।,[],0
1605,"कुल मिलाकर, इंस्ट्रक्टर की मौजूदगी के बावजूद बातचीत निराशाजनक लग सकती है।",3,0,0,0,0,0,1,0,0,0,"कुल मिलाकर, इंस्ट्रक्टर की मौजूदगी के बावजूद बातचीत निराशाजनक लग सकती है।",[],0
