No,feedback,aspect,anger,anticipation,disgust,fear,joy,sadness,surprise,trust,sentiment,feed_no_emo,_emo,n_emo
1,"Excelente curso, muy completo",4,0,0,0,0,1,0,0,1,1,"Excelente curso, muy completo",[],0
2,Very nice course,4,0,0,0,0,1,0,0,1,1,Very nice course,[],0
3,Excelente curso!,4,0,0,0,0,1,0,0,1,1,Excelente curso!,[],0
4,"De verdad que he buscado varios cursos en esta plataforma y resultan terrible, se enfrascan en la teoría y luego la practica casi nula",2,1,0,1,0,0,1,0,0,0,"De verdad que he buscado varios cursos en esta plataforma y resultan terrible, se enfrascan en la teoría y luego la practica casi nula",[],0
5,"Pero este curso es perfecto si realmente desea aprender, las practicas muy completas, bien explicadas, la teoría es suficiente y el instructor maneja super bien el tema, la verdad recomiendo el curso muchísimo, uno de los pocos cursos que vale la pena comprar en esta plataforma",4,0,0,0,0,1,0,0,1,1,"Pero este curso es perfecto si realmente desea aprender, las practicas muy completas, bien explicadas, la teoría es suficiente y el instructor maneja super bien el tema, la verdad recomiendo el curso muchísimo, uno de los pocos cursos que vale la pena comprar en esta plataforma",[],0
6,"Muy Buen curso y bastante completo, para los que quieran aprender y no tengan conocimientos previos en este tema de procesamiento en lenguaje natural este curso les ayudará mucho , conmigo lo hizo, recomendado",4,0,0,0,0,1,0,0,1,1,"Muy Buen curso y bastante completo, para los que quieran aprender y no tengan conocimientos previos en este tema de procesamiento en lenguaje natural este curso les ayudará mucho , conmigo lo hizo, recomendado",[],0
7,"Muy buena explicación, tiene una buena metodología que te permite entender y comprender el código",4,0,0,0,0,1,0,0,1,1,"Muy buena explicación, tiene una buena metodología que te permite entender y comprender el código",[],0
8,Es muuuy practico y eso es lo bueno,4,0,0,0,0,1,0,0,0,1,Es muuuy practico y eso es lo bueno,[],0
9,Es un curso muy completo que abarca desde los aspectos básicos del Machine Learning y Deep Learning hasta los conceptos teóricos y prácticos utilizados en Procesamiento de Lenguaje Natural,4,0,0,0,0,0,0,0,1,1,Es un curso muy completo que abarca desde los aspectos básicos del Machine Learning y Deep Learning hasta los conceptos teóricos y prácticos utilizados en Procesamiento de Lenguaje Natural,[],0
10,"La metodología de enseñanza es muy buena ya que primero se explica la teoría y los algoritmos, para luego aplicarlo desarrollando los modelos de NLP con Python",4,0,0,0,0,0,0,0,1,1,"La metodología de enseñanza es muy buena ya que primero se explica la teoría y los algoritmos, para luego aplicarlo desarrollando los modelos de NLP con Python",[],0
11,entendí bien de que se trata el curso,4,0,0,0,0,1,0,0,1,1,entendí bien de que se trata el curso,[],0
12,Muy bien explicado todo,4,0,0,0,0,1,0,0,1,1,Muy bien explicado todo,[],0
13,Gran curso! Super didactico,4,0,0,0,0,1,0,0,1,1,Gran curso! Super didactico,[],0
14,"Muy buen nivel de comunicación, me es sencillo seguir el curso",4,0,0,0,0,1,0,0,1,1,"Muy buen nivel de comunicación, me es sencillo seguir el curso",[],0
15,"El curso está muy completo, tanto en la parte teórica como en la práctica",4,0,0,0,0,0,0,0,1,1,"El curso está muy completo, tanto en la parte teórica como en la práctica",[],0
16,Muy bueno,4,0,0,0,0,1,0,0,1,1,Muy bueno,[],0
17,"Buen curso, explica detalladamente toda las materias y desde la base (aunque escala muy rápido como es lógico)",4,0,0,0,0,1,0,0,1,1,"Buen curso, explica detalladamente toda las materias y desde la base (aunque escala muy rápido como es lógico)",[],0
18,"Me ha gustado sobre el tema de LSTM , donde se ha explicado con bastante profundidad el tema",4,0,0,0,0,1,0,0,1,1,"Me ha gustado sobre el tema de LSTM , donde se ha explicado con bastante profundidad el tema",[],0
19,"Si tuviera que ponerle un pero es en la parte de modelos transformers, creo que me hubiera gustado más profundidad con el tema",2,0,0,0,0,0,1,0,0,2,"Si tuviera que ponerle un pero es en la parte de modelos transformers, creo que me hubiera gustado más profundidad con el tema",[],0
20,"Buenas Manuel, ¡Te felicito por el curso que has realizado!",4,0,0,0,0,1,0,0,1,2,"Buenas Manuel, ¡Te felicito por el curso que has realizado!",[],0
21,"He utilizado anteriormente Udemy para cursos de programación, y sin duda este es el que mayor calidad tiene",4,0,0,0,0,1,0,0,1,1,"He utilizado anteriormente Udemy para cursos de programación, y sin duda este es el que mayor calidad tiene",[],0
22,"Tu contenido tiene un gran valor, y tus explicaciones son muy buenas",4,0,0,0,0,1,0,0,1,1,"Tu contenido tiene un gran valor, y tus explicaciones son muy buenas",[],0
23,¡Espero qué te vaya bien y sigas subiendo contenido!,4,0,0,0,0,0,0,0,1,1,¡Espero qué te vaya bien y sigas subiendo contenido!,[],0
24,Fuerte para mí ya que no tenía experiencia previa en el tema  😅,2,0,1,0,0,0,0,0,0,0,Fuerte para mí ya que no tenía experiencia previa en el tema,['😅'],1
25,Creo que por el hecho de llegar a la mitad he conseguido superar la sensación,2,0,1,0,0,0,0,0,0,2,Creo que por el hecho de llegar a la mitad he conseguido superar la sensación,[],0
26,"En cualquier caso entiendo que los expertos en inteligencia artificial, sobre todo en lo que se refiere a los formadores deben seguir trabajando la capacidad de síntesis y resumen",1,0,1,0,0,0,0,0,0,2,"En cualquier caso entiendo que los expertos en inteligencia artificial, sobre todo en lo que se refiere a los formadores deben seguir trabajando la capacidad de síntesis y resumen",[],0
27,"Curso, muy completo, el mejor en el mercado",4,0,0,0,0,1,0,0,1,1,"Curso, muy completo, el mejor en el mercado",[],0
28,"excelente curso, me es muy util para mi proyecto de investigación",4,0,0,0,0,1,0,0,1,1,"excelente curso, me es muy util para mi proyecto de investigación",[],0
29,"Es un curso muy completo, muy bien explicado y es muy detallado",4,0,0,0,0,1,0,0,1,1,"Es un curso muy completo, muy bien explicado y es muy detallado",[],0
30,"Excelente curso, muy completo",4,0,0,0,0,1,0,0,1,1,"Excelente curso, muy completo",[],0
31,el profesor explica perfectamente los conceptos,4,0,0,0,0,1,0,0,1,1,el profesor explica perfectamente los conceptos,[],0
32,esta excelente,4,0,0,0,0,1,0,0,0,1,esta excelente,[],0
33,hasta el momento parece que si,4,0,0,0,0,1,0,0,1,1,hasta el momento parece que si,[],0
34,MUY BUENA,4,0,0,0,0,1,0,0,0,1,MUY BUENA,[],0
35,"Buen curso, recomendable",4,0,0,0,0,1,0,0,1,1,"Buen curso, recomendable",[],0
36,Mejorar la descripcion de los casos practicos,4,0,1,0,0,0,0,0,0,2,Mejorar la descripcion de los casos practicos,[],0
37,Ok 👍,4,0,0,0,0,0,0,0,1,2,Ok,['👍'],1
38,"Es muy completo y se ve que tiene mucho conocimiento, lo malo que tiende a ser muy repetitivo, tanto con las expliciones, como con los codigos 😞",1,0,0,0,1,1,1,0,0,2,"Es muy completo y se ve que tiene mucho conocimiento, lo malo que tiende a ser muy repetitivo, tanto con las expliciones, como con los codigos",['😞'],1
39,excelente,4,0,0,0,0,1,0,0,0,1,excelente,[],0
40,"Es un buen curso relativamente completo pero los notebooks y el material es terrible, me quito mucho tiempo ya que esta incompleto por partes y es sumamente tedioso ademas las funciones que usa son innecesariamente complicadas",2,1,0,0,0,1,1,0,0,0,"Es un buen curso relativamente completo pero los notebooks y el material es terrible, me quito mucho tiempo ya que esta incompleto por partes y es sumamente tedioso ademas las funciones que usa son innecesariamente complicadas",[],0
41,las librerias que el profesor muestra dan error y no explica como y de donde instalarlas,2,0,0,0,0,0,0,0,0,0,las librerias que el profesor muestra dan error y no explica como y de donde instalarlas,[],0
42,"Como todos los cursos de ivan, me gusta que sean bien hands on sobre las posibilidades que da la disciplina",4,0,0,0,0,1,0,0,1,1,"Como todos los cursos de ivan, me gusta que sean bien hands on sobre las posibilidades que da la disciplina",[],0
43,explica muy bien,4,0,0,0,0,1,0,0,1,1,explica muy bien,[],0
44,"pero podría ser un poco mas accesible indicando que se muestra en la pantalla: las personas ciegas como yo me pierdo cuando dice: y se ve así, o tienes que instalar todas estas librerías que se ve en pantalla, etc",0,0,0,0,1,0,1,0,0,0,"pero podría ser un poco mas accesible indicando que se muestra en la pantalla: las personas ciegas como yo me pierdo cuando dice: y se ve así, o tienes que instalar todas estas librerías que se ve en pantalla, etc",[],0
45,"Como base e inicial, es muy bueno",4,0,0,0,0,1,0,0,1,1,"Como base e inicial, es muy bueno",[],0
46,Excelente curso y explicación por parte de instructor!,4,0,0,0,0,1,0,0,1,1,Excelente curso y explicación por parte de instructor!,[],0
47,EXCELENTE CURSO,4,0,0,0,0,1,0,0,1,1,EXCELENTE CURSO,[],0
48,Muy interesante y concreto,4,0,0,0,0,1,0,0,1,1,Muy interesante y concreto,[],0
49,En poco tiempo se pone uno al día de todas estas tecnologías,4,0,1,0,0,1,0,0,1,1,En poco tiempo se pone uno al día de todas estas tecnologías,[],0
50,"es el tercer curso que compro con el instructor, son cursos cortos pero sin duda han marcado un antes y despues en mi empresa",4,0,0,0,0,1,0,0,1,1,"es el tercer curso que compro con el instructor, son cursos cortos pero sin duda han marcado un antes y despues en mi empresa",[],0
51,Todavía no lo he terminado para dar una valoración 😶,0,0,1,0,0,0,0,0,0,2,Todavía no lo he terminado para dar una valoración,['😶'],1
52,"Empecé de 0, ha sido un curso muy interesante para tener un paneo de que se puede implementar en NLP",4,0,0,0,0,1,0,0,1,1,"Empecé de 0, ha sido un curso muy interesante para tener un paneo de que se puede implementar en NLP",[],0
53,"En un momento esperaba que fuese mucho más extenso pero creo que está genial para quien empieza sin conocimientos porque te da ideas de que es NLP, como se aplican los ejes que aborda este curso y cuando se puede implementar",4,0,1,0,0,1,0,0,0,1,"En un momento esperaba que fuese mucho más extenso pero creo que está genial para quien empieza sin conocimientos porque te da ideas de que es NLP, como se aplican los ejes que aborda este curso y cuando se puede implementar",[],0
54,Quedará en uno mejorar esos conocimientos y ponerse creativos a la hora de desarrollar una solución,4,0,0,0,0,0,0,0,1,1,Quedará en uno mejorar esos conocimientos y ponerse creativos a la hora de desarrollar una solución,[],0
55,Muy bueno explicando y didácticas las clases,4,0,0,0,0,1,0,0,1,1,Muy bueno explicando y didácticas las clases,[],0
56,El curso cubre todos los aspectos esenciales de NLP y más,4,0,0,0,0,1,0,0,1,1,El curso cubre todos los aspectos esenciales de NLP y más,[],0
57,Las lecciones son claras y los ejemplos prácticos te ayudan a aplicar lo aprendido,4,0,0,0,0,1,0,0,1,1,Las lecciones son claras y los ejemplos prácticos te ayudan a aplicar lo aprendido,[],0
58,Ahora me siento mucho más seguro trabajando con procesamiento de lenguaje natural,4,0,0,0,0,1,0,0,1,1,Ahora me siento mucho más seguro trabajando con procesamiento de lenguaje natural,[],0
59,Me ha encantado este curso,4,0,0,0,0,1,0,0,0,1,Me ha encantado este curso,[],0
60,Los temas están bien explicados y el instructor hace un gran trabajo en desglosar conceptos complejos en partes fáciles de entender,4,0,0,0,0,1,0,0,1,1,Los temas están bien explicados y el instructor hace un gran trabajo en desglosar conceptos complejos en partes fáciles de entender,[],0
61,"Aprendí mucho sobre cómo aplicar técnicas de NLP en diferentes contextos, desde análisis de sentimientos hasta clasificación de textos",4,0,0,0,0,1,0,0,1,1,"Aprendí mucho sobre cómo aplicar técnicas de NLP en diferentes contextos, desde análisis de sentimientos hasta clasificación de textos",[],0
62,Muy buen curso para aprender sobre NLP,4,0,0,0,0,1,0,0,1,1,Muy buen curso para aprender sobre NLP,[],0
63,"El contenido es accesible y los ejemplos son prácticos, lo que hace que sea fácil seguir las lecciones",4,0,0,0,0,1,0,0,1,1,"El contenido es accesible y los ejemplos son prácticos, lo que hace que sea fácil seguir las lecciones",[],0
64,¡Qué curso tan interesante! Aprendí a manejar herramientas de NLP y a implementar modelos para analizar textos,4,0,0,0,0,1,0,0,1,1,¡Qué curso tan interesante! Aprendí a manejar herramientas de NLP y a implementar modelos para analizar textos,[],0
65,muy didáctico y de grsn uso en el mundo real,4,0,0,0,0,1,0,0,1,1,muy didáctico y de grsn uso en el mundo real,[],0
66,Este curso es una excelente introducción al procesamiento del lenguaje natural,4,0,0,0,0,1,0,0,1,1,Este curso es una excelente introducción al procesamiento del lenguaje natural,[],0
67,El curso es realemnte muy bueno,4,0,0,0,0,1,0,0,1,1,El curso es realemnte muy bueno,[],0
68,"Es introductorio , no se puede pretender ser experto en NLP en 2.5 hs de reloj , pero deja una gran base ,recursos y herramientas para poner en practica y perfeccionarse",2,0,0,0,0,0,1,0,0,0,"Es introductorio , no se puede pretender ser experto en NLP en 2.5 hs de reloj , pero deja una gran base ,recursos y herramientas para poner en practica y perfeccionarse",[],0
69,Super recomendable,4,0,0,0,0,1,0,0,1,1,Super recomendable,[],0
70,Me gusto porque me ayudo a entender rápidamente,4,0,0,0,0,1,0,0,1,1,Me gusto porque me ayudo a entender rápidamente,[],0
71,Sip,4,0,0,0,0,1,0,0,0,1,Sip,[],0
72,Lo recomiendo a todos los interesados en esta área,4,0,0,0,0,1,0,0,1,1,Lo recomiendo a todos los interesados en esta área,[],0
73,Es justo lo que necesitaba para mis proyectos,4,0,0,0,0,1,0,0,1,1,Es justo lo que necesitaba para mis proyectos,[],0
74,Es perfecto para iniciarse en NLP,4,0,0,0,0,1,0,0,1,1,Es perfecto para iniciarse en NLP,[],0
75,Uncurso maravilloso y me ha ayudado mucho,4,0,0,0,0,1,0,0,1,1,Uncurso maravilloso y me ha ayudado mucho,[],0
76,"Buena información, muy util",4,0,0,0,0,1,0,0,1,1,"Buena información, muy util",[],0
77,muy bien,4,0,0,0,0,1,0,0,1,1,muy bien,[],0
78,"Su enseñanza es excelente, realmente puedes hacer y aprender al mismo tiempo, que en mi opinión es la mejor manera de aprender",4,0,0,0,0,1,0,0,1,1,"Su enseñanza es excelente, realmente puedes hacer y aprender al mismo tiempo, que en mi opinión es la mejor manera de aprender",[],0
79,correcto,4,0,0,0,0,1,0,0,0,2,correcto,[],0
80,Invertí cada minuto en este curso y obtuve un valor inmenso,4,0,0,0,0,1,0,0,1,1,Invertí cada minuto en este curso y obtuve un valor inmenso,[],0
81,¡Muy recomendado!,4,0,0,0,0,1,0,0,1,1,¡Muy recomendado!,[],0
82,¡Qué curso tan increíble! Muy bien explicado,4,0,0,0,0,1,0,1,1,1,¡Qué curso tan increíble! Muy bien explicado,[],0
83,He aprendido muchísimo con este curso,4,0,0,0,0,1,0,0,1,1,He aprendido muchísimo con este curso,[],0
84,"Excelente curso, muy actualizado y fácil de seguir para aprender NLP con Python",4,0,0,0,0,1,0,0,1,1,"Excelente curso, muy actualizado y fácil de seguir para aprender NLP con Python",[],0
85,Realmente el curso es muy bueno,4,0,0,0,0,1,0,0,1,1,Realmente el curso es muy bueno,[],0
86,Muchas gracias por este hermoso curso,4,0,0,0,0,1,0,0,1,1,Muchas gracias por este hermoso curso,[],0
87,"Curso bien estructurado, con buenos recursos y ejercicios prácticos",4,0,0,0,0,1,0,0,1,1,"Curso bien estructurado, con buenos recursos y ejercicios prácticos",[],0
88,Gracias por este curso,4,0,0,0,0,1,0,0,1,1,Gracias por este curso,[],0
89,Me ha ayudado mucho a aprender con este curso,4,0,0,0,0,1,0,0,1,1,Me ha ayudado mucho a aprender con este curso,[],0
90,Las lecciones de este curso son muy claras y están bien organizadas,4,0,0,0,0,1,0,0,1,1,Las lecciones de este curso son muy claras y están bien organizadas,[],0
91,"Me gustó especialmente la sección sobre análisis de sentimientos, que me resultó muy útil para mis proyectos",4,0,0,0,0,1,0,0,1,1,"Me gustó especialmente la sección sobre análisis de sentimientos, que me resultó muy útil para mis proyectos",[],0
92,¡Gran curso! Aprendí a crear chatbots y a realizar análisis de textos de manera efectiva,4,0,0,0,0,1,0,0,1,1,¡Gran curso! Aprendí a crear chatbots y a realizar análisis de textos de manera efectiva,[],0
93,"El contenido está bien estructurado y es fácil de seguir, incluso si no tienes mucha experiencia previa",4,0,0,0,0,1,0,0,1,1,"El contenido está bien estructurado y es fácil de seguir, incluso si no tienes mucha experiencia previa",[],0
94,Este curso me ha abierto los ojos a las posibilidades del procesamiento del lenguaje natural,4,0,0,0,0,1,0,0,1,1,Este curso me ha abierto los ojos a las posibilidades del procesamiento del lenguaje natural,[],0
95,Las aplicaciones prácticas que cubre son exactamente lo que necesitaba para avanzar en mi carrera,4,0,0,0,0,1,0,0,1,1,Las aplicaciones prácticas que cubre son exactamente lo que necesitaba para avanzar en mi carrera,[],0
96,Me encanta cómo el instructor hace que conceptos complejos sean fáciles de entender,4,0,0,0,0,1,0,0,1,1,Me encanta cómo el instructor hace que conceptos complejos sean fáciles de entender,[],0
97,Ahora puedo aplicar técnicas de NLP en mis propios proyectos con confianza,4,0,0,0,0,1,0,0,1,1,Ahora puedo aplicar técnicas de NLP en mis propios proyectos con confianza,[],0
98,Un curso excelente para aprender NLP desde cero,4,0,0,0,0,1,0,0,1,1,Un curso excelente para aprender NLP desde cero,[],0
99,Los ejemplos de clasificación de textos y análisis de sentimientos son muy útiles,4,0,0,0,0,1,0,0,1,1,Los ejemplos de clasificación de textos y análisis de sentimientos son muy útiles,[],0
100,Totalmente recomendable,4,0,0,0,0,1,0,0,1,1,Totalmente recomendable,[],0
101,Este curso es justo lo que estaba buscando para empezar en NLP,4,0,1,0,0,1,0,0,1,1,Este curso es justo lo que estaba buscando para empezar en NLP,[],0
102,Las explicaciones son claras y los ejemplos prácticos me han ayudado a entender mejor cómo aplicar técnicas de procesamiento de lenguaje,4,0,0,0,0,1,0,0,1,1,Las explicaciones son claras y los ejemplos prácticos me han ayudado a entender mejor cómo aplicar técnicas de procesamiento de lenguaje,[],0
103,Estoy impresionado con la cantidad de información útil en este curso,4,0,0,0,0,1,0,1,1,1,Estoy impresionado con la cantidad de información útil en este curso,[],0
104,"Desde análisis de sentimientos hasta la creación de chatbots, cubre todos los aspectos importantes de NLP",4,0,0,0,0,0,0,0,1,1,"Desde análisis de sentimientos hasta la creación de chatbots, cubre todos los aspectos importantes de NLP",[],0
105,Muy completo,4,0,0,0,0,1,0,0,1,1,Muy completo,[],0
106,Contenido muy completo y adaptado a las últimas tendencias en NLP,4,0,0,0,0,1,0,0,1,1,Contenido muy completo y adaptado a las últimas tendencias en NLP,[],0
107,Con este curso estoy iniciándome en el mundo del NLP de una forma bastante atractiva,4,0,1,0,0,1,0,0,0,1,Con este curso estoy iniciándome en el mundo del NLP de una forma bastante atractiva,[],0
108,Ahora conozco mucho más sobre los conceptos y la forma de trabajar de este sector,4,0,0,0,0,1,0,0,1,1,Ahora conozco mucho más sobre los conceptos y la forma de trabajar de este sector,[],0
109,"Quería un enfoque rápido y lo más completo posible sobre NLP, y este curso me lo ha proporcionado",4,0,1,0,0,1,0,0,1,1,"Quería un enfoque rápido y lo más completo posible sobre NLP, y este curso me lo ha proporcionado",[],0
110,Me ha permitido conocer en lo que debo de profundizar y hacer para seguir avanzando en este mundillo,4,0,1,0,0,0,0,0,1,1,Me ha permitido conocer en lo que debo de profundizar y hacer para seguir avanzando en este mundillo,[],0
111,"Este curso es muy útil y valioso, puesto que Iván explica de forma dinámica, sin demorarse y a la vez sin correr, explicando cada paso de manera entendible",4,0,0,0,0,1,0,0,1,1,"Este curso es muy útil y valioso, puesto que Iván explica de forma dinámica, sin demorarse y a la vez sin correr, explicando cada paso de manera entendible",[],0
112,"Además, responde a todas las cuestiones que le plantean y te facilita el aprendizaje",4,0,0,0,0,1,0,0,1,1,"Además, responde a todas las cuestiones que le plantean y te facilita el aprendizaje",[],0
113,"Muchas gracias, Iván",4,0,0,0,0,1,0,0,0,1,"Muchas gracias, Iván",[],0
114,Nos veremos en otro curso,4,0,1,0,0,0,0,0,0,2,Nos veremos en otro curso,[],0
115,¡100% recomendado!,4,0,0,0,0,1,0,0,1,1,¡100% recomendado!,[],0
116,"Excelente curso, se explica el concepto y se realiza práctica para profundizar",4,0,0,0,0,1,0,0,1,1,"Excelente curso, se explica el concepto y se realiza práctica para profundizar",[],0
117,Otro punto a favor es que el tutor responde rápidamente las inquietudes,4,0,0,0,0,0,0,0,1,1,Otro punto a favor es que el tutor responde rápidamente las inquietudes,[],0
118,Sugiero que el tutor considere agregar una sección más donde se combinen técnicas y ojala se utilizará en una página web 🤞,2,0,1,0,0,1,0,0,1,2,Sugiero que el tutor considere agregar una sección más donde se combinen técnicas y ojala se utilizará en una página web,['🤞'],1
119,Muchas gracias Iván,4,0,0,0,0,1,0,0,0,1,Muchas gracias Iván,[],0
120,Excelente curso,4,0,0,0,0,1,0,0,1,1,Excelente curso,[],0
121,Me quede asombrado por la sencilla y clara explicación de cada uno de los temas,4,0,0,0,0,1,0,1,0,1,Me quede asombrado por la sencilla y clara explicación de cada uno de los temas,[],0
122,Ejemplos prácticos de la vida real,4,0,0,0,0,0,0,0,1,2,Ejemplos prácticos de la vida real,[],0
123,"Con información útil para empezar ya! Gracias Ivan, eres la autoridad en la materia!",4,0,0,0,0,1,0,0,1,1,"Con información útil para empezar ya! Gracias Ivan, eres la autoridad en la materia!",[],0
124,Muy buen curso,4,0,0,0,0,1,0,0,1,1,Muy buen curso,[],0
125,La verdad que es muy breve pero a la vez profundo,4,0,0,0,0,0,0,1,1,1,La verdad que es muy breve pero a la vez profundo,[],0
126,Te deja una clara idea de cada concepto y esta muy bien explicado,4,0,0,0,0,1,0,0,1,1,Te deja una clara idea de cada concepto y esta muy bien explicado,[],0
127,Muy recomendable,4,0,0,0,0,1,0,0,1,1,Muy recomendable,[],0
128,Curso ideal para gente que desee iniciarse en la lingüistica computacional o aquellos curiosos con ganas de explorar Python a fondo 💡,4,0,0,0,0,1,0,1,1,1,Curso ideal para gente que desee iniciarse en la lingüistica computacional o aquellos curiosos con ganas de explorar Python a fondo,['💡'],1
129,Iván explica de manera clara y se anticipa a posibles contratiempos que puedan surgir en el proceso de instalación de librerías,4,0,1,0,0,0,0,0,1,1,Iván explica de manera clara y se anticipa a posibles contratiempos que puedan surgir en el proceso de instalación de librerías,[],0
130,He aprendido muchísimo,4,0,0,0,0,1,0,0,0,1,He aprendido muchísimo,[],0
131,Iván lo explica muy bien y lo hace sencillo,4,0,0,0,0,1,0,0,1,1,Iván lo explica muy bien y lo hace sencillo,[],0
132,Súper recomendado,4,0,0,0,0,1,0,0,1,1,Súper recomendado,[],0
133,"El curso te explica los algoritmos para NLP necesarios, obviamente incluyendo las librerias necesarias, si que es verdad que no profundiza mucho en estas pero como algoritmo explicado resuelve el problema panteado",4,0,0,0,0,1,0,0,1,1,"El curso te explica los algoritmos para NLP necesarios, obviamente incluyendo las librerias necesarias, si que es verdad que no profundiza mucho en estas pero como algoritmo explicado resuelve el problema panteado",[],0
134,Con los conocimientos e imaginación se le puede sacar muco provecho a este curso,4,0,1,0,0,0,0,0,1,1,Con los conocimientos e imaginación se le puede sacar muco provecho a este curso,[],0
135,El curso es buenísimo,4,0,0,0,0,1,0,0,1,1,El curso es buenísimo,[],0
136,"No es para principiantes de Python y en general los videos van directo al tema, no explican la razón o como funciona lo básico, que a mi me pareció excelente para poner en práctica",2,0,0,0,0,0,1,0,0,0,"No es para principiantes de Python y en general los videos van directo al tema, no explican la razón o como funciona lo básico, que a mi me pareció excelente para poner en práctica",[],0
137,"El curso está muy bien para entender globalmente las tareas directamente relacionadas con el procesamiento del lenguaje natural y sus aplicaciones, con explicaciones claras y concisas de casos prácticos",4,0,0,0,0,1,0,0,1,1,"El curso está muy bien para entender globalmente las tareas directamente relacionadas con el procesamiento del lenguaje natural y sus aplicaciones, con explicaciones claras y concisas de casos prácticos",[],0
138,Útil! Muchas gracias!,4,0,0,0,0,1,0,0,1,1,Útil! Muchas gracias!,[],0
139,"Sinceramente al principio pensé que el curso por ser tan corto no me enseñaría lo suficiente pero la verdad es que termine realmente a gusto y agradecido con todo lo que logré aprender, definitivamente recomiendo este curso, el profesor sabe explicar muy bien",4,0,0,0,0,1,0,1,1,1,"Sinceramente al principio pensé que el curso por ser tan corto no me enseñaría lo suficiente pero la verdad es que termine realmente a gusto y agradecido con todo lo que logré aprender, definitivamente recomiendo este curso, el profesor sabe explicar muy bien",[],0
140,"Fue una buena elección del curso, explicó muy bien y me sirvió para aplicar los conceptos y realizar un sistema",4,0,0,0,0,1,0,0,1,1,"Fue una buena elección del curso, explicó muy bien y me sirvió para aplicar los conceptos y realizar un sistema",[],0
141,"Los temas y los ejemplos son muy claros , los pasos en los programas se entienden",4,0,0,0,0,1,0,0,1,1,"Los temas y los ejemplos son muy claros , los pasos en los programas se entienden",[],0
142,Recomiendo este curso,4,0,0,0,0,1,0,0,1,1,Recomiendo este curso,[],0
143,Lo que estaba buscando en un curso introductorio de NLP con Python,4,0,1,0,0,0,0,0,1,1,Lo que estaba buscando en un curso introductorio de NLP con Python,[],0
144,Buena explicación sobre los casos de uso y ejemplos útiles y fáciles de entender,4,0,0,0,0,1,0,0,1,1,Buena explicación sobre los casos de uso y ejemplos útiles y fáciles de entender,[],0
145,Gracias Iván,4,0,0,0,0,1,0,0,0,1,Gracias Iván,[],0
146,Buen curso para iniciarse en el tema del procesamiento del lenguaje natural con Python,4,0,1,0,0,0,0,0,1,1,Buen curso para iniciarse en el tema del procesamiento del lenguaje natural con Python,[],0
147,La modulación del instructor es deficiente,1,0,0,0,0,0,1,0,0,0,La modulación del instructor es deficiente,[],0
148,la traducción escrita es muy deficiente,0,0,0,0,0,0,1,0,0,0,la traducción escrita es muy deficiente,[],0
149,Todo muy bien explicado,4,0,0,0,0,1,0,0,1,1,Todo muy bien explicado,[],0
150,Y lo mejor orientado a casos prácticos de la realidad,4,0,0,0,0,1,0,0,1,1,Y lo mejor orientado a casos prácticos de la realidad,[],0
151,"Un buen curso, con muchos conocimientos nuevos, muy útil",4,0,0,0,0,1,0,0,1,1,"Un buen curso, con muchos conocimientos nuevos, muy útil",[],0
152,Por ahora es claro en el contenido brindado,4,0,0,0,0,0,0,0,1,1,Por ahora es claro en el contenido brindado,[],0
153,Me gusta la claridad con la explica y preocuparse de los detalles mínimos para los principiantes,4,0,0,0,0,1,0,0,1,1,Me gusta la claridad con la explica y preocuparse de los detalles mínimos para los principiantes,[],0
154,"El docente explica bien el contenido y es bien didáctico, directo al tema",4,0,0,0,0,1,0,0,1,1,"El docente explica bien el contenido y es bien didáctico, directo al tema",[],0
155,"Excelente curso, práctico y al punto sin rodeos gracias al instructor",4,0,0,0,0,1,0,0,1,1,"Excelente curso, práctico y al punto sin rodeos gracias al instructor",[],0
156,"Está superbién explicado, es muy práctico y he aprendido muchísimo",4,0,0,0,0,1,0,0,1,1,"Está superbién explicado, es muy práctico y he aprendido muchísimo",[],0
157,Excelente curso,4,0,0,0,0,1,0,0,1,1,Excelente curso,[],0
158,Felicitaciones Maestro 🎉,4,0,0,0,0,1,0,1,0,1,Felicitaciones Maestro,['🎉'],1
159,"Me gusto mucho el curso, muy completo, justo lo que necesitaba",4,0,0,0,0,1,0,0,1,1,"Me gusto mucho el curso, muy completo, justo lo que necesitaba",[],0
160,Super buen curso,4,0,0,0,0,1,0,0,1,1,Super buen curso,[],0
161,Explicando los conceptos de una forma concisa,4,0,0,0,0,0,0,0,1,1,Explicando los conceptos de una forma concisa,[],0
162,Muy bueno,4,0,0,0,0,1,0,0,1,1,Muy bueno,[],0
163,Felicitaciones instructor!! Justo lo que esperaba 🙌,4,0,0,0,0,1,0,1,0,1,Felicitaciones instructor!! Justo lo que esperaba,['🙌'],1
164,"Fue una muy buena elección, te enseña paso a paso y de forma muy sencilla todos y cada unos de lo conceptos",4,0,0,0,0,1,0,0,1,1,"Fue una muy buena elección, te enseña paso a paso y de forma muy sencilla todos y cada unos de lo conceptos",[],0
165,"Excelente curso, buenos recursos y buen maestro",4,0,0,0,0,1,0,0,1,1,"Excelente curso, buenos recursos y buen maestro",[],0
166,Muy util para obtener una base sobre NLP,4,0,0,0,0,0,0,0,1,1,Muy util para obtener una base sobre NLP,[],0
167,definitivamente una excelente elección,4,0,0,0,0,0,0,0,1,1,definitivamente una excelente elección,[],0
168,Muy bien Explicado y con buenos ejemplos,4,0,0,0,0,1,0,0,1,1,Muy bien Explicado y con buenos ejemplos,[],0
169,Ideal para principiantes!,4,0,0,0,0,1,0,0,1,1,Ideal para principiantes!,[],0
170,"Sencillo, no redundante y muy practico",4,0,0,0,0,0,0,0,1,1,"Sencillo, no redundante y muy practico",[],0
171,EXCELENTE CURSO,4,0,0,0,0,1,0,0,1,1,EXCELENTE CURSO,[],0
172,Bien explicado!,4,0,0,0,0,1,0,0,1,1,Bien explicado!,[],0
173,"Bueno, preciso y conciso",4,0,0,0,0,1,0,0,1,1,"Bueno, preciso y conciso",[],0
174,"Muy buen curso, excelente profesor",4,0,0,0,0,1,0,0,1,1,"Muy buen curso, excelente profesor",[],0
175,El docente transmite la información con la claridad y eficiencia,4,0,0,0,0,0,0,0,1,1,El docente transmite la información con la claridad y eficiencia,[],0
176,muy buena,4,0,0,0,0,1,0,0,1,1,muy buena,[],0
177,Perfectamente explicado y muy práctico,4,0,0,0,0,1,0,0,1,1,Perfectamente explicado y muy práctico,[],0
178,"El curso esta interesante, muy práctico",4,0,0,0,0,1,0,0,1,1,"El curso esta interesante, muy práctico",[],0
179,"Excelente, bastante claro",4,0,0,0,0,1,0,0,1,1,"Excelente, bastante claro",[],0
180,muy bien explicado 🙂,4,0,0,0,0,1,0,0,0,1,muy bien explicado,['🙂'],1
181,Peque me está gustando,4,0,0,0,0,0,0,0,1,1,Peque me está gustando,[],0
182,Excelente!,4,0,0,0,0,1,0,0,0,1,Excelente!,[],0
183,muy buen curso,4,0,0,0,0,1,0,0,1,1,muy buen curso,[],0
184,La explicación es clara y el programa funciona a la perfección,4,0,0,0,0,1,0,0,1,1,La explicación es clara y el programa funciona a la perfección,[],0
185,Se aprende la idea general y como aplicarla,4,0,0,0,0,0,0,0,1,1,Se aprende la idea general y como aplicarla,[],0
186,Gran curso y mejor profesor,4,0,0,0,0,1,0,0,1,1,Gran curso y mejor profesor,[],0
187,Muy practica la clase,4,0,0,0,0,1,0,0,0,1,Muy practica la clase,[],0
188,Very useful,4,0,0,0,0,1,0,0,0,1,Very useful,[],0
189,Excelente,4,0,0,0,0,1,0,0,1,1,Excelente,[],0
190,Muy bien,4,0,0,0,0,1,0,0,1,1,Muy bien,[],0
191,"Sí, me resulto muy clara",4,0,0,0,0,0,0,0,1,1,"Sí, me resulto muy clara",[],0
192,Muy buen curso,4,0,0,0,0,1,0,0,1,1,Muy buen curso,[],0
193,Los conceptos me parecen muy practicos,4,0,0,0,0,1,0,0,0,1,Los conceptos me parecen muy practicos,[],0
194,Si,4,0,0,0,0,0,0,0,1,2,Si,[],0
195,Excelente,4,0,0,0,0,1,0,0,1,1,Excelente,[],0
196,bien,4,0,0,0,0,1,0,0,1,1,bien,[],0
197,"se entiende excelente, muy clara la explicación",4,0,0,0,0,1,0,0,1,1,"se entiende excelente, muy clara la explicación",[],0
198,"Tomando en cuenta que es una introduccion a lo que es NLP, el curso esta muy bien explicado y aunque algunos conceptos se pasan muy rapido, ayudan a tener un nivel de entrada mas alto",4,0,0,0,0,1,0,0,1,1,"Tomando en cuenta que es una introduccion a lo que es NLP, el curso esta muy bien explicado y aunque algunos conceptos se pasan muy rapido, ayudan a tener un nivel de entrada mas alto",[],0
199,El curso fue interesante y sencillo de entender y aplicar,4,0,0,0,0,1,0,0,1,1,El curso fue interesante y sencillo de entender y aplicar,[],0
200,El curso está muy bien como toma de contacto con el NLP,4,0,0,0,0,1,0,0,1,1,El curso está muy bien como toma de contacto con el NLP,[],0
201,esta bien,4,0,0,0,0,1,0,0,0,2,esta bien,[],0
202,Muy bien explicado,4,0,0,0,0,1,0,0,1,1,Muy bien explicado,[],0
203,"Fue un curso bien explicado, interesante, concreto y replicable",4,0,0,0,0,1,0,0,1,1,"Fue un curso bien explicado, interesante, concreto y replicable",[],0
204,Muy útil para quienes nos interesan estos temas,4,0,0,0,0,0,0,0,1,1,Muy útil para quienes nos interesan estos temas,[],0
205,"Buen curso, sin embargo tiene pequeñas fallas, te recominendo que incorpores el chatbot como un servicio y consumirlo desde una pagina web, esto elevaria enormemente tu curso",4,0,1,0,0,0,0,0,1,2,"Buen curso, sin embargo tiene pequeñas fallas, te recominendo que incorpores el chatbot como un servicio y consumirlo desde una pagina web, esto elevaria enormemente tu curso",[],0
206,"El curso es muy bueno, sin embargo eché de menos más ejemplos y variantes con los casos que se expuso, ya que son escenarios ideales pero en la realidad se suelen tener más complicaciones",2,0,1,0,0,0,1,0,1,2,"El curso es muy bueno, sin embargo eché de menos más ejemplos y variantes con los casos que se expuso, ya que son escenarios ideales pero en la realidad se suelen tener más complicaciones",[],0
207,Me gusta el formato porque va directo al grano y yo tengo base teórica pero alguien que recién empieza probablemente necesite un poco más de teoría,1,0,0,0,0,0,0,0,1,1,Me gusta el formato porque va directo al grano y yo tengo base teórica pero alguien que recién empieza probablemente necesite un poco más de teoría,[],0
208,En general buen curso con grandes aplicaciones sin embargo me gustaría tener un poco más detalles de las librerías y su funcionamiento o las métricas utilizadas como el itf y otros,2,0,1,0,0,0,0,0,1,1,En general buen curso con grandes aplicaciones sin embargo me gustaría tener un poco más detalles de las librerías y su funcionamiento o las métricas utilizadas como el itf y otros,[],0
209,"Es un curso muy corto pero que cumple perfectamente, hay que tener en cuenta que tenemos que tener conocimientos de Python básicos para desenvolvernos correctamente, ya que en algunos casos hay que ser autodidactas por las futuras actualizaciones de las librerías",4,0,0,0,0,0,0,0,1,1,"Es un curso muy corto pero que cumple perfectamente, hay que tener en cuenta que tenemos que tener conocimientos de Python básicos para desenvolvernos correctamente, ya que en algunos casos hay que ser autodidactas por las futuras actualizaciones de las librerías",[],0
210,"Introduce a todas las variantes del PNL de forma clara y precisa, partiendo de la teoría y volcándola a la práctica con ejemplos sencillos y comprobables",4,0,0,0,0,1,0,0,1,1,"Introduce a todas las variantes del PNL de forma clara y precisa, partiendo de la teoría y volcándola a la práctica con ejemplos sencillos y comprobables",[],0
211,Una muy buena forma de adentrarse en el PNL,4,0,0,0,0,1,0,0,1,1,Una muy buena forma de adentrarse en el PNL,[],0
212,"Muy buen curso de inicialización en el tema y bien conciso, sugiero que siga así el instructor proponiendo otros niveles más avanzados en esta tematica y en IA en general",4,0,1,0,0,0,0,0,1,1,"Muy buen curso de inicialización en el tema y bien conciso, sugiero que siga así el instructor proponiendo otros niveles más avanzados en esta tematica y en IA en general",[],0
213,Me ha resultado muy útil por la capacidad de síntesis y la claridad con que quedan explicadas las utilidades de NLP,4,0,0,0,0,0,0,0,1,1,Me ha resultado muy útil por la capacidad de síntesis y la claridad con que quedan explicadas las utilidades de NLP,[],0
214,"Creo, además, que el dimensionamiento del curso y la forma de estructurarlo es perfecto para una primera y esencial aproximación a esta tecnología",4,0,0,0,0,0,0,0,1,1,"Creo, además, que el dimensionamiento del curso y la forma de estructurarlo es perfecto para una primera y esencial aproximación a esta tecnología",[],0
215,Muy bueno y cercano,4,0,0,0,0,1,0,0,1,1,Muy bueno y cercano,[],0
216,Explica de forma excelente para los que no saben así como para los que tienen alguna noción,4,0,0,0,0,1,0,0,1,1,Explica de forma excelente para los que no saben así como para los que tienen alguna noción,[],0
217,"Es un curso practico, me hubiesen gustado algunos ejemplos más pero en general bien explicado todo",4,0,1,0,0,0,0,0,1,1,"Es un curso practico, me hubiesen gustado algunos ejemplos más pero en general bien explicado todo",[],0
218,"El curso es claro y sencillo, tendria que revisar alguna practica 🔍",4,0,1,0,0,0,0,0,1,2,"El curso es claro y sencillo, tendria que revisar alguna practica",['🔍'],1
219,"Nivel introductorio, suficiente para empezar a abordar temas de NLP con ejercicios básicos",4,0,0,0,0,0,0,0,1,1,"Nivel introductorio, suficiente para empezar a abordar temas de NLP con ejercicios básicos",[],0
220,Muy buen curso de introducción a estas metodologías,4,0,0,0,0,0,0,0,1,1,Muy buen curso de introducción a estas metodologías,[],0
221,at the moment all is fine very good explanation topic by topic,4,0,0,0,0,1,0,0,1,1,at the moment all is fine very good explanation topic by topic,[],0
222,"Muy practico, facilita el aprendizaje",4,0,0,0,0,1,0,0,1,1,"Muy practico, facilita el aprendizaje",[],0
223,Muy buenos tips para identificar los sinonimos,4,0,0,0,0,0,0,0,1,1,Muy buenos tips para identificar los sinonimos,[],0
224,"Excelente curso, solamente que el código se vea más grande y ordenado",4,0,0,0,0,1,0,0,1,1,"Excelente curso, solamente que el código se vea más grande y ordenado",[],0
225,"Me gustaria, hubiese indicado más casos y agregar chatbot más avanzado 🙏",4,0,1,0,0,0,0,0,1,2,"Me gustaria, hubiese indicado más casos y agregar chatbot más avanzado",['🙏'],1
226,Algunos ejercicios las librerias ya estan defazadas,2,0,0,0,0,0,1,0,0,0,Algunos ejercicios las librerias ya estan defazadas,[],0
227,El NLP es muy interesante y está explicado de una manera bastante clara y sencilla,4,0,0,0,0,1,0,0,1,1,El NLP es muy interesante y está explicado de una manera bastante clara y sencilla,[],0
228,"Hay algunos pasos pequeños que se saltan como el abrir el CMD o el ir a jupiter ¿Cómo lo abrió? De resto, va bien",0,0,0,0,0,0,1,0,1,2,"Hay algunos pasos pequeños que se saltan como el abrir el CMD o el ir a jupiter ¿Cómo lo abrió? De resto, va bien",[],0
229,Cumple con lo prometido,4,0,0,0,0,0,0,0,1,1,Cumple con lo prometido,[],0
230,Parece de momento muy interesante y práctico,4,0,0,0,0,1,0,0,1,1,Parece de momento muy interesante y práctico,[],0
231,"Excelente curso, todo bien detallado! 😊",4,0,0,0,0,1,0,1,1,1,"Excelente curso, todo bien detallado!",['😊'],1
232,El curso esta bien,4,0,0,0,0,0,0,0,1,1,El curso esta bien,[],0
233,"si,todo bien explicado",4,0,0,0,0,1,0,0,1,1,"si,todo bien explicado",[],0
234,Muy didáctico y práctico,4,0,0,0,0,1,0,0,1,1,Muy didáctico y práctico,[],0
235,Excelente curso,4,0,0,0,0,1,0,0,1,1,Excelente curso,[],0
236,Very good,4,0,0,0,0,1,0,0,0,1,Very good,[],0
237,muy bueno,4,0,0,0,0,1,0,0,1,1,muy bueno,[],0
238,todo ok,4,0,0,0,0,1,0,0,0,1,todo ok,[],0
239,ok,4,0,0,0,0,1,0,0,0,1,ok,[],0
240,"Es un curso recomendable, aprendes cosas interesantes y el instructor responde todas las dudas",4,0,0,0,0,1,0,0,1,1,"Es un curso recomendable, aprendes cosas interesantes y el instructor responde todas las dudas",[],0
241,Hay que aclarar que es un curso a nivel muy introductorio al NLP ya que no se usan librerías avanzadas que son las que comúnmente se usan para este campo 😊,2,0,1,0,0,0,0,0,1,2,Hay que aclarar que es un curso a nivel muy introductorio al NLP ya que no se usan librerías avanzadas que son las que comúnmente se usan para este campo,['😊'],1
242,"Esta bien dividido en ""pasos"" para entender mejor y los videos son cortos, lo cual lo veo bien para no saturarse de información",4,0,0,0,0,1,0,0,1,2,"Esta bien dividido en ""pasos"" para entender mejor y los videos son cortos, lo cual lo veo bien para no saturarse de información",[],0
243,Hubiera sido mejor un poco mas largo el curso y mostrar el filtro de spam de manera práctica,4,0,1,0,0,0,0,0,0,2,Hubiera sido mejor un poco mas largo el curso y mostrar el filtro de spam de manera práctica,[],0
244,"Teniendo eso en cuenta, lo recomiendo",4,0,0,0,0,1,0,0,1,1,"Teniendo eso en cuenta, lo recomiendo",[],0
245,"Buen curso, preciso y conciso",4,0,0,0,0,1,0,0,1,1,"Buen curso, preciso y conciso",[],0
246,"Desearía que hubiese profundizado en algunos ítems, o realizar el mismo ejercicio de chatbot con reconocimiento de voz, pero desafía intelectualmente a que lo haga el alumno",4,0,1,0,0,0,0,0,0,2,"Desearía que hubiese profundizado en algunos ítems, o realizar el mismo ejercicio de chatbot con reconocimiento de voz, pero desafía intelectualmente a que lo haga el alumno",[],0
247,"Podría haber sido un poco más práctico hasta ahora, pero se entiende que son muchos conceptos que abordar 🤞",4,0,1,0,0,1,0,0,1,2,"Podría haber sido un poco más práctico hasta ahora, pero se entiende que son muchos conceptos que abordar",['🤞'],1
248,bien,4,0,0,0,0,1,0,0,0,1,bien,[],0
249,"Me sirvió para aprender recursos como análisis de textos, de voz, sintetización de voz y creación de chatbots",4,0,0,0,0,1,0,0,1,1,"Me sirvió para aprender recursos como análisis de textos, de voz, sintetización de voz y creación de chatbots",[],0
250,"No obstante, en mi caso que comienzo desde un nivel de principiante hay algunos pasos que se me dificultaron y que estaría bueno algún video extra con opciones alternativos como el caso de análisis de sentimientos con la API en Twitter no se aclara cómo validar la misma y no lo pude hacer o al final estaría muy bueno que se incluya algún ejemplo práctico de combinación de funcionalidades NLP",2,0,1,0,1,0,1,0,0,2,"No obstante, en mi caso que comienzo desde un nivel de principiante hay algunos pasos que se me dificultaron y que estaría bueno algún video extra con opciones alternativos como el caso de análisis de sentimientos con la API en Twitter no se aclara cómo validar la misma y no lo pude hacer o al final estaría muy bueno que se incluya algún ejemplo práctico de combinación de funcionalidades NLP",[],0
251,I think the course was usful to get a panorama and some tools of NLP,4,0,0,0,0,1,0,0,1,2,I think the course was usful to get a panorama and some tools of NLP,[],0
252,"However, I'd rather have more excercises to practice what I've learnt",2,0,1,0,0,0,0,0,0,2,"However, I'd rather have more excercises to practice what I've learnt",[],0
253,"The course provides practical applications of NLP, but in the end, what you do is copying the professor's script",2,0,0,1,0,0,1,0,0,0,"The course provides practical applications of NLP, but in the end, what you do is copying the professor's script",[],0
254,I prefer having some instances where I can think on my own and try to solve problems related to NLP by myself and later have feedback and guidance by the professor,4,0,1,0,0,0,1,0,1,1,I prefer having some instances where I can think on my own and try to solve problems related to NLP by myself and later have feedback and guidance by the professor,[],0
255,El curso es muy completo y está muy bien estructurado,4,0,0,0,0,1,0,0,1,1,El curso es muy completo y está muy bien estructurado,[],0
256,"Los contenidos son claros, aunque en ocasiones acelerado y cuesta procesar toda la información",1,0,0,0,1,1,0,0,0,2,"Los contenidos son claros, aunque en ocasiones acelerado y cuesta procesar toda la información",[],0
257,"Además, considero que hubiera estado mejor hacer más prácticas para poder retener mejor todo",2,0,1,0,0,0,0,0,0,1,"Además, considero que hubiera estado mejor hacer más prácticas para poder retener mejor todo",[],0
258,"considero que pudo enriquecer mas el curso, la técnicas enseñadas para el PNL son muy comunes y de bajo nivel, hubiese querido que tuviera algo más avanzado",2,0,1,0,0,0,1,0,0,0,"considero que pudo enriquecer mas el curso, la técnicas enseñadas para el PNL son muy comunes y de bajo nivel, hubiese querido que tuviera algo más avanzado",[],0
259,Me hubiese gustado algún ejercicio práctico y sencillo para aplicar lo aprendido,2,0,1,0,0,0,0,0,0,2,Me hubiese gustado algún ejercicio práctico y sencillo para aplicar lo aprendido,[],0
260,Un tanto superficial la exposición de la información,1,0,0,1,0,0,1,0,0,0,Un tanto superficial la exposición de la información,[],0
261,"De todos modos, saco información útil",4,0,0,0,0,0,0,0,1,2,"De todos modos, saco información útil",[],0
262,Me gustaría que haya más ejemplo para practicar las clases 🙏,2,0,1,0,0,0,0,0,1,2,Me gustaría que haya más ejemplo para practicar las clases,['🙏'],1
263,No queda muy claro como hace para entrar en jupyter,1,0,0,0,1,0,0,0,0,0,No queda muy claro como hace para entrar en jupyter,[],0
264,Tampoco se puede ver donde está el ratón y donde está haciendo click,0,0,0,0,1,0,0,0,0,0,Tampoco se puede ver donde está el ratón y donde está haciendo click,[],0
265,Buena teoría y buenos ejemplos,4,0,0,0,0,1,0,0,1,1,Buena teoría y buenos ejemplos,[],0
266,"Muy poco contenido, muy pocas aplicaciones",2,0,0,0,0,0,1,0,0,0,"Muy poco contenido, muy pocas aplicaciones",[],0
267,Interesante,4,0,0,0,0,0,0,1,0,1,Interesante,[],0
268,Falta teoria,2,0,0,0,0,0,1,0,0,0,Falta teoria,[],0
269,Los procesos están muy rápidos,1,0,0,0,1,0,0,0,0,0,Los procesos están muy rápidos,[],0
270,Y no sé si es mejor instalar las aplicaciones para acompañar junto o solamente mirar el video 🤔,0,0,1,0,1,0,0,0,0,2,Y no sé si es mejor instalar las aplicaciones para acompañar junto o solamente mirar el video,['🤔'],1
271,Va bien,4,0,0,0,0,1,0,0,0,1,Va bien,[],0
272,"Bueno, en general, aplica y enseña los conceptos básicos de NLP",4,0,0,0,0,1,0,0,1,1,"Bueno, en general, aplica y enseña los conceptos básicos de NLP",[],0
273,la verdad esperaba encontrarme con mas situaciones y casos de usos🤨,2,0,1,0,0,0,0,0,0,2,la verdad esperaba encontrarme con mas situaciones y casos de usos,['🤨'],1
274,"además, de un tema que se hace muy importante como es el training del modelo y su evaluación, solo es mencionado y no puesto en practica",2,0,0,0,0,0,1,0,0,0,"además, de un tema que se hace muy importante como es el training del modelo y su evaluación, solo es mencionado y no puesto en practica",[],0
275,Buscaba un curso donde me enseñara a entrenar un modelo de NLP y evaluar su accuracy y no lo encontré,2,0,0,0,1,0,1,0,0,2,Buscaba un curso donde me enseñara a entrenar un modelo de NLP y evaluar su accuracy y no lo encontré,[],0
276,El curso ya esta un poco anticuado a las nuevas tecnologías que están en el mercado y las necesidades nuevas que aparecen para poder usar lenguaje natural,2,0,0,1,0,0,1,0,0,0,El curso ya esta un poco anticuado a las nuevas tecnologías que están en el mercado y las necesidades nuevas que aparecen para poder usar lenguaje natural,[],0
277,"Es poco conciso y esta algo desactualizado, la API de twitter ya no funciona así",2,0,0,1,0,0,1,0,0,0,"Es poco conciso y esta algo desactualizado, la API de twitter ya no funciona así",[],0
278,Además de que os análisis de sentimientos usa librerías de terceros,2,0,0,1,0,0,0,0,0,0,Además de que os análisis de sentimientos usa librerías de terceros,[],0
279,No lo recomendaría,2,1,0,1,0,0,0,0,0,0,No lo recomendaría,[],0
280,"MUY CORTO,NO CONSIDERO QUE SEA UN CURSO DE LENGUAJE NATURAL, MAS BIEN ES EL USO DE HERRAMIENTAS",2,0,0,0,0,0,0,0,0,0,"MUY CORTO,NO CONSIDERO QUE SEA UN CURSO DE LENGUAJE NATURAL, MAS BIEN ES EL USO DE HERRAMIENTAS",[],0
281,Creo que no se tiene en cuenta que hay gente principiante completamente y que no tenemos ningún tipo de conocimiento de programación,0,0,0,0,0,0,1,0,0,0,Creo que no se tiene en cuenta que hay gente principiante completamente y que no tenemos ningún tipo de conocimiento de programación,[],0
282,Se habla para gente que ya tiene algún concepto claro pero no para el resto,1,1,0,0,0,0,0,0,0,0,Se habla para gente que ya tiene algún concepto claro pero no para el resto,[],0
283,Contenido del vídeo obsoleto,0,0,0,1,0,0,0,0,0,0,Contenido del vídeo obsoleto,[],0
284,"Unfortunately, the course has not been fruitful for me",2,0,0,0,0,0,1,0,0,0,"Unfortunately, the course has not been fruitful for me",[],0
285,"It helps to get an idea of the basic libraries for NLP but does not delve into anything, takes many things for granted, and the material is insufficient",2,1,0,1,0,0,0,0,0,0,"It helps to get an idea of the basic libraries for NLP but does not delve into anything, takes many things for granted, and the material is insufficient",[],0
286,"The videos are an average of 4 minutes long, which means some things are learned but leaves the student completely adrif",0,0,0,0,1,0,1,0,0,0,"The videos are an average of 4 minutes long, which means some things are learned but leaves the student completely adrif",[],0
287,"el curso es demasiado rápido, das por hecho mucho conocimiento, si bien es cierto tenemos que investigar por nuestra cuenta, pero de nada sirve que des una explicación de como hacer un análisis de sentimiento si únicamente elaboras funciones y das los scrips, en todos los ejemplos hace falta analizar la información limpieza de datos en los ejemplos prácticos, hacer buenas conclusiones de los datos que analizas",1,0,0,0,1,0,1,0,0,0,"el curso es demasiado rápido, das por hecho mucho conocimiento, si bien es cierto tenemos que investigar por nuestra cuenta, pero de nada sirve que des una explicación de como hacer un análisis de sentimiento si únicamente elaboras funciones y das los scrips, en todos los ejemplos hace falta analizar la información limpieza de datos en los ejemplos prácticos, hacer buenas conclusiones de los datos que analizas",[],0
288,"En Clasificación de texto, no clasifica nada no utiliza ningún modelo para clasificar, no utiliza ninguna red neuronal para clasificar, solo hace el trabajo de datos para prepararlos",1,0,0,1,0,0,1,0,0,0,"En Clasificación de texto, no clasifica nada no utiliza ningún modelo para clasificar, no utiliza ninguna red neuronal para clasificar, solo hace el trabajo de datos para prepararlos",[],0
289,"Muy mal curso, es un copy paste de información que existe en internet",1,1,0,1,0,0,0,0,0,0,"Muy mal curso, es un copy paste de información que existe en internet",[],0
290,Muy básico con uso excesivo de paquetes y muy poco desarrollo,2,0,0,1,0,0,1,0,0,0,Muy básico con uso excesivo de paquetes y muy poco desarrollo,[],0
291,No entendí,2,0,0,0,1,0,1,0,0,0,No entendí,[],0
292,Excelente curso de python sobre el procesamiento de lenguaje natural,4,0,0,0,0,1,0,0,1,1,Excelente curso de python sobre el procesamiento de lenguaje natural,[],0
293,Muy conciso y claro,4,0,0,0,0,1,0,0,1,1,Muy conciso y claro,[],0
294,No abunda en detalles pero va a lo práctico,4,0,0,0,0,0,0,0,1,2,No abunda en detalles pero va a lo práctico,[],0
295,Lo recomiendo para quienes ya tienen un conocimiento previo,4,0,0,0,0,1,0,0,1,1,Lo recomiendo para quienes ya tienen un conocimiento previo,[],0
296,"Excelente explicación, muy claro y con mucha información útil",4,0,0,0,0,1,0,0,1,1,"Excelente explicación, muy claro y con mucha información útil",[],0
297,Muy bien explicado cómo usar las librerías y los ejemplos son muy útiles,4,0,0,0,0,1,0,0,1,1,Muy bien explicado cómo usar las librerías y los ejemplos son muy útiles,[],0
298,Igualmente si uno quiere entender la teoría de los algoritmos hay que buscarlo en otra parte,2,0,0,1,0,0,0,0,0,0,Igualmente si uno quiere entender la teoría de los algoritmos hay que buscarlo en otra parte,[],0
299,Pero entiendo que este no es el objetivo de este curso,4,0,0,0,0,0,0,0,1,0,Pero entiendo que este no es el objetivo de este curso,[],0
300,Es mejorisimo el video,4,0,0,0,0,1,0,1,1,1,Es mejorisimo el video,[],0
301,Yo soy de otro lado del mundo que habla y entiende esp poquito y tengo interes en PLN en esp,4,0,1,0,0,1,0,0,0,1,Yo soy de otro lado del mundo que habla y entiende esp poquito y tengo interes en PLN en esp,[],0
302,El curso es muy didáctico y comprensible afradezco al instructor,4,0,0,0,0,1,0,0,1,1,El curso es muy didáctico y comprensible afradezco al instructor,[],0
303,"las explicaciones hasta ahora son muy claras y fácil de entender, aparte se hace ameno el ir probando o desarrollando las mismas pruebas que se hacen en los videos",4,0,0,0,0,1,0,0,1,1,"las explicaciones hasta ahora son muy claras y fácil de entender, aparte se hace ameno el ir probando o desarrollando las mismas pruebas que se hacen en los videos",[],0
304,Buen curso para introducirte en este mundo de PLN,4,0,0,0,0,1,0,0,1,1,Buen curso para introducirte en este mundo de PLN,[],0
305,Gracias!,4,0,0,0,0,1,0,0,0,1,Gracias!,[],0
306,"Excelente curso para comenzar en NLP, bien explicado, ejemplos útiles",4,0,0,0,0,1,0,0,1,1,"Excelente curso para comenzar en NLP, bien explicado, ejemplos útiles",[],0
307,"Me esta sirviendo muchisimo, aunque lo considero basico",4,0,0,0,0,1,0,0,1,1,"Me esta sirviendo muchisimo, aunque lo considero basico",[],0
308,Es perfecto para iniciar en en NLP,4,0,0,0,0,1,0,0,1,1,Es perfecto para iniciar en en NLP,[],0
309,Muy buen curso! Explican desde lo básico!,4,0,0,0,0,1,0,0,1,1,Muy buen curso! Explican desde lo básico!,[],0
310,Este extraordinario para lo que yo necesito el procesamiento de lenguaje natural,4,0,0,0,0,1,0,0,1,1,Este extraordinario para lo que yo necesito el procesamiento de lenguaje natural,[],0
311,Buena eleccion,4,0,0,0,0,1,0,0,0,1,Buena eleccion,[],0
312,Bien explicado con ejemplos practicos,4,0,0,0,0,1,0,0,0,1,Bien explicado con ejemplos practicos,[],0
313,"Excelente, el instructor posee muy buena pedagogía y conduce muy bien el curso",4,0,0,0,0,1,0,0,1,1,"Excelente, el instructor posee muy buena pedagogía y conduce muy bien el curso",[],0
314,Muy instructivo y al grano!,4,0,0,0,0,1,0,0,1,1,Muy instructivo y al grano!,[],0
315,Excelente curso me fue de gran utilidad lo aprendido,4,0,0,0,0,1,0,0,1,1,Excelente curso me fue de gran utilidad lo aprendido,[],0
316,Excelente,4,0,0,0,0,1,0,0,0,1,Excelente,[],0
317,muy interesante,4,0,0,0,0,0,0,1,0,1,muy interesante,[],0
318,he aprendido algo nuevo,4,0,0,0,0,1,0,0,0,1,he aprendido algo nuevo,[],0
319,Excellent explanation!,4,0,0,0,0,1,0,0,1,1,Excellent explanation!,[],0
320,Va bien,4,0,0,0,0,1,0,0,1,1,Va bien,[],0
321,excelente curso,4,0,0,0,0,1,0,0,1,1,excelente curso,[],0
322,Muy buen curso te da un conocimiento amplio pero general sobre NLP,4,0,0,0,0,1,0,0,1,1,Muy buen curso te da un conocimiento amplio pero general sobre NLP,[],0
323,Buen curso,4,0,0,0,0,1,0,0,1,1,Buen curso,[],0
324,Muy claro,4,0,0,0,0,1,0,0,1,1,Muy claro,[],0
325,Quizás sería bueno profundizar en las elecciones de los distintos modelos de predicción,2,0,1,0,0,0,0,0,0,2,Quizás sería bueno profundizar en las elecciones de los distintos modelos de predicción,[],0
326,"si, pero podría profundizar un poco mas",2,0,1,0,0,0,0,0,0,2,"si, pero podría profundizar un poco mas",[],0
327,"Buen tutorial, sencillo, practico y muy util",4,0,0,0,0,1,0,0,1,1,"Buen tutorial, sencillo, practico y muy util",[],0
328,"Curso muy bueno, pero bastante básico",2,0,0,0,0,1,0,0,1,1,"Curso muy bueno, pero bastante básico",[],0
329,Buen contenido y diverso,4,0,0,0,0,1,0,0,1,1,Buen contenido y diverso,[],0
330,Muy buen curso muy básico pero va muy bien,4,0,0,0,0,1,0,0,1,1,Muy buen curso muy básico pero va muy bien,[],0
331,"Sí, es lo que esperaba",4,0,0,0,0,1,0,0,0,1,"Sí, es lo que esperaba",[],0
332,buena,4,0,0,0,0,1,0,0,1,1,buena,[],0
333,"podria agregar mas ejemplos en español, y mas practicas en el curso 🙏",4,0,1,0,0,0,0,0,0,1,"podria agregar mas ejemplos en español, y mas practicas en el curso",['🙏'],1
334,"Si, muy ilustrativo, aunque el expositor es un poco aburrido",4,0,0,1,0,0,0,0,1,2,"Si, muy ilustrativo, aunque el expositor es un poco aburrido",[],0
335,"Curso Aceptable - pero considero que es incompleto, falta integración de los todos los conocimientos en ejemplos - además de compartir los códigos desde jupiter, ya que uno se queda sin nada",2,0,1,0,0,0,1,0,1,0,"Curso Aceptable - pero considero que es incompleto, falta integración de los todos los conocimientos en ejemplos - además de compartir los códigos desde jupiter, ya que uno se queda sin nada",[],0
336,Coloco tres estrellas porque al menos un caso me sirve y la comprensión e indicaciones de los temas es bastante clara,2,0,0,0,0,1,1,0,1,1,Coloco tres estrellas porque al menos un caso me sirve y la comprensión e indicaciones de los temas es bastante clara,[],0
337,Este curso deberia mejorarse y actualizarse,2,0,1,0,0,0,0,0,0,1,Este curso deberia mejorarse y actualizarse,[],0
338,Muy básico buscaba un curso que utilice el lenguaje español para nlp,2,0,0,0,0,0,1,0,0,0,Muy básico buscaba un curso que utilice el lenguaje español para nlp,[],0
339,Usar inglés no hay tanto mérito,1,1,0,1,0,0,0,0,0,0,Usar inglés no hay tanto mérito,[],0
340,"Buscaba algo q entrene entidades en el idioma español con spacy, que se puedan crear modelos custom de nlp con español",2,0,1,0,0,0,1,0,0,0,"Buscaba algo q entrene entidades en el idioma español con spacy, que se puedan crear modelos custom de nlp con español",[],0
341,Pero encontré más de lo mismo,0,0,0,1,0,0,1,0,0,0,Pero encontré más de lo mismo,[],0
342,Pero gracias de todas formas lo revisé todo,4,0,0,0,0,1,0,0,0,1,Pero gracias de todas formas lo revisé todo,[],0
343,"Para iniciar está bien, pero el contenido puede ser mayor dado el potencial del tema",2,0,1,0,0,0,0,0,1,2,"Para iniciar está bien, pero el contenido puede ser mayor dado el potencial del tema",[],0
344,El sonido de eco del profesor es bastante fuerte,1,0,0,1,1,0,0,0,0,0,El sonido de eco del profesor es bastante fuerte,[],0
345,"Al curso le falta didáctica y aterrizar los conceptos en casos prácticos, te brinda muchos conceptos a nivel de código que son útiles pero te pierdes en medio de tanta abstracción",2,0,0,0,0,0,1,0,0,0,"Al curso le falta didáctica y aterrizar los conceptos en casos prácticos, te brinda muchos conceptos a nivel de código que son útiles pero te pierdes en medio de tanta abstracción",[],0
346,"El instructor conoce muy bien el código pero le falta hacer una pausa y enlazarlo con ejemplos simples y fáciles de entender, fue casi como escribir código y comentarlo a vuelo de pájaro",1,0,0,1,0,0,1,0,1,0,"El instructor conoce muy bien el código pero le falta hacer una pausa y enlazarlo con ejemplos simples y fáciles de entender, fue casi como escribir código y comentarlo a vuelo de pájaro",[],0
347,"He terminado el curso pero siento que perdí el tiempo, si no tienes el marco teórico ni practicas con casos simples, las líneas de código serán fáciles de olvidar",2,0,0,1,0,0,1,0,0,0,"He terminado el curso pero siento que perdí el tiempo, si no tienes el marco teórico ni practicas con casos simples, las líneas de código serán fáciles de olvidar",[],0
348,Otro punto en contra es que no encontré el código para descargar como parte de los recursos,2,0,0,1,0,0,1,0,0,0,Otro punto en contra es que no encontré el código para descargar como parte de los recursos,[],0
349,Definitivamente no recomendaría el curso,2,1,0,1,0,0,0,0,0,0,Definitivamente no recomendaría el curso,[],0
350,"Este tipo de cursos son muy cuestionables, ya que por su duración bien sabes que no se adentrarán a detallar el funcionamiento de algunas líneas de código y eso está bien, me parece acertado",2,0,0,1,0,0,1,0,0,2,"Este tipo de cursos son muy cuestionables, ya que por su duración bien sabes que no se adentrarán a detallar el funcionamiento de algunas líneas de código y eso está bien, me parece acertado",[],0
351,"Pero lo que me hace calificar el curso como Average es que siento que cada sección está incompleta, puede dar el extra para cerrar satisfactoriamente cada sección pero no lo hace así",2,0,1,0,0,0,1,0,0,0,"Pero lo que me hace calificar el curso como Average es que siento que cada sección está incompleta, puede dar el extra para cerrar satisfactoriamente cada sección pero no lo hace así",[],0
352,Hay otros cursos de otros profesores que abarcan con mayor profundidad los temas y son esos los que se ganan 5 estrellas,2,0,1,0,0,0,1,0,0,0,Hay otros cursos de otros profesores que abarcan con mayor profundidad los temas y son esos los que se ganan 5 estrellas,[],0
353,"Este a pesar del tema interesante y el dominio seguro del profesor, por los detalles mencionados, se queda lejos de una mejor calificación",2,0,1,0,0,0,1,0,1,0,"Este a pesar del tema interesante y el dominio seguro del profesor, por los detalles mencionados, se queda lejos de una mejor calificación",[],0
354,"El curso no es muy bueno, quiza decir basico no sea lo correcto",2,0,0,1,0,0,0,0,0,0,"El curso no es muy bueno, quiza decir basico no sea lo correcto",[],0
355,"Se tocan varios temas, varias librerias y demas cosas necesarias, pero sin una explicacion",2,0,0,1,0,0,1,0,0,0,"Se tocan varios temas, varias librerias y demas cosas necesarias, pero sin una explicacion",[],0
356,"Es solo ver al instructor escribir lineas de codigo, medio explicar que son, sin decir bajo que logica o que es lo que se desea perseguir",1,1,0,1,0,0,0,0,0,0,"Es solo ver al instructor escribir lineas de codigo, medio explicar que son, sin decir bajo que logica o que es lo que se desea perseguir",[],0
357,"Eso de tener solo conocimientos basicos de Python es una mentira, se requiere ya saber de pandas, numpy y otras cosas que solo menciona que hay que instalar, las usa y solo dios y él saben porque usa las lineas de cogido que usa",2,1,0,1,0,0,0,0,0,0,"Eso de tener solo conocimientos basicos de Python es una mentira, se requiere ya saber de pandas, numpy y otras cosas que solo menciona que hay que instalar, las usa y solo dios y él saben porque usa las lineas de cogido que usa",[],0
358,"Le doy 2 estrellas porque al menos ya se que es lo que debo estudiar si quiero aprender, pero mas de eso no se puede aprender en el curso",2,1,0,0,0,0,1,0,0,0,"Le doy 2 estrellas porque al menos ya se que es lo que debo estudiar si quiero aprender, pero mas de eso no se puede aprender en el curso",[],0
359,"Quiza, ya con los conocimientos basicos de verdad, se aprecie diferente 🤓",2,0,0,0,0,1,0,0,1,0,"Quiza, ya con los conocimientos basicos de verdad, se aprecie diferente",['🤓'],1
360,"No tiene los jupyter descargables, falta documentacion y es muy simple lo que muestra, falta profundizar mas en el curso",0,1,0,1,0,0,0,0,0,0,"No tiene los jupyter descargables, falta documentacion y es muy simple lo que muestra, falta profundizar mas en el curso",[],0
361,"Locutor poco ameno, no responde preguntas, temas muy escuetos, poca integración con lenguaje español, ve fallos en las predicciones y no los comenta, etc",1,1,0,0,0,0,0,0,0,0,"Locutor poco ameno, no responde preguntas, temas muy escuetos, poca integración con lenguaje español, ve fallos en las predicciones y no los comenta, etc",[],0
362,Arrepentido,0,0,0,1,0,0,1,0,0,0,Arrepentido,[],0
363,Distinto es codificar solo mencionando lo que se está haciendo a explicar,1,0,0,1,0,0,1,0,0,0,Distinto es codificar solo mencionando lo que se está haciendo a explicar,[],0
364,"Se carece de interes en la enseñanza, limitado solo ha ejecutar sin animos de explicaciones reales",1,1,0,1,0,0,0,0,0,0,"Se carece de interes en la enseñanza, limitado solo ha ejecutar sin animos de explicaciones reales",[],0
365,El curso carece de sustancia propedeutica,2,0,0,1,0,0,0,0,0,0,El curso carece de sustancia propedeutica,[],0
366,No se recomienda el curso,0,1,0,1,0,0,0,0,0,0,No se recomienda el curso,[],0
367,"Este curso solo esta pensado en explicar los ejemplos básicos ya escritos, no hay un conocimiento aplicado por parte del autor",2,1,0,1,0,0,0,0,0,0,"Este curso solo esta pensado en explicar los ejemplos básicos ya escritos, no hay un conocimiento aplicado por parte del autor",[],0
368,No es nada didáctico,1,0,0,1,0,0,0,0,0,0,No es nada didáctico,[],0
369,excelente informacion,4,0,0,0,0,1,0,0,1,1,excelente informacion,[],0
370,"Muy buen curso, muy práctico",4,0,0,0,0,1,0,0,1,1,"Muy buen curso, muy práctico",[],0
371,Espero haga el de capa 3 🙌,4,0,1,0,0,0,0,0,0,2,Espero haga el de capa 3,['🙌'],1
372,Gracias,4,0,0,0,0,1,0,0,0,1,Gracias,[],0
373,Se repite mucho y tiene poco temario,1,0,0,1,0,0,1,0,0,0,Se repite mucho y tiene poco temario,[],0
374,Excelente,2,0,0,0,0,1,0,0,1,1,Excelente,[],0
375,A pesar de que el curso fue configurado para cambiar el idioma con IA se puede aprender los conocimientos basicos 😐,2,0,1,0,0,0,0,1,0,2,A pesar de que el curso fue configurado para cambiar el idioma con IA se puede aprender los conocimientos basicos,['😐'],1
376,Buena,4,0,0,0,0,1,0,0,0,1,Buena,[],0
377,excelente explicacion,4,0,0,0,0,1,0,0,1,1,excelente explicacion,[],0
378,Exelente Curso,4,0,0,0,0,1,0,0,1,1,Exelente Curso,[],0
379,Buen contenido,4,0,0,0,0,1,0,0,1,1,Buen contenido,[],0
380,Si,4,0,0,0,0,1,0,0,0,2,Si,[],0
381,"Un buen curso, express 😈👌, pero hay temas que necesitan mas explicación, por ejemplo el tema de VPN",2,0,1,0,0,1,0,0,0,1,"Un buen curso, express , pero hay temas que necesitan mas explicación, por ejemplo el tema de VPN","['😈', '👌']",2
382,"Excelente material, ideal para comenzar a interactuar en el mundo de Palo Alto",4,0,0,0,0,1,0,0,1,1,"Excelente material, ideal para comenzar a interactuar en el mundo de Palo Alto",[],0
383,"Magnifica experiencia, dinámica, practica y precisa",4,0,0,0,0,1,0,0,1,1,"Magnifica experiencia, dinámica, practica y precisa",[],0
384,Very useful and practical information,4,0,0,0,0,1,0,0,1,1,Very useful and practical information,[],0
385,Excelente para quien viene con pocos conocimientos en Palo Atlo,4,0,0,0,0,1,0,0,1,1,Excelente para quien viene con pocos conocimientos en Palo Atlo,[],0
386,"excelente curso , me ayudo , gracias",4,0,0,0,0,1,0,0,1,1,"excelente curso , me ayudo , gracias",[],0
387,"Excelente curso, buenas explicaciones con ejemplos prácticos",4,0,0,0,0,1,0,0,1,1,"Excelente curso, buenas explicaciones con ejemplos prácticos",[],0
388,"El curso va muy bien, es muy fácil de seguir y aprender de ek,",4,0,0,0,0,1,0,0,1,1,"El curso va muy bien, es muy fácil de seguir y aprender de ek,",[],0
389,Un buen curso de iniciación a Palo Alto,4,0,0,0,0,1,0,0,1,1,Un buen curso de iniciación a Palo Alto,[],0
390,muy buena,4,0,0,0,0,1,0,0,0,1,muy buena,[],0
391,"Sí, fue una buena elección",4,0,0,0,0,1,0,0,0,1,"Sí, fue una buena elección",[],0
392,Excelente el curso,4,0,0,0,0,1,0,0,1,1,Excelente el curso,[],0
393,Excelente,4,0,0,0,0,1,0,0,1,1,Excelente,[],0
394,excelente curso,4,0,0,0,0,1,0,0,1,1,excelente curso,[],0
395,porque me agrada es es directo,4,0,0,0,0,1,0,0,1,1,porque me agrada es es directo,[],0
396,Hasta ahora el desarrollo del curso es buena,4,0,0,0,0,1,0,0,1,1,Hasta ahora el desarrollo del curso es buena,[],0
397,Bien explicado,4,0,0,0,0,1,0,0,1,1,Bien explicado,[],0
398,excelente informacion,4,0,0,0,0,1,0,0,1,1,excelente informacion,[],0
399,it was dynamic and fast,4,0,1,0,0,1,0,0,0,1,it was dynamic and fast,[],0
400,Muy bien explicado,4,0,0,0,0,1,0,0,1,1,Muy bien explicado,[],0
401,Excelente course,4,0,0,0,0,1,0,0,1,1,Excelente course,[],0
402,El curso es suficiente para reforzar el conocimiento previo con FW Palo Alto en empresas,4,0,0,0,0,1,0,0,1,1,El curso es suficiente para reforzar el conocimiento previo con FW Palo Alto en empresas,[],0
403,fue muy bueno,4,0,0,0,0,1,0,0,0,1,fue muy bueno,[],0
404,"Fue un curso muy útil para mí, se lo recomiendo a todo el mundo",4,0,0,0,0,1,0,0,1,1,"Fue un curso muy útil para mí, se lo recomiendo a todo el mundo",[],0
405,Gracias por tu entusiasmo,4,0,0,0,0,1,0,1,0,1,Gracias por tu entusiasmo,[],0
406,"Ha sido una formación muy útil para mí, una formación sencilla, clara y comprensible",4,0,0,0,0,1,0,0,1,1,"Ha sido una formación muy útil para mí, una formación sencilla, clara y comprensible",[],0
407,Puedo recomendar a todos,4,0,0,0,0,1,0,0,1,1,Puedo recomendar a todos,[],0
408,Buena explicación,4,0,0,0,0,1,0,0,0,1,Buena explicación,[],0
409,Muy bueno para iniciarme en firewalls de Palo Alto,4,0,0,0,0,1,0,0,1,1,Muy bueno para iniciarme en firewalls de Palo Alto,[],0
410,video bueno en sus explicaciones,4,0,0,0,0,1,0,0,1,1,video bueno en sus explicaciones,[],0
411,"Muy buen curso, solo que si hace falta un mayor seguimeinto en cuanto a la instalacion del laboratorio, y la parte de active directory para la parte de VPN",4,0,0,0,0,0,1,0,1,1,"Muy buen curso, solo que si hace falta un mayor seguimeinto en cuanto a la instalacion del laboratorio, y la parte de active directory para la parte de VPN",[],0
412,me quedo unos vacios hacerca de como administrar en panorama los equipos que no esten en alta disponibilidad,2,0,0,0,0,0,1,0,0,0,me quedo unos vacios hacerca de como administrar en panorama los equipos que no esten en alta disponibilidad,[],0
413,"Buen curso, lo recomiendo mucho!!",4,0,0,0,0,1,0,0,0,1,"Buen curso, lo recomiendo mucho!!",[],0
414,"El curso es muy dinamico pero creo que los contenidos se explican de una manera demasiado breve, aunque estan correctamente explicados",2,0,0,0,0,1,1,0,0,1,"El curso es muy dinamico pero creo que los contenidos se explican de una manera demasiado breve, aunque estan correctamente explicados",[],0
415,"El curso es util para tener una primera aproximación a distintas configuraciones del Firewall, recorre las tematicas básicas necesarias para un abordaje inicial",4,0,0,0,0,1,0,0,1,1,"El curso es util para tener una primera aproximación a distintas configuraciones del Firewall, recorre las tematicas básicas necesarias para un abordaje inicial",[],0
416,"No profundiza en los conceptos, no obstante; cumple las expectativas cuando lo que se busca es un primer contacto con este producto",2,0,0,0,0,0,0,0,1,2,"No profundiza en los conceptos, no obstante; cumple las expectativas cuando lo que se busca es un primer contacto con este producto",[],0
417,"Excelente para saber cosas tecnicas de los firewall Palo Alto, casos practicos, muy poca teoria",4,0,0,0,0,1,0,0,1,1,"Excelente para saber cosas tecnicas de los firewall Palo Alto, casos practicos, muy poca teoria",[],0
418,la traduccion redactada deja cosas por dejar pero es entendible ya que es muy grafico el asunto,4,0,0,0,0,0,0,0,1,1,la traduccion redactada deja cosas por dejar pero es entendible ya que es muy grafico el asunto,[],0
419,Si se quiere tener una visión rápida de los puntos principales de configuración y administración es ideal porque va directo al grano,4,0,0,0,0,1,0,0,0,1,Si se quiere tener una visión rápida de los puntos principales de configuración y administración es ideal porque va directo al grano,[],0
420,Si se quiere sacar más miga se queda corto el curso,2,0,1,0,0,0,1,0,0,0,Si se quiere sacar más miga se queda corto el curso,[],0
421,Todo bien directo a la config justo lo que necesitaba,4,0,0,0,0,1,0,0,1,1,Todo bien directo a la config justo lo que necesitaba,[],0
422,Genial!,4,0,0,0,0,1,0,0,0,1,Genial!,[],0
423,"muy instructiva, enhorabuena!",4,0,0,0,0,1,0,0,0,1,"muy instructiva, enhorabuena!",[],0
424,buen curso bien explicado,4,0,0,0,0,1,0,0,1,1,buen curso bien explicado,[],0
425,MUY CLARO,4,0,0,0,0,1,0,0,0,1,MUY CLARO,[],0
426,voz robotizada,1,0,0,1,0,0,0,0,0,0,voz robotizada,[],0
427,"El contenido como tutorial esta bastante bien, pero la traducción es bastante mala, traduce palabras que no debería y es un poco confuso",1,0,0,1,0,0,0,0,0,0,"El contenido como tutorial esta bastante bien, pero la traducción es bastante mala, traduce palabras que no debería y es un poco confuso",[],0
428,"Podria Mejorar en la explicacion de temas y configuiraciones, ademas que con la voz del traductor se torna aburrido",1,0,1,1,0,0,0,0,0,0,"Podria Mejorar en la explicacion de temas y configuiraciones, ademas que con la voz del traductor se torna aburrido",[],0
429,muy basico,2,0,0,0,0,0,1,0,0,0,muy basico,[],0
430,Podría tener mayor explicación de conceptos y detección en ciertas practicas realizadas,2,0,1,0,0,0,0,0,0,2,Podría tener mayor explicación de conceptos y detección en ciertas practicas realizadas,[],0
431,No explica en profundidad los temas mencionados,2,0,0,1,0,0,1,0,0,0,No explica en profundidad los temas mencionados,[],0
432,"a traduccion al español no es muy buena, no se detiene a explicar detalles en cuanto a configuracion, es decir obvia pasos para un beginner",0,0,0,1,0,0,0,0,0,0,"a traduccion al español no es muy buena, no se detiene a explicar detalles en cuanto a configuracion, es decir obvia pasos para un beginner",[],0
433,"Pensaba que era un profesor físico hablando en español, pero es una traducción muchas veces mal hecha y es difícil de seguir",0,0,0,1,0,0,0,0,0,0,"Pensaba que era un profesor físico hablando en español, pero es una traducción muchas veces mal hecha y es difícil de seguir",[],0
434,"El curso está pensando como ayuda de la interfaz gráfica, pero no explica ningún concepto",2,0,0,1,0,0,0,0,0,2,"El curso está pensando como ayuda de la interfaz gráfica, pero no explica ningún concepto",[],0
435,"Si no has administrado antes un firewall, no es tu curso",2,0,0,1,0,0,1,0,0,0,"Si no has administrado antes un firewall, no es tu curso",[],0
436,"Good as a quick reference, as training it could have been better 😞",2,0,1,0,1,0,1,0,0,2,"Good as a quick reference, as training it could have been better",['😞'],1
437,Quizás en la explicación y los laboratorios podrían ser mejor,2,0,1,0,0,0,0,0,0,2,Quizás en la explicación y los laboratorios podrían ser mejor,[],0
438,"muy monotona la traduccion, poco clara la explicacion,",1,0,0,1,0,0,0,0,0,0,"muy monotona la traduccion, poco clara la explicacion,",[],0
439,Creo que las lecciones son muy apresuradas,1,1,0,0,0,0,1,0,0,0,Creo que las lecciones son muy apresuradas,[],0
440,Mas material avanzado,2,0,1,0,0,0,0,0,0,1,Mas material avanzado,[],0
441,muy rapida la explicacion debe dar mas detalle y dinamismo,1,0,1,0,0,0,1,0,0,0,muy rapida la explicacion debe dar mas detalle y dinamismo,[],0
442,era sim,4,0,0,0,0,1,0,0,0,1,era sim,[],0
443,"Este curso está traducido está con IA, NO ES ESPAÑOL (no está dictado por una persona)",1,0,0,1,0,0,1,0,0,0,"Este curso está traducido está con IA, NO ES ESPAÑOL (no está dictado por una persona)",[],0
444,"Para una persona sin conocimiento Palo Alto este curso es bastante complejo, y no toca varios temas de hoy en día sobre todo SD-WAN",2,0,0,0,1,0,1,0,0,0,"Para una persona sin conocimiento Palo Alto este curso es bastante complejo, y no toca varios temas de hoy en día sobre todo SD-WAN",[],0
445,bueno el contenido lo malo es la traduccion es muy basica,0,0,0,1,0,0,1,0,0,0,bueno el contenido lo malo es la traduccion es muy basica,[],0
446,"Pues de primeras, no me gusta como lo explica, obvia muchas cosas… por otro lado intente hacer el laboratorio y la password de laboratorio es incorrecta",1,1,0,1,0,0,0,0,0,0,"Pues de primeras, no me gusta como lo explica, obvia muchas cosas… por otro lado intente hacer el laboratorio y la password de laboratorio es incorrecta",[],0
447,curso basico,2,0,0,1,0,0,1,0,0,0,curso basico,[],0
448,No indica que virtualizador está utilizando ni como lo instaló,1,0,0,1,0,0,1,0,0,0,No indica que virtualizador está utilizando ni como lo instaló,[],0
449,No menciona bien a detalle como crear un laboratorio,1,0,0,1,0,0,1,0,0,0,No menciona bien a detalle como crear un laboratorio,[],0
450,No entra mucho en detalle y las explicaciones son demasiado rapidas,1,0,0,1,0,0,1,0,0,0,No entra mucho en detalle y las explicaciones son demasiado rapidas,[],0
451,pesima traduccion,0,1,0,1,0,0,0,0,0,0,pesima traduccion,[],0
452,"compre 2 cursos, me parecio de mala calidad por el momento, todo muy por arriba sin una idea clara de enseñanse (un curso acabo de hacer la devolucion) espero cambiar de opinion y me termine gustando",2,1,0,0,0,0,0,0,0,0,"compre 2 cursos, me parecio de mala calidad por el momento, todo muy por arriba sin una idea clara de enseñanse (un curso acabo de hacer la devolucion) espero cambiar de opinion y me termine gustando",[],0
453,"No funciona nada de lo que se muestra en los videos, como consigo la devolución de mi dinero para buscar un curso que valga la pena",0,1,0,0,0,0,0,0,0,0,"No funciona nada de lo que se muestra en los videos, como consigo la devolución de mi dinero para buscar un curso que valga la pena",[],0
454,No puedo instalar VMware porque me pide ID de una empresa o algo asi,0,0,0,0,1,0,1,0,0,0,No puedo instalar VMware porque me pide ID de una empresa o algo asi,[],0
455,Muchos programas no se pueden instalar bien porque este desactualizado o m'as bien porque va rapido y se salta pasos desde la instalacion mas basica de kali a cada programa,2,0,0,0,1,0,1,0,0,0,Muchos programas no se pueden instalar bien porque este desactualizado o m'as bien porque va rapido y se salta pasos desde la instalacion mas basica de kali a cada programa,[],0
456,he tenido que buscarme la vida para poder instalar la mayoria de programas,2,0,0,0,1,0,0,0,0,0,he tenido que buscarme la vida para poder instalar la mayoria de programas,[],0
457,"No recomendable, muchas clases de las sesiones son redundantes y lo expuesto como clases practicas son de pocos minutos sin profundizar",0,1,0,0,0,0,0,0,0,0,"No recomendable, muchas clases de las sesiones son redundantes y lo expuesto como clases practicas son de pocos minutos sin profundizar",[],0
458,"voy a hacer muy sincero el curso no me gusto explica muy rápido y no se detiene a explicar los detalles más importantes ,me deje llevar por los comentarios en las reseñas",1,1,0,1,0,0,0,0,0,0,"voy a hacer muy sincero el curso no me gusto explica muy rápido y no se detiene a explicar los detalles más importantes ,me deje llevar por los comentarios en las reseñas",[],0
459,Estoy aprendiendo mas por mi cuenta que aquí,2,0,0,0,0,0,1,0,0,1,Estoy aprendiendo mas por mi cuenta que aquí,[],0
460,seleccionen bien sus cursos y no se dejen llevar por las reseñas 💡,2,1,0,1,0,0,0,0,0,0,seleccionen bien sus cursos y no se dejen llevar por las reseñas,['💡'],1
461,falta actualizar el curso,2,0,1,0,0,0,1,0,0,1,falta actualizar el curso,[],0
462,"No se puede ver un video completo, se pausa y despues tratar de volver a hacer que cargue es imposible",0,0,0,1,0,0,1,0,0,0,"No se puede ver un video completo, se pausa y despues tratar de volver a hacer que cargue es imposible",[],0
463,No me funciona maltego se cierra,0,0,0,0,0,0,1,0,0,0,No me funciona maltego se cierra,[],0
464,"Muy malo, la verdad esta muy por debajo de lo que se espera",0,1,0,1,0,0,0,0,0,0,"Muy malo, la verdad esta muy por debajo de lo que se espera",[],0
465,"Muy buena solo tuve inconveniente para descargar un archivo, esta medio desactualizado",0,0,0,1,1,0,1,0,0,0,"Muy buena solo tuve inconveniente para descargar un archivo, esta medio desactualizado",[],0
466,"Va presentando aplicaciones o software, pero hace una pasada sobre ellos, hasta ahora me parece todo un monográfico😐",2,1,0,0,0,0,1,0,0,0,"Va presentando aplicaciones o software, pero hace una pasada sobre ellos, hasta ahora me parece todo un monográfico",['😐'],1
467,Te puedes ir al Youtube y buscar esos software y seguro que hay mucha más información 😅,2,0,0,0,0,1,0,0,0,1,Te puedes ir al Youtube y buscar esos software y seguro que hay mucha más información,['😅'],1
468,Quizás para realizar este curso haya que tener un nivel más elevado para poder seguirlo mucho mejor,2,1,1,0,1,0,0,0,0,1,Quizás para realizar este curso haya que tener un nivel más elevado para poder seguirlo mucho mejor,[],0
469,Esto no es un curso para iniciales,2,1,0,0,1,0,0,0,0,0,Esto no es un curso para iniciales,[],0
470,Un engaño,2,1,0,1,0,0,0,0,0,1,Un engaño,[],0
471,Aún no empiezo del todo 😅,2,0,0,0,0,0,0,1,0,2,Aún no empiezo del todo,['😅'],1
472,Hay varias cosas que no explica y tenes que perder tiempo buscando mucho por tu cuenta,1,0,0,0,1,0,1,0,0,0,Hay varias cosas que no explica y tenes que perder tiempo buscando mucho por tu cuenta,[],0
473,La verdad esta ultima parte me resulto compleja de entender y hay conceptos esenciales que no son explicados,2,0,0,1,0,0,1,0,0,0,La verdad esta ultima parte me resulto compleja de entender y hay conceptos esenciales que no son explicados,[],0
474,deberian actualizar las herramientas que te dicen que utilices,2,0,0,1,0,0,1,0,0,2,deberian actualizar las herramientas que te dicen que utilices,[],0
475,"Buenas explicaciones pero te paras muy poco en cada programa, muchos vídeos deberían de durar el doble",1,0,0,0,0,1,1,0,0,0,"Buenas explicaciones pero te paras muy poco en cada programa, muchos vídeos deberían de durar el doble",[],0
476,No te paras a explicar que hacen los parametros de los comandos,1,0,0,0,0,0,1,0,0,0,No te paras a explicar que hacen los parametros de los comandos,[],0
477,mal material y males explicaciones,1,1,0,1,0,0,0,0,0,0,mal material y males explicaciones,[],0
478,Bueno doy esta opción en el momento porque solo estoy en lo primero y clásico dependiendo cómo vaya el aprendizaje del curso,2,0,0,1,1,0,1,0,0,2,Bueno doy esta opción en el momento porque solo estoy en lo primero y clásico dependiendo cómo vaya el aprendizaje del curso,[],0
479,Realmente explica cosas que no van al caso con el hacking,2,0,0,1,0,0,1,0,0,0,Realmente explica cosas que no van al caso con el hacking,[],0
480,terminos no muy normales,1,0,0,1,1,0,0,0,0,0,terminos no muy normales,[],0
481,y no explican que significan,1,0,0,1,0,0,1,0,0,0,y no explican que significan,[],0
482,tenia otra cuenta ya habia pagado y me empezo a salir error al iniciar tuve que comprar otra vez,0,0,0,0,1,0,1,0,0,0,tenia otra cuenta ya habia pagado y me empezo a salir error al iniciar tuve que comprar otra vez,[],0
483,Necesita explicar mas a detale,1,0,1,0,0,0,1,0,0,0,Necesita explicar mas a detale,[],0
484,"Se debe añadir contenido actual al curso, ya que algunas instalaciones no se realizan acorde a los videos",2,0,1,0,0,0,1,0,0,0,"Se debe añadir contenido actual al curso, ya que algunas instalaciones no se realizan acorde a los videos",[],0
485,falta actualizacion a la fecha,2,0,0,1,0,0,1,0,0,0,falta actualizacion a la fecha,[],0
486,"En la instalación del VMWare hay diferencias y no se explica, en mis caso solo pude bajar la v16 igual en el video se muestra que no podía instalar la v17, sin embargo al abrir el app muestra v17, por otro lado había un check que indicaba algo de hyper pero no explicó así que lo dejé pasar",0,0,0,1,0,0,1,0,0,0,"En la instalación del VMWare hay diferencias y no se explica, en mis caso solo pude bajar la v16 igual en el video se muestra que no podía instalar la v17, sin embargo al abrir el app muestra v17, por otro lado había un check que indicaba algo de hyper pero no explicó así que lo dejé pasar",[],0
487,si,4,0,0,0,0,1,0,0,0,2,si,[],0
488,Es muy clara la informacion que brinda el tutor,4,0,0,0,0,1,0,0,1,1,Es muy clara la informacion que brinda el tutor,[],0
489,ta god el curso,4,0,0,0,0,1,0,0,0,1,ta god el curso,[],0
490,"hasta el momento solo ha enseñado la herramienta y no ha profundizado, tendré que ir a profundizar un poco más, al menos ya tengo algunas herramientas para ir a explorar por mi mismo",1,0,1,0,0,0,1,0,0,0,"hasta el momento solo ha enseñado la herramienta y no ha profundizado, tendré que ir a profundizar un poco más, al menos ya tengo algunas herramientas para ir a explorar por mi mismo",[],0
491,"Buen curso si tu intención es comenzar en este campo, el instructor se hace entender muy bien",4,0,0,0,0,1,0,0,1,1,"Buen curso si tu intención es comenzar en este campo, el instructor se hace entender muy bien",[],0
492,Recomendable,4,0,0,0,0,1,0,0,1,1,Recomendable,[],0
493,"Se repite mucho en aspectos básicos como cambiar de NAT a Host Only, pero sin embargo va muy rápido en temas más complejos",1,0,0,1,0,0,1,0,0,0,"Se repite mucho en aspectos básicos como cambiar de NAT a Host Only, pero sin embargo va muy rápido en temas más complejos",[],0
494,"Como curso introductorio al hacking ético está bien, pero no como para echar cohetes 🤷",2,0,1,0,1,0,0,0,0,2,"Como curso introductorio al hacking ético está bien, pero no como para echar cohetes",['🤷'],1
495,Porque hasta ahora esta detallo paso apaso,4,0,0,0,0,1,0,0,1,1,Porque hasta ahora esta detallo paso apaso,[],0
496,Ojalá siga igual y todo funcione según las prácticas que tenemos que realizar ✅,4,0,1,0,0,0,0,0,1,2,Ojalá siga igual y todo funcione según las prácticas que tenemos que realizar,['✅'],1
497,"Buena, si bien para seguir el curso tuve que informarme varias veces por otros medios, el contenido del curso es muy bueno",4,0,0,0,0,1,0,0,1,1,"Buena, si bien para seguir el curso tuve que informarme varias veces por otros medios, el contenido del curso es muy bueno",[],0
498,A continuar necesita una actualizacion pequeña a este curso me parece,2,0,1,0,0,0,1,0,0,0,A continuar necesita una actualizacion pequeña a este curso me parece,[],0
499,por lo demas esta genial,4,0,0,0,0,1,0,0,0,1,por lo demas esta genial,[],0
500,realmente pense que podia enseñarme a realizar hacking,4,0,1,1,0,0,1,0,0,0,realmente pense que podia enseñarme a realizar hacking,[],0
501,si pero los enlaces de descarga del curso no funcionan,0,1,0,0,0,0,0,0,0,0,si pero los enlaces de descarga del curso no funcionan,[],0
502,"Bueno, no dudo de la calidad del contenido, pero sinceramente me esperaba otra cosa",2,0,1,0,0,0,1,0,0,0,"Bueno, no dudo de la calidad del contenido, pero sinceramente me esperaba otra cosa",[],0
503,"Personalmente se me esta haciendo muy pesado, mucha teoria y poca practica",2,0,0,0,1,0,1,0,0,0,"Personalmente se me esta haciendo muy pesado, mucha teoria y poca practica",[],0
504,He dado cabezazos de sueño al hacerlo,1,0,0,1,0,0,1,0,0,0,He dado cabezazos de sueño al hacerlo,[],0
505,"se centra demasiado en un solo tema, demasiada teoria",2,0,0,1,0,0,1,0,0,0,"se centra demasiado en un solo tema, demasiada teoria",[],0
506,"La explicación es buena, los conceptos y las practicas son interesantes",4,0,0,0,0,1,0,0,1,1,"La explicación es buena, los conceptos y las practicas son interesantes",[],0
507,Espero obtener aprendizaje del curso y que supere mis expectativas,2,0,1,0,0,0,0,0,0,2,Espero obtener aprendizaje del curso y que supere mis expectativas,[],0
508,"El curso lo veo bien, solo que hay algunos problemas, por ejemplo algunas funciones pertenecientes a kali linux no funcionan del todo bien, el curso en si, le entiendo todo bien, hasi que por esa parte esta todo bien",0,0,0,0,0,1,1,0,1,2,"El curso lo veo bien, solo que hay algunos problemas, por ejemplo algunas funciones pertenecientes a kali linux no funcionan del todo bien, el curso en si, le entiendo todo bien, hasi que por esa parte esta todo bien",[],0
509,"Ritmo demasiado rápido, lo cual obliga frecuentemente a volver atrás en los vídeos vistos hasta el momento",1,0,0,0,0,0,1,0,0,0,"Ritmo demasiado rápido, lo cual obliga frecuentemente a volver atrás en los vídeos vistos hasta el momento",[],0
510,"Estuvo muy bueno el curso, lo recomiendo para los que quieran empezar a indagar en el mundo del hacking ético",4,0,0,0,0,1,0,0,1,1,"Estuvo muy bueno el curso, lo recomiendo para los que quieran empezar a indagar en el mundo del hacking ético",[],0
511,Muchas de las herramientas desactualizadas,2,0,0,1,0,0,1,0,0,0,Muchas de las herramientas desactualizadas,[],0
512,Estoy aprendiendo,2,0,1,0,0,1,0,0,0,2,Estoy aprendiendo,[],0
513,NO cumplio mis expectativas,2,1,0,0,0,0,1,0,0,0,NO cumplio mis expectativas,[],0
514,Es importante explicar desde un principio,2,0,0,1,0,0,1,0,0,1,Es importante explicar desde un principio,[],0
515,"Yo entiendo que el software ya este instalado en su ordenador, pero para experiencia de usuario es muhco mejor explicar desde el inicio",1,0,1,0,0,0,1,0,0,2,"Yo entiendo que el software ya este instalado en su ordenador, pero para experiencia de usuario es muhco mejor explicar desde el inicio",[],0
516,"El curso y la explicacion 10/10 Muy buen curso recomendado pero le doy este puntaje por la calidad de video apesar de que le pongo en la maxima resolucion 1080 la resulucion es muy mala, no se si tengan que conversar con udemy o es la resolucion en la que lo subieron que parece que sea 720 cambienla o corrijanla por favor",4,0,0,1,0,1,0,0,1,0,"El curso y la explicacion 10/10 Muy buen curso recomendado pero le doy este puntaje por la calidad de video apesar de que le pongo en la maxima resolucion 1080 la resulucion es muy mala, no se si tengan que conversar con udemy o es la resolucion en la que lo subieron que parece que sea 720 cambienla o corrijanla por favor",[],0
517,"Al momento si, el curso parece estar bastante actualizado y yo le estoy metiendo empeño por mejorar, quiero ver si esto me abre puertas para dar mi decisión final",2,0,0,0,0,0,0,0,1,1,"Al momento si, el curso parece estar bastante actualizado y yo le estoy metiendo empeño por mejorar, quiero ver si esto me abre puertas para dar mi decisión final",[],0
518,Todavía no lo sé 🤔,2,0,1,0,1,0,0,0,0,2,Todavía no lo sé,['🤔'],1
519,Es muy poco dinámico el curso,2,0,0,1,0,0,0,0,0,0,Es muy poco dinámico el curso,[],0
520,No se nota que sea una persona a la que le encante enseñar,1,0,0,1,0,0,0,0,0,0,No se nota que sea una persona a la que le encante enseñar,[],0
521,Podría ser mas especifico con cada comando y herramienta,1,0,1,0,0,0,0,0,0,0,Podría ser mas especifico con cada comando y herramienta,[],0
522,Muy bueno,4,0,0,0,0,1,0,0,0,1,Muy bueno,[],0
523,muy buena,4,0,0,0,0,1,0,0,0,1,muy buena,[],0
524,asta el momento bien pero me encuentro que una de las maquinas que manda descargar el el curso el solo para mac os,0,0,0,0,1,0,1,0,0,0,asta el momento bien pero me encuentro que una de las maquinas que manda descargar el el curso el solo para mac os,[],0
525,"La plataforma está lenta, a pesar de que reinicie mi pc sigo teniendo problemas de tirones en la plataforma, y solo sucede en la platafor Udemy",0,0,0,1,0,0,0,0,0,0,"La plataforma está lenta, a pesar de que reinicie mi pc sigo teniendo problemas de tirones en la plataforma, y solo sucede en la platafor Udemy",[],0
526,"Hasta ahora mucha teoría, y no explica con detalle los comandos que usa",2,0,0,1,0,0,1,0,0,0,"Hasta ahora mucha teoría, y no explica con detalle los comandos que usa",[],0
527,Faltan ejercicios prácticos,2,0,0,0,0,0,1,0,0,0,Faltan ejercicios prácticos,[],0
528,hay cosas que no explica muy detalladamente,1,0,0,1,0,0,1,0,0,0,hay cosas que no explica muy detalladamente,[],0
529,rebundandancia e introducción a la sección de una 1 clase es innecesaria,1,0,0,1,0,0,0,0,0,0,rebundandancia e introducción a la sección de una 1 clase es innecesaria,[],0
530,great,4,0,0,0,0,1,0,0,0,1,great,[],0
531,"En el proceso de instalacion seria mucho mejor que lo haga paso a paso y no solo decir que le demos siguiente a todo, hubo dos opciones que no sabia si ponerlas o no",0,0,1,0,0,0,0,0,0,2,"En el proceso de instalacion seria mucho mejor que lo haga paso a paso y no solo decir que le demos siguiente a todo, hubo dos opciones que no sabia si ponerlas o no",[],0
532,"Lo buen oque es para todos con o sin conocimientos, pero parte desde muy basico",2,0,0,0,0,0,0,0,1,1,"Lo buen oque es para todos con o sin conocimientos, pero parte desde muy basico",[],0
533,hasta el momento entendible,4,0,0,0,0,1,0,0,1,1,hasta el momento entendible,[],0
534,"recien arranca , por ahora bien",4,0,0,0,0,1,0,0,1,1,"recien arranca , por ahora bien",[],0
535,"a voz es buena , el contenido es directo y la calidad del video muy buena",4,0,0,0,0,1,0,0,1,1,"a voz es buena , el contenido es directo y la calidad del video muy buena",[],0
536,Soy muy novato en esto!,2,0,1,0,1,0,0,0,0,0,Soy muy novato en esto!,[],0
537,Considero que es pronto para evaluarlo adecuadamente 🧐,2,0,1,0,1,0,0,0,0,1,Considero que es pronto para evaluarlo adecuadamente,['🧐'],1
538,BUENA,4,0,0,0,0,1,0,0,0,1,BUENA,[],0
539,Lo estoy empezando,2,0,1,0,0,0,0,0,0,1,Lo estoy empezando,[],0
540,el curso esta bien pero se podria mejorar,2,0,1,0,0,1,0,0,0,1,el curso esta bien pero se podria mejorar,[],0
541,"los videos cuentan con buena imagen y buen sonido, lo cual se valora bastante",4,0,0,0,0,1,0,0,0,1,"los videos cuentan con buena imagen y buen sonido, lo cual se valora bastante",[],0
542,"Excelente curso, es bastante completo y el instructor muestra un dominio total del tema",4,0,0,0,0,1,0,0,1,1,"Excelente curso, es bastante completo y el instructor muestra un dominio total del tema",[],0
543,"Las herramientas y técnicas que expone a lo largo del curso me parecen bastante interesantes y es de obviar que por todas las funcionalidades que poseen no puedan ser abordadas por completo en una sola sección y/o videos, pero es una muy buena introducción al uso de las mismas",4,0,0,0,0,1,0,0,1,1,"Las herramientas y técnicas que expone a lo largo del curso me parecen bastante interesantes y es de obviar que por todas las funcionalidades que poseen no puedan ser abordadas por completo en una sola sección y/o videos, pero es una muy buena introducción al uso de las mismas",[],0
544,no resta mas que seguir preparándose y continuar aprendiendo de este gran mundo de la Ciberseguridad,4,0,1,0,0,0,0,0,0,1,no resta mas que seguir preparándose y continuar aprendiendo de este gran mundo de la Ciberseguridad,[],0
545,"Excelente curso que toma diferentes herramientas dentro de kali para realizar varios tipos de EH y resolviendo errores que pueden salir sobre la marcha, muy buena explicación y contenido didáctico",4,0,0,0,0,1,0,0,1,1,"Excelente curso que toma diferentes herramientas dentro de kali para realizar varios tipos de EH y resolviendo errores que pueden salir sobre la marcha, muy buena explicación y contenido didáctico",[],0
546,"Un curso muy intuitivo para aquellos que desean aprender hacking etico,pero lo mejor de el curso es la manera en la que explica las herramientas y las clases,muy buen curso",4,0,0,0,0,1,0,0,1,1,"Un curso muy intuitivo para aquellos que desean aprender hacking etico,pero lo mejor de el curso es la manera en la que explica las herramientas y las clases,muy buen curso",[],0
547,"¡Si es el mejor curso!!! Todo muy entendible , todo muy chulo!",4,0,0,0,0,1,0,1,1,1,"¡Si es el mejor curso!!! Todo muy entendible , todo muy chulo!",[],0
548,Buena explicación y fácil de entender,4,0,0,0,0,1,0,0,1,1,Buena explicación y fácil de entender,[],0
549,Totalmente recomendable,4,0,0,0,0,1,0,0,1,1,Totalmente recomendable,[],0
550,"si, para consolidar lo basico y encontrar esos detalles que se obtienen con la experiencia",4,0,1,0,0,0,0,0,0,1,"si, para consolidar lo basico y encontrar esos detalles que se obtienen con la experiencia",[],0
551,"Si, explica muy bien",4,0,0,0,0,1,0,0,0,1,"Si, explica muy bien",[],0
552,"Es muy claro en los concepto y correcto, se nota que sabe",4,0,0,0,0,1,0,0,1,1,"Es muy claro en los concepto y correcto, se nota que sabe",[],0
553,"Curso muy recomendable , fácil de seguir y muy bien explicados todos los conceptos",4,0,0,0,0,1,0,0,1,1,"Curso muy recomendable , fácil de seguir y muy bien explicados todos los conceptos",[],0
554,"Bastante bien explicado todo el curso, ciertas cosas que tal vez no me gustaron o funcionaron pero tambien puede ser por lo antiguo del curso igual me encanto y es una muy buena introducción al mundo del hacking",4,0,0,0,0,1,0,0,1,1,"Bastante bien explicado todo el curso, ciertas cosas que tal vez no me gustaron o funcionaron pero tambien puede ser por lo antiguo del curso igual me encanto y es una muy buena introducción al mundo del hacking",[],0
555,me ah gustado mucho me alegra de contar con su plataforma para educarme me parece que son muy buenos los cursos dados y creo que siguire aprendiendo de otros,4,0,0,0,0,1,0,0,1,1,me ah gustado mucho me alegra de contar con su plataforma para educarme me parece que son muy buenos los cursos dados y creo que siguire aprendiendo de otros,[],0
556,Curso de muy buen material,4,0,0,0,0,0,0,0,1,1,Curso de muy buen material,[],0
557,le falta quizás una actualización pero esta bien 👍,2,0,1,0,0,1,0,1,1,2,le falta quizás una actualización pero esta bien,['👍'],1
558,Es un muy buen curso para las personas como yo que no habían tenido un acercamiento tan grande con el hacking y la Ciberseguridad pero tienen una titulación o están cursando una carrera con temas a fines,4,0,1,0,0,1,0,0,1,1,Es un muy buen curso para las personas como yo que no habían tenido un acercamiento tan grande con el hacking y la Ciberseguridad pero tienen una titulación o están cursando una carrera con temas a fines,[],0
559,La explicación del profesor es muy buena y resuelve muchas dudas y problemas con las que te encuentres en el curso,4,0,0,0,0,1,0,0,1,1,La explicación del profesor es muy buena y resuelve muchas dudas y problemas con las que te encuentres en el curso,[],0
560,Lo cual es muy bueno ya que son problemas que no son muy sencillos de resolver pero el profesor siempre está presto a brindar ayuda,4,0,0,0,0,1,0,0,1,1,Lo cual es muy bueno ya que son problemas que no son muy sencillos de resolver pero el profesor siempre está presto a brindar ayuda,[],0
561,Como aspecto a mejorar me gustaría que se incluyera secciones que evalúen si realmente aprendiste los temas que estás realizando ya que la cantidad de información que se recibe en cada video es muy extensa y seria bueno una evaluación/ejercicio/reto final en la que se centralice los conceptos aprendidos,1,0,1,0,0,0,0,0,0,2,Como aspecto a mejorar me gustaría que se incluyera secciones que evalúen si realmente aprendiste los temas que estás realizando ya que la cantidad de información que se recibe en cada video es muy extensa y seria bueno una evaluación/ejercicio/reto final en la que se centralice los conceptos aprendidos,[],0
562,Muy buen aprendizaje del curso,4,0,0,0,0,1,0,0,1,1,Muy buen aprendizaje del curso,[],0
563,Muy bueno y muy completo,4,0,0,0,0,1,0,0,1,1,Muy bueno y muy completo,[],0
564,excelente,4,0,0,0,0,1,0,0,1,1,excelente,[],0
565,Excelente curso realmente muy practico y también tiene su teoría me encanto la única crítica que le podría hacer es en la parte de hacking Web que se complica y no explica algunos conceptos pero aparte de eso 10/10🤩,4,0,0,0,0,1,0,1,0,1,Excelente curso realmente muy practico y también tiene su teoría me encanto la única crítica que le podría hacer es en la parte de hacking Web que se complica y no explica algunos conceptos pero aparte de eso 10/10,['🤩'],1
566,muy buen curso,4,0,0,0,0,1,0,0,1,1,muy buen curso,[],0
567,Exelente informacion y/o recursos aunque parte de esta informacion ya la conocia,4,0,0,0,0,1,0,0,1,1,Exelente informacion y/o recursos aunque parte de esta informacion ya la conocia,[],0
568,Descubriendo diariamente cosas de las que ni sabia que eran tan simples encontrarles vulnerabilidad,4,0,0,0,0,0,0,1,0,1,Descubriendo diariamente cosas de las que ni sabia que eran tan simples encontrarles vulnerabilidad,[],0
569,Herramientas muy utiles,4,0,0,0,0,0,0,0,1,1,Herramientas muy utiles,[],0
570,Espero aprender lo suficiente como para volver de esto mi carrera futura,4,0,1,0,0,0,0,0,0,1,Espero aprender lo suficiente como para volver de esto mi carrera futura,[],0
571,pues la verdad un poco dificil al principio o por lo menos si eres muy novato pero de igual manera si prestas atencion lo lograras resolver,4,0,1,0,0,0,0,0,0,2,pues la verdad un poco dificil al principio o por lo menos si eres muy novato pero de igual manera si prestas atencion lo lograras resolver,[],0
572,me encanta mucho el tema de la ciberseguridad esta mas que completo,4,0,0,0,0,1,0,0,1,1,me encanta mucho el tema de la ciberseguridad esta mas que completo,[],0
573,"I love the class, he talk for how to search in google using comands, THIS IS BEUTIFULL",4,0,0,0,0,1,0,1,0,1,"I love the class, he talk for how to search in google using comands, THIS IS BEUTIFULL",[],0
574,"Muy buen curso para los que no teniamos conocimiento de ciberseguridad y queriamos meternos a este mundo, el profesor es muy bueno explicando y en cada tema de da pautas y lo basico para tu te vayas metiendo mas a investigar y conocer mas las herramientas que se presentan",4,0,0,0,0,1,0,0,1,1,"Muy buen curso para los que no teniamos conocimiento de ciberseguridad y queriamos meternos a este mundo, el profesor es muy bueno explicando y en cada tema de da pautas y lo basico para tu te vayas metiendo mas a investigar y conocer mas las herramientas que se presentan",[],0
575,bien,4,0,0,0,0,1,0,0,0,1,bien,[],0
576,"muy bueno, se explica muy bien, pero para un principiante puede ser un poco lioso",4,0,0,0,0,1,1,0,0,1,"muy bueno, se explica muy bien, pero para un principiante puede ser un poco lioso",[],0
577,"Muy dinamico y practico, perfecto para mi forma de aprendizaje",4,0,0,0,0,1,0,0,1,1,"Muy dinamico y practico, perfecto para mi forma de aprendizaje",[],0
578,Muy buena elección,4,0,0,0,0,1,0,0,0,1,Muy buena elección,[],0
579,Sencillo y conciso me gusta que sea directo y sin pausas pero también muy bien explicado,4,0,0,0,0,1,0,0,1,1,Sencillo y conciso me gusta que sea directo y sin pausas pero también muy bien explicado,[],0
580,no me parece bien esta practica no pude hacer bien ya que en mi maquina virtual de windows no encontre la carpeta menos el archivo por ahi creo que dada su complejidad del tema no me parace justo ni estoy agusto,2,1,0,0,0,0,1,0,0,0,no me parece bien esta practica no pude hacer bien ya que en mi maquina virtual de windows no encontre la carpeta menos el archivo por ahi creo que dada su complejidad del tema no me parace justo ni estoy agusto,[],0
581,Muy practico y bien explicado,4,0,0,0,0,1,0,0,1,1,Muy practico y bien explicado,[],0
582,"el curso es muy bueno y esta muy bien explicado, pero podria abarcar mas temas",4,0,1,0,0,1,0,0,1,1,"el curso es muy bueno y esta muy bien explicado, pero podria abarcar mas temas",[],0
583,Muy buen curso,4,0,0,0,0,1,0,0,0,1,Muy buen curso,[],0
584,Recomendable!,4,0,0,0,0,1,0,0,1,1,Recomendable!,[],0
585,"De momento va bien el curso, el maestro se sabe explicar y no lo hace complicado de entender los temas y conceptos",4,0,0,0,0,1,0,0,1,1,"De momento va bien el curso, el maestro se sabe explicar y no lo hace complicado de entender los temas y conceptos",[],0
586,excelente,4,0,0,0,0,1,0,0,1,1,excelente,[],0
587,"Porque no he terminado el curso y no tengo el conocimiento adecuado para saber si merece las 5 estrellas, de momento el contenido parece completo y no me ha dado ningún problema por lo que con loo poco que he llevado del curso está muy bien",4,0,1,0,0,1,0,0,1,1,"Porque no he terminado el curso y no tengo el conocimiento adecuado para saber si merece las 5 estrellas, de momento el contenido parece completo y no me ha dado ningún problema por lo que con loo poco que he llevado del curso está muy bien",[],0
588,Explicación sencilla y muy ilustrativa,4,0,0,0,0,1,0,0,1,1,Explicación sencilla y muy ilustrativa,[],0
589,"Hasta el momento es lo que esperaba, la explicación y el manejo del curso esta bien enfocado",4,0,1,0,0,0,0,0,1,1,"Hasta el momento es lo que esperaba, la explicación y el manejo del curso esta bien enfocado",[],0
590,Es excelente,4,0,0,0,0,1,0,0,0,1,Es excelente,[],0
591,Hasta ahora me esta gustando,4,0,0,0,0,1,0,0,0,1,Hasta ahora me esta gustando,[],0
592,"hasta ahora muy buen curso, buena tematica y claridad",4,0,0,0,0,1,0,0,1,1,"hasta ahora muy buen curso, buena tematica y claridad",[],0
593,"Hola santiago en verdad he aprendido mucho, bastante se que el camino largo seguir aprendiendo gracias",4,0,0,0,0,1,0,0,1,1,"Hola santiago en verdad he aprendido mucho, bastante se que el camino largo seguir aprendiendo gracias",[],0
594,realmente bueno,4,0,0,0,0,1,0,0,1,1,realmente bueno,[],0
595,excelente curso,4,0,0,0,0,1,0,0,1,1,excelente curso,[],0
596,"es algo apresurado, calificar el curso, pero lo poco que he he avanzado me a gustado",4,0,1,0,0,1,0,0,0,1,"es algo apresurado, calificar el curso, pero lo poco que he he avanzado me a gustado",[],0
597,"SI, entendible y fácil",4,0,0,0,0,1,0,0,1,1,"SI, entendible y fácil",[],0
598,todo muy bien pero la VM que muestra en el video esta inutilizada 🙁,0,0,1,0,1,0,1,0,0,0,todo muy bien pero la VM que muestra en el video esta inutilizada,['🙁'],1
599,excelente curso,4,0,0,0,0,1,0,0,1,1,excelente curso,[],0
600,Hay mucha informacion util,4,0,0,0,0,0,0,0,1,1,Hay mucha informacion util,[],0
601,excelente,4,0,0,0,0,1,0,0,1,1,excelente,[],0
602,"Curso bastante completo, y muy bien explicado",4,0,0,0,0,1,0,0,1,1,"Curso bastante completo, y muy bien explicado",[],0
603,bien explicado,4,0,0,0,0,1,0,0,1,1,bien explicado,[],0
604,"por ahora si, me parece buen contenido y bien explicado",4,0,0,0,0,1,0,0,1,1,"por ahora si, me parece buen contenido y bien explicado",[],0
605,muy buen curso,4,0,0,0,0,1,0,0,1,1,muy buen curso,[],0
606,sobre todo la explicación!!,4,0,0,0,0,1,0,0,1,1,sobre todo la explicación!!,[],0
607,Bastante bien,4,0,0,0,0,0,0,0,1,1,Bastante bien,[],0
608,"Lo que mas me ha gustado es que se adapta a todos lo niveles, explica todos los conceptos para que no nos perdamos y asi seguir motivandonos para poder seguir viendo los siguientes temas",4,0,1,0,0,1,0,0,1,1,"Lo que mas me ha gustado es que se adapta a todos lo niveles, explica todos los conceptos para que no nos perdamos y asi seguir motivandonos para poder seguir viendo los siguientes temas",[],0
609,hasta el momento se entiende bastante bien todo lo que explica,4,0,0,0,0,1,0,0,1,1,hasta el momento se entiende bastante bien todo lo que explica,[],0
610,Hasta ahora si esta muy bueno,4,0,0,0,0,1,0,0,1,1,Hasta ahora si esta muy bueno,[],0
611,good,4,0,0,0,0,1,0,0,0,1,good,[],0
612,Me gusta su explicacion,4,0,0,0,0,1,0,0,1,1,Me gusta su explicacion,[],0
613,excelente,4,0,0,0,0,1,0,0,1,1,excelente,[],0
614,dificil para instalar el player tuve que instalar el pro,0,0,0,0,0,0,1,0,0,0,dificil para instalar el player tuve que instalar el pro,[],0
615,Excelente explicación,4,0,0,0,0,1,0,0,1,1,Excelente explicación,[],0
616,Facil de entender,4,0,0,0,0,1,0,0,1,1,Facil de entender,[],0
617,"Estoy al principio del curso, y estoy muy contento de como lo hace Santiago",4,0,1,0,0,1,0,0,1,1,"Estoy al principio del curso, y estoy muy contento de como lo hace Santiago",[],0
618,Gracias,4,0,0,0,0,1,0,0,0,1,Gracias,[],0
619,Es fluida la explicación,4,0,0,0,0,1,0,0,1,1,Es fluida la explicación,[],0
620,Me parece que dió una buena introducción y en verdad espero mucho de este curso,4,0,1,0,0,1,0,0,1,1,Me parece que dió una buena introducción y en verdad espero mucho de este curso,[],0
621,Me dio un entendimiento del panorama muy rápido,4,0,0,0,0,1,0,0,1,1,Me dio un entendimiento del panorama muy rápido,[],0
622,bueno,4,0,0,0,0,1,0,0,0,1,bueno,[],0
623,Muy entretenida la experiencia y apredi demasiado,4,0,0,0,0,1,0,1,1,1,Muy entretenida la experiencia y apredi demasiado,[],0
624,hasta el momento esta muy bien,4,0,0,0,0,1,0,0,1,1,hasta el momento esta muy bien,[],0
625,Hasta aquí 👌,4,0,0,0,0,1,0,1,1,2,Hasta aquí,['👌'],1
626,Está muy bueno 😸😸😸,4,0,0,0,0,1,0,1,0,1,Está muy bueno,"['😸', '😸', '😸']",3
627,"De momento todo bien pero resulta algo confuso al no tener mucho conocimiento , espero que a medida que lo vaya completando esto desaparezca",2,0,1,0,0,1,1,0,0,2,"De momento todo bien pero resulta algo confuso al no tener mucho conocimiento , espero que a medida que lo vaya completando esto desaparezca",[],0
628,Todo bien explicado y ordenado,4,0,0,0,0,1,0,0,1,1,Todo bien explicado y ordenado,[],0
629,Muy buen profesional esta actualizado por las cosas que dice,4,0,0,0,0,1,0,0,1,1,Muy buen profesional esta actualizado por las cosas que dice,[],0
630,"Desconosco si es la pagina, mi internet o los videos, pero a cada rato se traba un segundo y por ejemplo con youtube no me sucede eso",0,0,0,0,0,0,1,0,0,0,"Desconosco si es la pagina, mi internet o los videos, pero a cada rato se traba un segundo y por ejemplo con youtube no me sucede eso",[],0
631,Claridad en el contenido,4,0,0,0,0,1,0,0,1,1,Claridad en el contenido,[],0
632,"Muy comprensiva la presentación, por el momento excelente",4,0,0,0,0,1,0,0,1,1,"Muy comprensiva la presentación, por el momento excelente",[],0
633,De momento estoy aprendiendo mucho,4,0,0,0,0,1,0,0,1,1,De momento estoy aprendiendo mucho,[],0
634,Estoy aprendiendo una barbaridad,4,0,0,0,0,1,0,1,1,1,Estoy aprendiendo una barbaridad,[],0
635,Sigo viendo 👀,4,0,1,0,0,0,0,0,1,2,Sigo viendo,['👀'],1
636,excelente,4,0,0,0,0,1,0,0,0,1,excelente,[],0
637,si,4,0,0,0,0,1,0,0,0,2,si,[],0
638,"muy buena la explicación, me gusta el método",4,0,0,0,0,1,0,0,1,1,"muy buena la explicación, me gusta el método",[],0
639,"Si , solo que el instructor habla muy rapido para instalar vmware",1,0,0,0,0,0,1,0,1,2,"Si , solo que el instructor habla muy rapido para instalar vmware",[],0
640,"Muy contento de haber elegido este curso, por ahora todo fenomenal",4,0,0,0,0,1,0,0,1,1,"Muy contento de haber elegido este curso, por ahora todo fenomenal",[],0
641,"Sin duda fue una buena elección, contenido bien explicado y con recursos necesarios para aprender temas básicos de hacking etico",4,0,0,0,0,1,0,0,1,1,"Sin duda fue una buena elección, contenido bien explicado y con recursos necesarios para aprender temas básicos de hacking etico",[],0
642,"Muy instructivo, desde el principio claridad y buen trabajo",4,0,0,0,0,1,0,0,1,1,"Muy instructivo, desde el principio claridad y buen trabajo",[],0
643,Explicaciones buenas,4,0,0,0,0,1,0,0,1,1,Explicaciones buenas,[],0
644,"Excelente curso muy bien explicado , voy por el siguiente curso 🙂",4,0,0,0,0,1,0,1,0,1,"Excelente curso muy bien explicado , voy por el siguiente curso",['🙂'],1
645,"excelente curso 👍 lo recomiendo , yo sigo con su saga , bien profesor y muy bien explicado",4,0,0,0,0,1,0,1,1,1,"excelente curso  lo recomiendo , yo sigo con su saga , bien profesor y muy bien explicado",['👍'],1
646,Excelente contenido y el desarrollo por parte del instructor 👍,4,0,0,0,0,1,0,1,0,1,Excelente contenido y el desarrollo por parte del instructor,['👍'],1
647,Es un curso EXCELENTE compren este y los otros cursos 🙂,4,0,1,0,0,1,0,0,0,1,Es un curso EXCELENTE compren este y los otros cursos,['🙂'],1
648,Fue una excelente elección 😀,4,0,0,0,0,1,0,0,0,1,Fue una excelente elección,['😀'],1
649,"Pues me parece muy interesante y eso que entiendo que todavía no he visto nada potente de hacking, estoy encantada 🙂",4,0,1,0,0,1,0,0,1,1,"Pues me parece muy interesante y eso que entiendo que todavía no he visto nada potente de hacking, estoy encantada",['🙂'],1
650,"En realidad es un campo que Amo extremadamente , me identifico con todo Esto Pero no habia tenido la oportunidad de entrar y disfrutar un poco de este mundo 😜",4,0,1,0,0,1,0,0,0,1,"En realidad es un campo que Amo extremadamente , me identifico con todo Esto Pero no habia tenido la oportunidad de entrar y disfrutar un poco de este mundo",['😜'],1
651,"Por ahora lo que has mostrado me encanta, espero absorber todo lo que viene , me preparando con la intension de trabajar en esta area",4,0,1,0,0,1,0,0,1,1,"Por ahora lo que has mostrado me encanta, espero absorber todo lo que viene , me preparando con la intension de trabajar en esta area",[],0
652,"No llevo ni un dia haciendo el curso y he aprendido una bestialidad de cosas super delicadas, 10/10 el curso y espero que siga así 😁",4,0,0,0,0,1,0,1,1,1,"No llevo ni un dia haciendo el curso y he aprendido una bestialidad de cosas super delicadas, 10/10 el curso y espero que siga así",['😁'],1
653,"Es buena la calidad del video , la explicación muy buena , es agradable al hablar , lo recomiendo mucho la verdad , además se aprende mucho y lo mejor es que lo entiendes 😄👊🏻 5 estrellas 🤘🏻",4,0,0,0,0,1,0,1,1,1,"Es buena la calidad del video , la explicación muy buena , es agradable al hablar , lo recomiendo mucho la verdad , además se aprende mucho y lo mejor es que lo entiendes  5 estrellas","['😄', '👊🏻', '🤘🏻']",3
654,Cada vez me engancha más 🙂,4,0,0,0,0,1,0,0,0,1,Cada vez me engancha más,['🙂'],1
655,El mejor curso del mundo mundial 🤓,4,0,0,0,0,1,0,1,1,1,El mejor curso del mundo mundial,['🤓'],1
656,"Todo perfecto 👌, se va entendiendo todo muy claro",4,0,0,0,0,1,0,0,1,1,"Todo perfecto , se va entendiendo todo muy claro",['👌'],1
657,Muy bien explicado hasta el momento 🙂,4,0,0,0,0,1,0,0,1,1,Muy bien explicado hasta el momento,['🙂'],1
658,Hasta ahora voy por la seccion 2 y el profe explica de maravilla 😀,4,0,0,0,0,1,0,0,1,1,Hasta ahora voy por la seccion 2 y el profe explica de maravilla,['😀'],1
659,👍🏼,4,0,0,0,0,1,0,0,1,1,0,['👍🏼'],1
660,😎,4,0,0,0,0,1,0,0,0,1,0,['😎'],1
661,Excelente curso,4,0,0,0,0,1,0,0,1,1,Excelente curso,[],0
662,quiero aprender nuevas cosas,4,0,1,0,0,0,0,0,0,2,quiero aprender nuevas cosas,[],0
663,se ven muy bien,4,0,0,0,0,1,0,0,0,1,se ven muy bien,[],0
664,Bien explicado,4,0,0,0,0,1,0,0,1,1,Bien explicado,[],0
665,Excelente hasta el momento!!!!,4,0,0,0,0,1,0,0,1,1,Excelente hasta el momento!!!!,[],0
666,Puedo seguir el curso perfectamente,4,0,0,0,0,1,0,0,1,1,Puedo seguir el curso perfectamente,[],0
667,EXCELENTE CAPACITACION,4,0,0,0,0,1,0,0,1,1,EXCELENTE CAPACITACION,[],0
668,Cumple con mis espectarivas,4,0,0,0,0,1,0,0,1,1,Cumple con mis espectarivas,[],0
669,Que esta muy bien explicado mu buen curso,4,0,0,0,0,1,0,0,1,1,Que esta muy bien explicado mu buen curso,[],0
670,chido,4,0,0,0,0,1,0,0,0,1,chido,[],0
671,me esta gustando mucho y eso que voy poco 😄,4,0,1,0,0,1,0,0,0,1,me esta gustando mucho y eso que voy poco,['😄'],1
672,hasta el momento esta fácil seguir las instrucciones,4,0,0,0,0,1,0,0,1,1,hasta el momento esta fácil seguir las instrucciones,[],0
673,Hasta el momento muy sencillo e interesante,4,0,0,0,0,1,0,0,1,1,Hasta el momento muy sencillo e interesante,[],0
674,"muy bueno, explica demasiado bien, como explica entiendo mucho, y dan ganas de aprender",4,0,1,0,0,1,0,0,1,1,"muy bueno, explica demasiado bien, como explica entiendo mucho, y dan ganas de aprender",[],0
675,por que si 👍🏼,4,0,0,0,0,1,0,0,0,1,por que si,['👍🏼'],1
676,hasta el momento es super clara la explicación,4,0,0,0,0,1,0,0,1,1,hasta el momento es super clara la explicación,[],0
677,Buenas explicación de lo que son máquinas virtuales,4,0,0,0,0,1,0,0,1,1,Buenas explicación de lo que son máquinas virtuales,[],0
678,"Va bastante bien el curso, todo bastante claro",4,0,0,0,0,1,0,0,1,1,"Va bastante bien el curso, todo bastante claro",[],0
679,Gracias 🙏,4,0,0,0,0,1,0,0,0,1,Gracias,['🙏'],1
680,Como toma de contacto está muy completo y super bien explicado,4,0,0,0,0,1,0,0,1,1,Como toma de contacto está muy completo y super bien explicado,[],0
681,muy intuitiva y motivadora,4,0,0,0,0,1,0,0,1,1,muy intuitiva y motivadora,[],0
682,emepezando muy practico y explicativo me agrada,4,0,0,0,1,1,0,0,0,1,emepezando muy practico y explicativo me agrada,[],0
683,"Este curso hizo que aprender PNL fuera realmente agradable porque las explicaciones son claras, estructuradas y generan una gran confianza al tiempo que me mantienen motivado para seguir aprendiendo.",4,0,0,0,0,1,0,0,1,1,"Este curso hizo que aprender PNL fuera realmente agradable porque las explicaciones son claras, estructuradas y generan una gran confianza al tiempo que me mantienen motivado para seguir aprendiendo.",[],0
684,Me siento muy satisfecho con este curso ya que presenta los conceptos de PNL de una manera lógica que me hace confiar en el material y disfrutar del proceso de aprendizaje de principio a fin.,4,0,0,0,0,1,0,0,1,1,Me siento muy satisfecho con este curso ya que presenta los conceptos de PNL de una manera lógica que me hace confiar en el material y disfrutar del proceso de aprendizaje de principio a fin.,[],0
685,"El instructor presenta el contenido con claridad y profundidad, lo que me hace sentir feliz, seguro y emocionado de aplicar los conceptos a problemas del mundo real.",1,0,0,0,0,1,0,0,1,1,"El instructor presenta el contenido con claridad y profundidad, lo que me hace sentir feliz, seguro y emocionado de aplicar los conceptos a problemas del mundo real.",[],0
686,Este curso superó mis expectativas al explicar temas complejos de PNL de una manera sencilla y atractiva que me mantuvo interesado y motivado en todo momento.,4,0,0,0,0,1,0,1,1,1,Este curso superó mis expectativas al explicar temas complejos de PNL de una manera sencilla y atractiva que me mantuvo interesado y motivado en todo momento.,[],0
687,Realmente disfruté este curso porque me ayudó a comprender la PNL paso a paso y al mismo tiempo generar confianza en el enfoque de enseñanza del instructor.,1,0,0,0,0,1,0,0,1,1,Realmente disfruté este curso porque me ayudó a comprender la PNL paso a paso y al mismo tiempo generar confianza en el enfoque de enseñanza del instructor.,[],0
688,"La experiencia de aprendizaje es gratificante y placentera, ya que el curso equilibra cuidadosamente la teoría y la práctica de una manera que resulta natural y motivadora.",2,0,0,0,0,1,0,0,1,1,"La experiencia de aprendizaje es gratificante y placentera, ya que el curso equilibra cuidadosamente la teoría y la práctica de una manera que resulta natural y motivadora.",[],0
689,"Estoy muy satisfecho con la claridad con la que el instructor explica los conceptos de PNL, lo que me hizo sentir seguro y emocionado de seguir progresando.",1,0,0,0,0,1,0,0,1,1,"Estoy muy satisfecho con la claridad con la que el instructor explica los conceptos de PNL, lo que me hizo sentir seguro y emocionado de seguir progresando.",[],0
690,"Este curso me hizo sentir cómodo aprendiendo PNL porque las explicaciones están bien estructuradas, detalladas y fáciles de seguir.",2,0,0,0,0,1,0,0,0,1,"Este curso me hizo sentir cómodo aprendiendo PNL porque las explicaciones están bien estructuradas, detalladas y fáciles de seguir.",[],0
691,"Disfruté mucho el viaje de aprendizaje en este curso, ya que gradualmente desarrolla la comprensión y mantiene alta la motivación.",4,0,0,0,0,1,0,0,0,1,"Disfruté mucho el viaje de aprendizaje en este curso, ya que gradualmente desarrolla la comprensión y mantiene alta la motivación.",[],0
692,Las explicaciones claras del instructor hicieron que este curso fuera agradable y me dieron confianza para aplicar técnicas de PNL de forma independiente.,1,0,0,0,0,1,0,0,0,1,Las explicaciones claras del instructor hicieron que este curso fuera agradable y me dieron confianza para aplicar técnicas de PNL de forma independiente.,[],0
693,Me siento feliz y satisfecho con este curso porque el contenido está cuidadosamente organizado y presentado de una manera que genera una sólida comprensión.,2,0,0,0,0,1,0,0,0,1,Me siento feliz y satisfecho con este curso porque el contenido está cuidadosamente organizado y presentado de una manera que genera una sólida comprensión.,[],0
694,Este curso proporcionó una experiencia de aprendizaje muy positiva al explicar claramente los conceptos de PNL y fomentar la curiosidad y la confianza.,4,0,0,0,0,1,0,0,0,1,Este curso proporcionó una experiencia de aprendizaje muy positiva al explicar claramente los conceptos de PNL y fomentar la curiosidad y la confianza.,[],0
695,Disfruté cada parte de este curso porque el instructor explica ideas básicas y avanzadas de una manera que resulta atractiva y confiable.,1,0,0,0,0,1,0,0,0,1,Disfruté cada parte de este curso porque el instructor explica ideas básicas y avanzadas de una manera que resulta atractiva y confiable.,[],0
696,La estructura de este curso hizo que aprender PNL fuera agradable y me ayudó a sentirme seguro mientras progresaba en cada tema.,2,0,0,0,0,1,0,0,0,1,La estructura de este curso hizo que aprender PNL fuera agradable y me ayudó a sentirme seguro mientras progresaba en cada tema.,[],0
697,"Estoy muy satisfecho con la profundidad y claridad de este curso, que hizo que aprender PNL fuera emocionante en lugar de abrumador.",4,0,0,0,0,1,0,1,0,1,"Estoy muy satisfecho con la profundidad y claridad de este curso, que hizo que aprender PNL fuera emocionante en lugar de abrumador.",[],0
698,"Este curso combina con éxito explicaciones claras y conocimientos prácticos, haciendo que la experiencia de aprendizaje sea agradable y motivadora.",2,0,0,0,0,1,0,0,0,1,"Este curso combina con éxito explicaciones claras y conocimientos prácticos, haciendo que la experiencia de aprendizaje sea agradable y motivadora.",[],0
699,Me sentí seguro y comprometido durante todo el curso porque el instructor explica los conceptos con cuidado y lógica.,1,0,0,0,0,1,0,0,0,1,Me sentí seguro y comprometido durante todo el curso porque el instructor explica los conceptos con cuidado y lógica.,[],0
700,Este curso hizo que la PNL fuera más fácil de entender al presentar ideas de una manera estructurada y agradable que me mantuvo motivado.,2,0,0,0,0,1,0,0,0,1,Este curso hizo que la PNL fuera más fácil de entender al presentar ideas de una manera estructurada y agradable que me mantuvo motivado.,[],0
701,"Realmente aprecié la claridad de este curso, que me ayudó a generar confianza en el proceso de aprendizaje y disfrutar de cada lección 😊",4,0,0,0,0,1,0,0,0,1,"Realmente aprecié la claridad de este curso, que me ayudó a generar confianza en el proceso de aprendizaje y disfrutar de cada lección",['😊'],1
702,La experiencia de aprendizaje fue muy satisfactoria porque el curso explica los conceptos de PNL a fondo y a un ritmo cómodo,2,0,0,0,0,1,0,0,0,1,La experiencia de aprendizaje fue muy satisfactoria porque el curso explica los conceptos de PNL a fondo y a un ritmo cómodo,[],0
703,Disfruté este curso porque gradualmente desarrolla la comprensión y hace que los temas complejos de PNL se sientan accesibles e interesantes,2,0,0,0,0,1,0,0,0,1,Disfruté este curso porque gradualmente desarrolla la comprensión y hace que los temas complejos de PNL se sientan accesibles e interesantes,[],0
704,Este curso superó mis expectativas al brindar explicaciones de alta calidad que hicieron que aprender PNL fuera agradable y gratificante,4,0,0,0,0,1,0,1,0,1,Este curso superó mis expectativas al brindar explicaciones de alta calidad que hicieron que aprender PNL fuera agradable y gratificante,[],0
705,Me siento muy satisfecha con este curso ya que me ayudó a ganar confianza y entusiasmo para aplicar técnicas de PNL 😊,4,0,0,0,0,1,0,0,0,1,Me siento muy satisfecha con este curso ya que me ayudó a ganar confianza y entusiasmo para aplicar técnicas de PNL,['😊'],1
706,El estilo de enseñanza del instructor hizo que aprender PNL fuera atractivo y me ayudó a confiar en los conceptos explicados 😌,1,0,0,0,0,1,0,0,0,1,El estilo de enseñanza del instructor hizo que aprender PNL fuera atractivo y me ayudó a confiar en los conceptos explicados,['😌'],1
707,Este curso me hizo sentir entusiasmado por aprender PNL debido a su estructura clara y explicaciones bien pensadas,4,0,0,0,0,1,0,0,0,1,Este curso me hizo sentir entusiasmado por aprender PNL debido a su estructura clara y explicaciones bien pensadas,[],0
708,"Disfruté el curso porque explica los fundamentos de la PNL de una manera que parece lógica, motivadora y fácil de seguir 🙂",2,0,0,0,0,1,0,0,0,1,"Disfruté el curso porque explica los fundamentos de la PNL de una manera que parece lógica, motivadora y fácil de seguir",['🙂'],1
709,El proceso de aprendizaje fue fluido y gratificante gracias a las claras explicaciones del instructor y al contenido bien organizado,4,0,0,0,0,1,0,0,0,1,El proceso de aprendizaje fue fluido y gratificante gracias a las claras explicaciones del instructor y al contenido bien organizado,[],0
710,Estoy muy satisfecho con cómo este curso desarrolla la comprensión paso a paso y al mismo tiempo mantiene la experiencia de aprendizaje agradable,4,0,0,0,0,1,0,0,0,1,Estoy muy satisfecho con cómo este curso desarrolla la comprensión paso a paso y al mismo tiempo mantiene la experiencia de aprendizaje agradable,[],0
711,Este curso me ayudó a sentirme seguro y motivado ya que explica los conceptos de PNL de una manera clara y atractiva 😄,1,0,0,0,0,1,0,0,0,1,Este curso me ayudó a sentirme seguro y motivado ya que explica los conceptos de PNL de una manera clara y atractiva,['😄'],1
712,"Realmente disfruté aprender de este curso porque las explicaciones se sienten reflexivas, detalladas y fáciles de confiar 😊",4,0,0,0,0,1,0,0,0,1,"Realmente disfruté aprender de este curso porque las explicaciones se sienten reflexivas, detalladas y fáciles de confiar",['😊'],1
713,"El instructor explica los conceptos de PNL con claridad y paciencia, lo que hizo que toda la experiencia de aprendizaje fuera agradable y generara confianza",1,0,0,0,0,1,0,0,0,1,"El instructor explica los conceptos de PNL con claridad y paciencia, lo que hizo que toda la experiencia de aprendizaje fuera agradable y generara confianza",[],0
714,Este curso brindó una experiencia de aprendizaje muy positiva al hacer que las ideas complejas parezcan simples y motivadoras 😄,2,0,0,0,0,1,0,0,0,1,Este curso brindó una experiencia de aprendizaje muy positiva al hacer que las ideas complejas parezcan simples y motivadoras,['😄'],1
715,Me sentí feliz aprendiendo PNL en este curso porque el contenido está bien estructurado y explicado con claridad 😊,2,0,0,0,0,1,0,0,0,1,Me sentí feliz aprendiendo PNL en este curso porque el contenido está bien estructurado y explicado con claridad,['😊'],1
716,Las explicaciones de este curso me ayudaron a generar confianza en el material y a disfrutar del aprendizaje sin sentirme confundido 😌,2,0,0,0,0,1,0,0,0,1,Las explicaciones de este curso me ayudaron a generar confianza en el material y a disfrutar del aprendizaje sin sentirme confundido,['😌'],1
717,Estoy muy satisfecho con este curso porque presenta los conceptos de PNL de una manera que resulta práctica y agradable,4,0,0,0,0,1,0,0,0,1,Estoy muy satisfecho con este curso porque presenta los conceptos de PNL de una manera que resulta práctica y agradable,[],0
718,Este curso me hizo sentir entusiasmado por seguir aprendiendo PNL porque las explicaciones son claras y atractivas 😄,4,0,0,0,0,1,0,0,0,1,Este curso me hizo sentir entusiasmado por seguir aprendiendo PNL porque las explicaciones son claras y atractivas,['😄'],1
719,Disfruté el proceso de aprendizaje porque el instructor explica los conceptos a fondo y mantiene las lecciones interesantes 😊,1,0,0,0,0,1,0,0,1,1,Disfruté el proceso de aprendizaje porque el instructor explica los conceptos a fondo y mantiene las lecciones interesantes,['😊'],1
720,Este curso superó mis expectativas al hacer que la PNL sea accesible y agradable a través de explicaciones claras 🤩,4,0,0,0,0,1,0,1,0,1,Este curso superó mis expectativas al hacer que la PNL sea accesible y agradable a través de explicaciones claras,['🤩'],1
721,Me sentí seguro y motivado durante todo el curso gracias a su contenido estructurado y con buen ritmo 😌,2,0,0,0,0,1,0,0,0,1,Me sentí seguro y motivado durante todo el curso gracias a su contenido estructurado y con buen ritmo,['😌'],1
722,La experiencia de aprendizaje fue muy satisfactoria porque el instructor explica cada tema de forma clara y reflexiva 😊,1,0,0,0,0,1,0,0,0,1,La experiencia de aprendizaje fue muy satisfactoria porque el instructor explica cada tema de forma clara y reflexiva,['😊'],1
723,Disfruté este curso porque hace que los conceptos de PNL sean fáciles de entender y al mismo tiempo hace que la experiencia de aprendizaje sea agradable 🙂,1,0,0,0,0,1,0,0,0,1,Disfruté este curso porque hace que los conceptos de PNL sean fáciles de entender y al mismo tiempo hace que la experiencia de aprendizaje sea agradable,['🙂'],1
724,Este curso me dio confianza en mi comprensión de la PNL a través de sus explicaciones claras y progresión lógica 😌,1,0,0,0,0,1,0,0,0,1,Este curso me dio confianza en mi comprensión de la PNL a través de sus explicaciones claras y progresión lógica,['😌'],1
725,Me siento muy satisfecho con este curso ya que me ayudó a aprender PNL de forma estructurada y motivadora.,4,0,0,0,0,1,0,0,0,1,Me siento muy satisfecho con este curso ya que me ayudó a aprender PNL de forma estructurada y motivadora.,[],0
726,Las explicaciones del instructor hicieron que el aprendizaje de PNL fuera agradable y me ayudaron a confiar completamente en el material.,1,0,0,0,0,1,0,0,0,1,Las explicaciones del instructor hicieron que el aprendizaje de PNL fuera agradable y me ayudaron a confiar completamente en el material.,[],0
727,Este curso hizo que aprender PNL fuera gratificante al explicar claramente los conceptos y fomentar el aprendizaje continuo.,1,0,0,0,0,1,0,0,0,1,Este curso hizo que aprender PNL fuera gratificante al explicar claramente los conceptos y fomentar el aprendizaje continuo.,[],0
728,Disfruté cómo este curso presenta las ideas de PNL de una manera clara y atractiva que genera confianza.,1,0,0,0,0,1,0,0,0,1,Disfruté cómo este curso presenta las ideas de PNL de una manera clara y atractiva que genera confianza.,[],0
729,El viaje de aprendizaje fue positivo y agradable porque el curso explica todo paso a paso.,1,0,0,0,0,1,0,0,0,1,El viaje de aprendizaje fue positivo y agradable porque el curso explica todo paso a paso.,[],0
730,"Estoy muy satisfecho con este curso porque combina claridad, estructura y motivación de manera efectiva.",4,0,0,0,0,1,0,0,0,1,"Estoy muy satisfecho con este curso porque combina claridad, estructura y motivación de manera efectiva.",[],0
731,Este curso me ayudó a sentirme seguro y entusiasmado por aplicar técnicas de PNL en la práctica.,4,0,0,0,0,1,0,0,0,1,Este curso me ayudó a sentirme seguro y entusiasmado por aplicar técnicas de PNL en la práctica.,[],0
732,Disfruté mucho este curso porque hizo que aprender PNL fuera agradable y al mismo tiempo generara confianza.,1,0,0,0,0,1,0,0,0,1,Disfruté mucho este curso porque hizo que aprender PNL fuera agradable y al mismo tiempo generara confianza.,[],0
733,"El instructor explica los conceptos de PNL de forma clara y coherente, lo que hizo que la experiencia de aprendizaje fuera fluida y agradable.",1,0,0,0,0,1,0,0,0,1,"El instructor explica los conceptos de PNL de forma clara y coherente, lo que hizo que la experiencia de aprendizaje fuera fluida y agradable.",[],0
734,Este curso superó mis expectativas al hacer que temas complejos se sintieran comprensibles y motivadores.,1,0,0,0,0,1,0,1,0,1,Este curso superó mis expectativas al hacer que temas complejos se sintieran comprensibles y motivadores.,[],0
735,Me sentí feliz aprendiendo PNL a través de este curso porque las explicaciones son claras y bien organizadas.,1,0,0,0,0,1,0,0,0,1,Me sentí feliz aprendiendo PNL a través de este curso porque las explicaciones son claras y bien organizadas.,[],0
736,La estructura del curso me ayudó a mantenerme comprometido y seguro mientras aprendía conceptos de PNL.,1,0,0,0,0,1,0,0,0,1,La estructura del curso me ayudó a mantenerme comprometido y seguro mientras aprendía conceptos de PNL.,[],0
737,Estoy muy satisfecho con este curso porque presenta la información con claridad y desarrolla la comprensión gradualmente.,4,0,0,0,0,1,0,0,0,1,Estoy muy satisfecho con este curso porque presenta la información con claridad y desarrolla la comprensión gradualmente.,[],0
738,Este curso hizo que el aprendizaje de PNL fuera agradable al explicar las ideas de una manera lógica y accesible.,1,0,0,0,0,1,0,0,0,1,Este curso hizo que el aprendizaje de PNL fuera agradable al explicar las ideas de una manera lógica y accesible.,[],0
739,Disfruté la experiencia de aprendizaje porque el instructor explica los conceptos con cuidado y claridad.,1,0,0,0,0,1,0,0,0,1,Disfruté la experiencia de aprendizaje porque el instructor explica los conceptos con cuidado y claridad.,[],0
740,Este curso me ayudó a sentirme seguro de mis conocimientos de PNL gracias a sus claras explicaciones.,1,0,0,0,0,1,0,0,0,1,Este curso me ayudó a sentirme seguro de mis conocimientos de PNL gracias a sus claras explicaciones.,[],0
741,Me sentí motivado y satisfecho durante todo el curso debido a su contenido bien estructurado.,4,0,0,0,0,1,0,0,0,1,Me sentí motivado y satisfecho durante todo el curso debido a su contenido bien estructurado.,[],0
742,El estilo de enseñanza del instructor hizo que este curso fuera agradable y fácil de confiar.,1,0,0,0,0,1,0,0,0,1,El estilo de enseñanza del instructor hizo que este curso fuera agradable y fácil de confiar.,[],0
743,"Disfruté este curso porque explica los conceptos de PNL de una manera clara, práctica y motivadora.",1,0,0,0,0,1,0,0,0,1,"Disfruté este curso porque explica los conceptos de PNL de una manera clara, práctica y motivadora.",[],0
744,Este curso superó mis expectativas al brindar explicaciones claras y una experiencia de aprendizaje fluida.,1,0,0,0,0,1,0,1,0,1,Este curso superó mis expectativas al brindar explicaciones claras y una experiencia de aprendizaje fluida.,[],0
745,Estoy muy satisfecho con cómo este curso construye la comprensión paso a paso.,4,0,0,0,0,1,0,0,0,1,Estoy muy satisfecho con cómo este curso construye la comprensión paso a paso.,[],0
746,La experiencia de aprendizaje fue agradable porque el instructor explica todo con claridad y reflexión.,1,0,0,0,0,1,0,0,0,1,La experiencia de aprendizaje fue agradable porque el instructor explica todo con claridad y reflexión.,[],0
747,Este curso hizo que la PNL fuera más fácil de aprender y me mantuvo motivado en todo momento.,1,0,0,0,0,1,0,0,0,1,Este curso hizo que la PNL fuera más fácil de aprender y me mantuvo motivado en todo momento.,[],0
748,Disfruté la estructura de este curso porque promueve un aprendizaje claro y seguro.,4,0,0,0,0,1,0,0,0,1,Disfruté la estructura de este curso porque promueve un aprendizaje claro y seguro.,[],0
749,Las explicaciones me ayudaron a sentirme seguro y entusiasmado por aprender PNL.,1,0,0,0,0,1,0,0,0,1,Las explicaciones me ayudaron a sentirme seguro y entusiasmado por aprender PNL.,[],0
750,Este curso proporcionó una experiencia de aprendizaje muy positiva gracias a su claridad y organización.,4,0,0,0,0,1,0,0,0,1,Este curso proporcionó una experiencia de aprendizaje muy positiva gracias a su claridad y organización.,[],0
751,Me sentí satisfecho aprendiendo PNL porque el contenido está presentado de forma clara y lógica.,1,0,0,0,0,1,0,0,0,1,Me sentí satisfecho aprendiendo PNL porque el contenido está presentado de forma clara y lógica.,[],0
752,Las explicaciones del instructor hicieron que este curso fuera agradable y generara confianza.,1,0,0,0,0,1,0,0,0,1,Las explicaciones del instructor hicieron que este curso fuera agradable y generara confianza.,[],0
753,Disfruté aprendiendo PNL a través de este curso porque el material está estructurado y es fácil de seguir.,2,0,0,0,0,1,0,0,0,1,Disfruté aprendiendo PNL a través de este curso porque el material está estructurado y es fácil de seguir.,[],0
754,Este curso superó mis expectativas al hacer que los conceptos de PNL sean atractivos y comprensibles.,4,0,0,0,0,1,0,1,0,1,Este curso superó mis expectativas al hacer que los conceptos de PNL sean atractivos y comprensibles.,[],0
755,Me siento muy satisfecho con la experiencia de aprendizaje que me proporcionó este curso.,4,0,0,0,0,1,0,0,0,1,Me siento muy satisfecho con la experiencia de aprendizaje que me proporcionó este curso.,[],0
756,El curso me ayudó a sentirme seguro y motivado mientras aprendía PNL.,4,0,0,0,0,1,0,0,0,1,El curso me ayudó a sentirme seguro y motivado mientras aprendía PNL.,[],0
757,Disfruté de las explicaciones claras que hicieron que el aprendizaje de PNL fuera agradable.,1,0,0,0,0,1,0,0,0,1,Disfruté de las explicaciones claras que hicieron que el aprendizaje de PNL fuera agradable.,[],0
758,Este curso hizo que aprender PNL fuera gratificante gracias a su estructura reflexiva.,2,0,0,0,0,1,0,0,0,1,Este curso hizo que aprender PNL fuera gratificante gracias a su estructura reflexiva.,[],0
759,Me sentí seguro al aprender en este curso porque las explicaciones son claras y consistentes.,1,0,0,0,0,1,0,0,0,1,Me sentí seguro al aprender en este curso porque las explicaciones son claras y consistentes.,[],0
760,La experiencia de aprendizaje fue agradable y motivadora gracias al estilo de enseñanza del instructor.,1,0,0,0,0,1,0,1,0,1,La experiencia de aprendizaje fue agradable y motivadora gracias al estilo de enseñanza del instructor.,[],0
761,Este curso superó mis expectativas al hacer que las ideas complejas sean fáciles de comprender.,4,0,0,0,0,1,0,1,0,1,Este curso superó mis expectativas al hacer que las ideas complejas sean fáciles de comprender.,[],0
762,Estoy muy satisfecho con la claridad con la que se explican los conceptos de PNL en este curso.,4,0,0,0,0,1,0,0,0,1,Estoy muy satisfecho con la claridad con la que se explican los conceptos de PNL en este curso.,[],0
763,Disfruté este curso porque presenta los conceptos de PNL de una manera lógica y atractiva.,2,0,0,0,0,1,0,0,0,1,Disfruté este curso porque presenta los conceptos de PNL de una manera lógica y atractiva.,[],0
764,Este curso me ayudó a desarrollar confianza y entusiasmo por aprender PNL.,4,0,0,0,0,1,0,0,0,1,Este curso me ayudó a desarrollar confianza y entusiasmo por aprender PNL.,[],0
765,Me sentí satisfecho con la experiencia de aprendizaje porque el contenido está bien estructurado.,2,0,0,0,0,1,0,0,0,1,Me sentí satisfecho con la experiencia de aprendizaje porque el contenido está bien estructurado.,[],0
766,Las explicaciones del instructor hicieron que aprender PNL fuera agradable y fácil de seguir.,1,0,0,0,0,1,0,0,0,1,Las explicaciones del instructor hicieron que aprender PNL fuera agradable y fácil de seguir.,[],0
767,Este curso superó mis expectativas al brindar lecciones claras y motivadoras.,4,0,0,0,0,1,0,1,0,1,Este curso superó mis expectativas al brindar lecciones claras y motivadoras.,[],0
768,Disfruté el viaje de aprendizaje porque el curso explica los conceptos paso a paso.,1,0,0,0,0,1,0,0,0,1,Disfruté el viaje de aprendizaje porque el curso explica los conceptos paso a paso.,[],0
769,Me siento seguro y satisfecho después de completar este curso.,4,0,0,0,0,1,0,0,0,1,Me siento seguro y satisfecho después de completar este curso.,[],0
770,La estructura de este curso hizo que aprender PNL fuera agradable y efectivo.,2,0,0,0,0,1,0,0,0,1,La estructura de este curso hizo que aprender PNL fuera agradable y efectivo.,[],0
771,Disfruté de la claridad y organización de las lecciones a lo largo del curso.,2,0,0,0,0,1,0,0,0,1,Disfruté de la claridad y organización de las lecciones a lo largo del curso.,[],0
772,Este curso hizo que aprender PNL fuera accesible y gratificante.,4,0,0,0,0,1,0,0,0,1,Este curso hizo que aprender PNL fuera accesible y gratificante.,[],0
773,Estoy muy satisfecho con este curso porque explica claramente los conceptos de PNL y genera confianza.,4,0,0,0,0,1,0,0,0,1,Estoy muy satisfecho con este curso porque explica claramente los conceptos de PNL y genera confianza.,[],0
774,Las claras explicaciones del instructor hicieron que la experiencia de aprendizaje fuera agradable.,1,0,0,0,0,1,0,0,0,1,Las claras explicaciones del instructor hicieron que la experiencia de aprendizaje fuera agradable.,[],0
775,Este curso superó mis expectativas al hacer que la PNL sea interesante y fácil de entender.,4,0,0,0,0,1,0,1,0,1,Este curso superó mis expectativas al hacer que la PNL sea interesante y fácil de entender.,[],0
776,Disfruté aprendiendo de este curso porque el contenido fluye lógicamente.,2,0,0,0,0,1,0,0,0,1,Disfruté aprendiendo de este curso porque el contenido fluye lógicamente.,[],0
777,La experiencia de aprendizaje fue positiva y motivadora gracias a la estructura del curso.,2,0,0,0,0,1,0,0,0,1,La experiencia de aprendizaje fue positiva y motivadora gracias a la estructura del curso.,[],0
778,Me siento seguro de mi comprensión de la PNL después de completar este curso.,4,0,0,0,0,1,0,0,0,1,Me siento seguro de mi comprensión de la PNL después de completar este curso.,[],0
779,Este curso hizo que el aprendizaje de PNL fuera agradable a través de explicaciones claras y reflexivas.,1,0,0,0,0,1,0,0,0,1,Este curso hizo que el aprendizaje de PNL fuera agradable a través de explicaciones claras y reflexivas.,[],0
780,Disfruté el proceso de aprendizaje porque el instructor explica muy bien los conceptos.,1,0,0,0,0,1,0,0,0,1,Disfruté el proceso de aprendizaje porque el instructor explica muy bien los conceptos.,[],0
781,Estoy muy satisfecho con cómo el curso presenta los temas de PNL.,4,0,0,0,0,1,0,0,0,1,Estoy muy satisfecho con cómo el curso presenta los temas de PNL.,[],0
782,Este curso brindó una experiencia de aprendizaje muy agradable y que generó confianza 😊,4,0,0,0,0,1,0,0,0,1,Este curso brindó una experiencia de aprendizaje muy agradable y que generó confianza,['😊'],1
783,"Me sentí realmente feliz y gratamente sorprendido por la claridad con la que este curso explica los conceptos de PNL, haciendo que toda la experiencia de aprendizaje sea agradable y motivadora de principio a fin 😄",1,0,0,0,0,1,0,1,0,1,"Me sentí realmente feliz y gratamente sorprendido por la claridad con la que este curso explica los conceptos de PNL, haciendo que toda la experiencia de aprendizaje sea agradable y motivadora de principio a fin",['😄'],1
784,"Este curso me hizo sentir emocionado y sorprendido ya que transformó temas complejos de PNL en algo atractivo, comprensible y gratificante de aprender.",4,0,0,0,0,1,0,1,0,1,"Este curso me hizo sentir emocionado y sorprendido ya que transformó temas complejos de PNL en algo atractivo, comprensible y gratificante de aprender.",[],0
785,Me sorprendió gratamente lo bien que fluyeron las lecciones y lo agradable que se volvió aprender PNL a través de las claras explicaciones del instructor,1,0,0,0,0,1,0,1,0,1,Me sorprendió gratamente lo bien que fluyeron las lecciones y lo agradable que se volvió aprender PNL a través de las claras explicaciones del instructor,[],0
786,Este curso superó mis expectativas y me hizo sentir feliz ya que cada tema fue explicado de una manera sorprendentemente clara y accesible,4,0,0,0,0,1,0,1,0,1,Este curso superó mis expectativas y me hizo sentir feliz ya que cada tema fue explicado de una manera sorprendentemente clara y accesible,[],0
787,"Sentí una fuerte sensación de disfrute y una agradable sorpresa al aprender PNL porque las explicaciones eran reflexivas, estructuradas y fáciles de seguir",2,0,0,0,0,1,0,1,0,1,"Sentí una fuerte sensación de disfrute y una agradable sorpresa al aprender PNL porque las explicaciones eran reflexivas, estructuradas y fáciles de seguir",[],0
788,El curso hizo que aprender PNL fuera emocionante y sorprendente al presentar los conceptos de una manera que parecía intuitiva y profundamente atractiva,1,0,0,0,0,1,0,1,0,1,El curso hizo que aprender PNL fuera emocionante y sorprendente al presentar los conceptos de una manera que parecía intuitiva y profundamente atractiva,[],0
789,Me sorprendió gratamente lo mucho que disfruté aprendiendo PNL a través de este curso debido a su claridad y estilo de enseñanza atractivo,1,0,0,0,0,1,0,1,0,1,Me sorprendió gratamente lo mucho que disfruté aprendiendo PNL a través de este curso debido a su claridad y estilo de enseñanza atractivo,[],0
790,Este curso me hizo sentir alegre e impresionado ya que explicó las ideas de PNL con claridad y mantuvo la experiencia de aprendizaje agradable,1,0,0,0,0,1,0,0,0,1,Este curso me hizo sentir alegre e impresionado ya que explicó las ideas de PNL con claridad y mantuvo la experiencia de aprendizaje agradable,[],0
791,Me sentí emocionado y gratamente sorprendido por la eficacia con la que el instructor hizo que los conceptos complejos de PNL fueran fáciles de entender,1,0,0,0,0,1,0,1,0,1,Me sentí emocionado y gratamente sorprendido por la eficacia con la que el instructor hizo que los conceptos complejos de PNL fueran fáciles de entender,[],0
792,"Aprender PNL a través de este curso fue una experiencia alegre, especialmente porque las explicaciones fueron más claras de lo que esperaba inicialmente",1,0,0,0,0,1,0,1,0,1,"Aprender PNL a través de este curso fue una experiencia alegre, especialmente porque las explicaciones fueron más claras de lo que esperaba inicialmente",[],0
793,"Me sentí feliz y sorprendida por lo interesantes que fueron las lecciones, lo que hizo que la PNL pareciera mucho más accesible y agradable",1,0,0,0,0,1,0,1,0,1,"Me sentí feliz y sorprendida por lo interesantes que fueron las lecciones, lo que hizo que la PNL pareciera mucho más accesible y agradable",[],0
794,Este curso trajo una grata sorpresa al convertir temas desafiantes de PNL en algo divertido y motivador para aprender,4,0,0,0,0,1,0,1,0,1,Este curso trajo una grata sorpresa al convertir temas desafiantes de PNL en algo divertido y motivador para aprender,[],0
795,Disfruté mucho este curso y me sorprendió la naturalidad con la que las explicaciones me ayudaron a comprender los conceptos de PNL,1,0,0,0,0,1,0,1,0,1,Disfruté mucho este curso y me sorprendió la naturalidad con la que las explicaciones me ayudaron a comprender los conceptos de PNL,[],0
796,La experiencia de aprendizaje fue alegre y refrescante porque el curso superó mis expectativas en claridad y estructura,4,0,0,0,0,1,0,0,0,1,La experiencia de aprendizaje fue alegre y refrescante porque el curso superó mis expectativas en claridad y estructura,[],0
797,Sentí una sensación de emoción y sorpresa porque el curso hizo que los conceptos de PNL fueran más fáciles y agradables de lo esperado,4,0,0,0,0,1,0,1,0,1,Sentí una sensación de emoción y sorpresa porque el curso hizo que los conceptos de PNL fueran más fáciles y agradables de lo esperado,[],0
798,"Este curso hizo que aprender PNL fuera un viaje alegre, especialmente por la claridad y la forma atractiva en que se presentó cada tema",1,0,0,0,0,1,0,0,0,1,"Este curso hizo que aprender PNL fuera un viaje alegre, especialmente por la claridad y la forma atractiva en que se presentó cada tema",[],0
799,Me sorprendió gratamente la profundidad de comprensión que adquirí mientras seguía disfrutando de cada lección 🙂,4,0,0,0,0,1,0,1,0,1,Me sorprendió gratamente la profundidad de comprensión que adquirí mientras seguía disfrutando de cada lección,['🙂'],1
800,Las explicaciones del instructor hicieron que aprender PNL fuera sorprendentemente agradable y consistentemente satisfactorio,1,0,0,0,0,1,0,1,0,1,Las explicaciones del instructor hicieron que aprender PNL fuera sorprendentemente agradable y consistentemente satisfactorio,[],0
801,Me sentí feliz e impresionado por cómo el curso convirtió ideas complejas de PNL en algo atractivo y accesible 😃,4,0,0,0,0,1,0,0,0,1,Me sentí feliz e impresionado por cómo el curso convirtió ideas complejas de PNL en algo atractivo y accesible,['😃'],1
802,Este curso superó mis expectativas al brindar una experiencia de aprendizaje alegre y sorprendentemente fluida,4,0,0,0,0,1,0,1,0,1,Este curso superó mis expectativas al brindar una experiencia de aprendizaje alegre y sorprendentemente fluida,[],0
803,Experimenté un disfrute y una sorpresa genuinos porque el curso hizo que los conceptos de PNL parecieran intuitivos y bien estructurados,2,0,0,0,0,1,0,1,0,1,Experimenté un disfrute y una sorpresa genuinos porque el curso hizo que los conceptos de PNL parecieran intuitivos y bien estructurados,[],0
804,Aprender PNL a través de este curso fue divertido e inesperadamente fácil debido a las explicaciones claras 😊,1,0,0,0,0,1,0,1,0,1,Aprender PNL a través de este curso fue divertido e inesperadamente fácil debido a las explicaciones claras,['😊'],1
805,Me sentí alegre durante todo el curso y gratamente sorprendida por lo interesante que fue el proceso de aprendizaje,4,0,0,0,0,1,0,1,0,1,Me sentí alegre durante todo el curso y gratamente sorprendida por lo interesante que fue el proceso de aprendizaje,[],0
806,Este curso hizo que el aprendizaje de PNL fuera emocionante al explicar los conceptos con más claridad de lo que esperaba,1,0,0,0,0,1,0,1,0,1,Este curso hizo que el aprendizaje de PNL fuera emocionante al explicar los conceptos con más claridad de lo que esperaba,[],0
807,Disfruté el viaje de aprendizaje y me sorprendió lo cómodo que me sentí al comprender temas de PNL 😌,4,0,0,0,0,1,0,1,0,1,Disfruté el viaje de aprendizaje y me sorprendió lo cómodo que me sentí al comprender temas de PNL,['😌'],1
808,El curso trajo alegría y sorpresa positiva al hacer la PNL accesible e interesante 😊,4,0,0,0,0,1,0,1,0,1,El curso trajo alegría y sorpresa positiva al hacer la PNL accesible e interesante,['😊'],1
809,Me sentí emocionado y gratamente sorprendido por la capacidad del instructor para simplificar ideas complejas de PNL 😄,1,0,0,0,0,1,0,1,0,1,Me sentí emocionado y gratamente sorprendido por la capacidad del instructor para simplificar ideas complejas de PNL,['😄'],1
810,Este curso superó mis expectativas al hacer que aprender PNL sea agradable y gratificante 🤩,4,0,0,0,0,1,0,1,0,1,Este curso superó mis expectativas al hacer que aprender PNL sea agradable y gratificante,['🤩'],1
811,Experimenté una alegre sensación de progreso y sorpresa a medida que cada lección se volvía más fácil de entender,4,0,0,0,0,1,0,1,0,1,Experimenté una alegre sensación de progreso y sorpresa a medida que cada lección se volvía más fácil de entender,[],0
812,Aprender PNL resultó emocionante y refrescante gracias a las explicaciones claras y atractivas del curso.,1,0,0,0,0,1,0,0,0,1,Aprender PNL resultó emocionante y refrescante gracias a las explicaciones claras y atractivas del curso.,[],0
813,Me sentí feliz e impresionado por lo bien que el curso explicaba los conceptos de PNL de una manera agradable.,1,0,0,0,0,1,0,0,0,1,Me sentí feliz e impresionado por lo bien que el curso explicaba los conceptos de PNL de una manera agradable.,[],0
814,Este curso hizo que el aprendizaje de PNL fuera sorprendentemente sencillo y agradable gracias a su estructura clara.,2,0,0,0,0,1,0,1,0,1,Este curso hizo que el aprendizaje de PNL fuera sorprendentemente sencillo y agradable gracias a su estructura clara.,[],0
815,Experimenté alegría y sorpresa positiva cuando el instructor hizo que los conceptos de PNL fueran fáciles de seguir.,1,0,0,0,0,1,0,1,0,1,Experimenté alegría y sorpresa positiva cuando el instructor hizo que los conceptos de PNL fueran fáciles de seguir.,[],0
816,La experiencia de aprendizaje fue encantadora porque el curso superó mis expectativas en claridad.,4,0,0,0,0,1,0,0,0,1,La experiencia de aprendizaje fue encantadora porque el curso superó mis expectativas en claridad.,[],0
817,Me sentí entusiasmado y gratamente sorprendido por lo interesantes y comprensibles que fueron las lecciones.,1,0,0,0,0,1,0,1,0,1,Me sentí entusiasmado y gratamente sorprendido por lo interesantes y comprensibles que fueron las lecciones.,[],0
818,Este curso hizo que el aprendizaje de PNL fuera agradable al presentar ideas de una manera sorprendentemente sencilla.,2,0,0,0,0,1,0,1,0,1,Este curso hizo que el aprendizaje de PNL fuera agradable al presentar ideas de una manera sorprendentemente sencilla.,[],0
819,Disfruté cada lección y me sorprendió lo seguro que me sentí al aprender PNL.,4,0,0,0,0,1,0,1,0,1,Disfruté cada lección y me sorprendió lo seguro que me sentí al aprender PNL.,[],0
820,El curso trajo alegría y entusiasmo al hacer que los conceptos de PNL sean claros y atractivos.,1,0,0,0,0,1,0,0,0,1,El curso trajo alegría y entusiasmo al hacer que los conceptos de PNL sean claros y atractivos.,[],0
821,Me sentí feliz e impresionado por el enfoque de enseñanza del instructor.,1,0,0,0,0,1,0,0,0,1,Me sentí feliz e impresionado por el enfoque de enseñanza del instructor.,[],0
822,Este curso superó mis expectativas al hacer del aprendizaje de PNL una experiencia alegre.,4,0,0,0,0,1,0,0,0,1,Este curso superó mis expectativas al hacer del aprendizaje de PNL una experiencia alegre.,[],0
823,Me sentí alegre y gratamente sorprendido por la claridad con la que el curso explicaba los fundamentos de la PNL.,1,0,0,0,0,1,0,1,0,1,Me sentí alegre y gratamente sorprendido por la claridad con la que el curso explicaba los fundamentos de la PNL.,[],0
824,Aprender PNL a través de este curso fue agradable y sorprendentemente motivador.,4,0,0,0,0,1,0,1,0,1,Aprender PNL a través de este curso fue agradable y sorprendentemente motivador.,[],0
825,Me sorprendió gratamente lo interesantes y claras que fueron las lecciones.,1,0,0,0,0,1,0,1,0,1,Me sorprendió gratamente lo interesantes y claras que fueron las lecciones.,[],0
826,Este curso hizo que la PNL se sintiera emocionante y accesible a través de sus explicaciones reflexivas.,1,0,0,0,0,1,0,0,0,1,Este curso hizo que la PNL se sintiera emocionante y accesible a través de sus explicaciones reflexivas.,[],0
827,Experimenté un disfrute y una sorpresa genuinos al aprender cada tema de PNL.,4,0,0,0,0,1,0,1,0,1,Experimenté un disfrute y una sorpresa genuinos al aprender cada tema de PNL.,[],0
828,El viaje de aprendizaje fue alegre porque el curso superó mis expectativas en calidad.,4,0,0,0,0,1,0,0,0,1,El viaje de aprendizaje fue alegre porque el curso superó mis expectativas en calidad.,[],0
829,Me sentí emocionado e impresionado por la fluidez con la que el instructor explicó los conceptos de PNL.,1,0,0,0,0,1,0,0,0,1,Me sentí emocionado e impresionado por la fluidez con la que el instructor explicó los conceptos de PNL.,[],0
830,Este curso hizo que aprender PNL fuera agradable y sorprendentemente fácil de entender.,1,0,0,0,0,1,0,1,0,1,Este curso hizo que aprender PNL fuera agradable y sorprendentemente fácil de entender.,[],0
831,Me sentí feliz y gratamente sorprendido por la claridad de las explicaciones.,1,0,0,0,0,1,0,1,0,1,Me sentí feliz y gratamente sorprendido por la claridad de las explicaciones.,[],0
832,Aprender PNL a través de este curso resultó gratificante y emocionante.,4,0,0,0,0,1,0,0,0,1,Aprender PNL a través de este curso resultó gratificante y emocionante.,[],0
833,Me sentí feliz porque el curso hizo que los conceptos de PNL fueran atractivos y fáciles de comprender.,1,0,0,0,0,1,0,0,0,1,Me sentí feliz porque el curso hizo que los conceptos de PNL fueran atractivos y fáciles de comprender.,[],0
834,Este curso superó mis expectativas al convertir el aprendizaje de PNL en una experiencia agradable.,4,0,0,0,0,1,0,0,0,1,Este curso superó mis expectativas al convertir el aprendizaje de PNL en una experiencia agradable.,[],0
835,Experimenté una sorpresa positiva porque las lecciones fueron más claras de lo esperado.,1,0,0,0,0,1,0,1,0,1,Experimenté una sorpresa positiva porque las lecciones fueron más claras de lo esperado.,[],0
836,Aprender PNL resultó emocionante y sencillo gracias a las explicaciones del instructor.,1,0,0,0,0,1,0,0,0,1,Aprender PNL resultó emocionante y sencillo gracias a las explicaciones del instructor.,[],0
837,Disfruté el curso y me sorprendió lo seguro que me sentí.,4,0,0,0,0,1,0,1,0,1,Disfruté el curso y me sorprendió lo seguro que me sentí.,[],0
838,Este curso me trajo alegría al hacer que el aprendizaje de PNL fuera estructurado y atractivo.,2,0,0,0,0,1,0,0,0,1,Este curso me trajo alegría al hacer que el aprendizaje de PNL fuera estructurado y atractivo.,[],0
839,Me sentí feliz e impresionado con cómo el curso simplificó ideas complejas.,2,0,0,0,0,1,0,0,0,1,Me sentí feliz e impresionado con cómo el curso simplificó ideas complejas.,[],0
840,Aprender PNL fue agradable y gratamente sorprendente durante todo el curso.,4,0,0,0,0,1,0,1,0,1,Aprender PNL fue agradable y gratamente sorprendente durante todo el curso.,[],0
841,El enfoque del instructor hizo que el aprendizaje de PNL fuera emocionante y accesible.,1,0,0,0,0,1,0,0,0,1,El enfoque del instructor hizo que el aprendizaje de PNL fuera emocionante y accesible.,[],0
842,Este curso superó mis expectativas al hacer que el aprendizaje fuera agradable.,4,0,0,0,0,1,0,0,0,1,Este curso superó mis expectativas al hacer que el aprendizaje fuera agradable.,[],0
843,Me sentí feliz aprendiendo PNL porque las explicaciones fueron claras y atractivas.,1,0,0,0,0,1,0,0,0,1,Me sentí feliz aprendiendo PNL porque las explicaciones fueron claras y atractivas.,[],0
844,Este curso hizo que aprender PNL fuera sorprendentemente agradable y gratificante.,4,0,0,0,0,1,0,1,0,1,Este curso hizo que aprender PNL fuera sorprendentemente agradable y gratificante.,[],0
845,Experimenté felicidad y sorpresa a medida que cada lección se hacía más fácil de seguir.,4,0,0,0,0,1,0,1,0,1,Experimenté felicidad y sorpresa a medida que cada lección se hacía más fácil de seguir.,[],0
846,Aprender PNL a través de este curso me resultó emocionante y motivador.,4,0,0,0,0,1,0,0,0,1,Aprender PNL a través de este curso me resultó emocionante y motivador.,[],0
847,Me sorprendió gratamente la calidad y claridad de las lecciones.,2,0,0,0,0,1,0,1,0,1,Me sorprendió gratamente la calidad y claridad de las lecciones.,[],0
848,Este curso hizo que el aprendizaje de PNL fuera agradable al explicar los conceptos con claridad.,1,0,0,0,0,1,0,0,0,1,Este curso hizo que el aprendizaje de PNL fuera agradable al explicar los conceptos con claridad.,[],0
849,Me sentí emocionado e impresionado por el estilo de enseñanza del instructor.,1,0,0,0,0,1,0,0,0,1,Me sentí emocionado e impresionado por el estilo de enseñanza del instructor.,[],0
850,Aprender PNL se convirtió en una experiencia alegre a través de este curso.,4,0,0,0,0,1,0,0,0,1,Aprender PNL se convirtió en una experiencia alegre a través de este curso.,[],0
851,Disfruté el curso y me sorprendió lo accesible que me pareció la PNL.,4,0,0,0,0,1,0,1,0,1,Disfruté el curso y me sorprendió lo accesible que me pareció la PNL.,[],0
852,Este curso superó mis expectativas al hacer que el aprendizaje sea agradable.,4,0,0,0,0,1,0,0,0,1,Este curso superó mis expectativas al hacer que el aprendizaje sea agradable.,[],0
853,Me sentí alegre e impresionado por la claridad de las explicaciones de PNL.,1,0,0,0,0,1,0,0,0,1,Me sentí alegre e impresionado por la claridad de las explicaciones de PNL.,[],0
854,Aprender PNL fue emocionante y sorprendentemente sencillo.,4,0,0,0,0,1,0,1,0,1,Aprender PNL fue emocionante y sorprendentemente sencillo.,[],0
855,Experimenté felicidad porque el curso superó mis expectativas.,4,0,0,0,0,1,0,0,0,1,Experimenté felicidad porque el curso superó mis expectativas.,[],0
856,Este curso hizo que el aprendizaje de PNL fuera atractivo y agradable.,1,0,0,0,0,1,0,0,0,1,Este curso hizo que el aprendizaje de PNL fuera atractivo y agradable.,[],0
857,Me sorprendió gratamente lo mucho que disfruté las lecciones.,4,0,0,0,0,1,0,1,0,1,Me sorprendió gratamente lo mucho que disfruté las lecciones.,[],0
858,Aprender PNL a través de este curso resultó emocionante y gratificante.,4,0,0,0,0,1,0,0,0,1,Aprender PNL a través de este curso resultó emocionante y gratificante.,[],0
859,Me sentí feliz e impresionado con cómo se entregó el contenido.,1,0,0,0,0,1,0,0,0,1,Me sentí feliz e impresionado con cómo se entregó el contenido.,[],0
860,Este curso superó mis expectativas al hacer que el aprendizaje de PNL sea agradable.,4,0,0,0,0,1,0,0,0,1,Este curso superó mis expectativas al hacer que el aprendizaje de PNL sea agradable.,[],0
861,Experimenté alegría cuando las lecciones hicieron que ideas complejas fueran comprensibles.,2,0,0,0,0,1,0,0,0,1,Experimenté alegría cuando las lecciones hicieron que ideas complejas fueran comprensibles.,[],0
862,Aprender PNL resultó emocionante y fluido durante todo el curso.,4,0,0,0,0,1,0,0,0,1,Aprender PNL resultó emocionante y fluido durante todo el curso.,[],0
863,Me sentí feliz aprendiendo PNL porque las explicaciones fueron claras y atractivas.,1,0,0,0,0,1,0,0,0,1,Me sentí feliz aprendiendo PNL porque las explicaciones fueron claras y atractivas.,[],0
864,Este curso hizo que aprender PNL fuera sorprendentemente agradable.,4,0,0,0,0,1,0,1,0,1,Este curso hizo que aprender PNL fuera sorprendentemente agradable.,[],0
865,Experimenté una sorpresa positiva porque las lecciones superaron mis expectativas.,4,0,0,0,0,1,0,1,0,1,Experimenté una sorpresa positiva porque las lecciones superaron mis expectativas.,[],0
866,Aprender PNL a través de este curso me resultó emocionante y motivador.,4,0,0,0,0,1,0,0,0,1,Aprender PNL a través de este curso me resultó emocionante y motivador.,[],0
867,Me sorprendió gratamente la calidad de las explicaciones.,2,0,0,0,0,1,0,1,0,1,Me sorprendió gratamente la calidad de las explicaciones.,[],0
868,Este curso hizo que el aprendizaje de PNL fuera agradable y accesible.,4,0,0,0,0,1,0,0,0,1,Este curso hizo que el aprendizaje de PNL fuera agradable y accesible.,[],0
869,Me sentí feliz e impresionado por lo bien que el instructor explicó los conceptos.,1,0,0,0,0,1,0,0,0,1,Me sentí feliz e impresionado por lo bien que el instructor explicó los conceptos.,[],0
870,Aprender PNL se convirtió en una experiencia alegre gracias a este curso.,4,0,0,0,0,1,0,0,0,1,Aprender PNL se convirtió en una experiencia alegre gracias a este curso.,[],0
871,Disfruté las lecciones y me sorprendió lo seguro que me sentí.,4,0,0,0,0,1,0,1,0,1,Disfruté las lecciones y me sorprendió lo seguro que me sentí.,[],0
872,Este curso superó mis expectativas al hacer que el aprendizaje sea agradable.,4,0,0,0,0,1,0,0,0,1,Este curso superó mis expectativas al hacer que el aprendizaje sea agradable.,[],0
873,Me sentí alegre y emocionado al aprender PNL a través de este curso.,4,0,0,0,0,1,0,0,0,1,Me sentí alegre y emocionado al aprender PNL a través de este curso.,[],0
874,Este curso hizo que el aprendizaje de PNL fuera sorprendentemente fluido y agradable.,4,0,0,0,0,1,0,1,0,1,Este curso hizo que el aprendizaje de PNL fuera sorprendentemente fluido y agradable.,[],0
875,Experimenté felicidad porque las lecciones fueron más claras de lo esperado.,2,0,0,0,0,1,0,0,0,1,Experimenté felicidad porque las lecciones fueron más claras de lo esperado.,[],0
876,Aprender PNL resultó emocionante gracias a la estructura del curso.,2,0,0,0,0,1,0,0,0,1,Aprender PNL resultó emocionante gracias a la estructura del curso.,[],0
877,Me sorprendió gratamente lo interesante que era el contenido.,2,0,0,0,0,1,0,1,0,1,Me sorprendió gratamente lo interesante que era el contenido.,[],0
878,Este curso hizo que aprender PNL fuera agradable y gratificante.,4,0,0,0,0,1,0,0,0,1,Este curso hizo que aprender PNL fuera agradable y gratificante.,[],0
879,Me sentí feliz e impresionado por la claridad del instructor.,1,0,0,0,0,1,0,0,0,1,Me sentí feliz e impresionado por la claridad del instructor.,[],0
880,Aprender PNL se volvió emocionante y agradable a través de este curso.,4,0,0,0,0,1,0,0,0,1,Aprender PNL se volvió emocionante y agradable a través de este curso.,[],0
881,Disfruté el curso y me sorprendió lo accesible que me pareció la PNL.,4,0,0,0,0,1,0,1,0,1,Disfruté el curso y me sorprendió lo accesible que me pareció la PNL.,[],0
882,Este curso superó mis expectativas al hacer que el aprendizaje fuera agradable.,4,0,0,0,0,1,0,0,0,1,Este curso superó mis expectativas al hacer que el aprendizaje fuera agradable.,[],0
883,Me sentí feliz aprendiendo PNL porque las explicaciones eran interesantes.,1,0,0,0,0,1,0,0,0,1,Me sentí feliz aprendiendo PNL porque las explicaciones eran interesantes.,[],0
884,Este curso hizo que el aprendizaje de PNL fuera sorprendentemente agradable.,4,0,0,0,0,1,0,1,0,1,Este curso hizo que el aprendizaje de PNL fuera sorprendentemente agradable.,[],0
885,Experimenté una sorpresa positiva porque las lecciones superaron las expectativas.,4,0,0,0,0,1,0,1,0,1,Experimenté una sorpresa positiva porque las lecciones superaron las expectativas.,[],0
886,Aprender PNL a través de este curso me resultó emocionante.,4,0,0,0,0,1,0,0,0,1,Aprender PNL a través de este curso me resultó emocionante.,[],0
887,Me sorprendió gratamente lo claras que fueron las explicaciones.,1,0,0,0,0,1,0,1,0,1,Me sorprendió gratamente lo claras que fueron las explicaciones.,[],0
888,Este curso hizo que aprender PNL fuera agradable y motivador.,4,0,0,0,0,1,0,0,0,1,Este curso hizo que aprender PNL fuera agradable y motivador.,[],0
889,Me sentí feliz e impresionado por la enseñanza del instructor.,1,0,0,0,0,1,0,0,0,1,Me sentí feliz e impresionado por la enseñanza del instructor.,[],0
890,Aprender PNL se convirtió en una experiencia alegre a través de este curso.,4,0,0,0,0,1,0,0,0,1,Aprender PNL se convirtió en una experiencia alegre a través de este curso.,[],0
891,Disfruté las lecciones y me sorprendió la claridad.,2,0,0,0,0,1,0,1,0,1,Disfruté las lecciones y me sorprendió la claridad.,[],0
892,Este curso superó mis expectativas al hacer que el aprendizaje sea agradable.,4,0,0,0,0,1,0,0,0,1,Este curso superó mis expectativas al hacer que el aprendizaje sea agradable.,[],0
893,Me sentí alegre y emocionado mientras aprendía PNL en este curso.,4,0,0,0,0,1,0,0,0,1,Me sentí alegre y emocionado mientras aprendía PNL en este curso.,[],0
894,Este curso hizo que el aprendizaje de PNL fuera sorprendentemente fluido.,4,0,0,0,0,1,0,1,0,1,Este curso hizo que el aprendizaje de PNL fuera sorprendentemente fluido.,[],0
895,Experimenté felicidad porque las lecciones estaban bien estructuradas.,2,0,0,0,0,1,0,0,0,1,Experimenté felicidad porque las lecciones estaban bien estructuradas.,[],0
896,Aprender PNL me resultó apasionante y cautivador en todo momento.,4,0,0,0,0,1,0,0,0,1,Aprender PNL me resultó apasionante y cautivador en todo momento.,[],0
897,Me sorprendió gratamente la calidad de la instrucción.,2,0,0,0,0,1,0,1,0,1,Me sorprendió gratamente la calidad de la instrucción.,[],0
898,Este curso hizo que el aprendizaje de PNL fuera agradable y accesible.,4,0,0,0,0,1,0,0,0,1,Este curso hizo que el aprendizaje de PNL fuera agradable y accesible.,[],0
899,Me sentí feliz e impresionado por cómo se explicaron los conceptos.,1,0,0,0,0,1,0,0,0,1,Me sentí feliz e impresionado por cómo se explicaron los conceptos.,[],0
900,Aprender PNL se convirtió en una experiencia alegre y gratificante.,4,0,1,0,0,1,0,0,0,1,Aprender PNL se convirtió en una experiencia alegre y gratificante.,[],0
901,Disfruté el curso y me sorprendió mi progreso.,4,0,1,0,0,1,0,1,0,1,Disfruté el curso y me sorprendió mi progreso.,[],0
902,Este curso superó mis expectativas al hacer que el aprendizaje fuera agradable.,4,0,1,0,0,1,0,0,0,1,Este curso superó mis expectativas al hacer que el aprendizaje fuera agradable.,[],0
903,Me sentí feliz aprendiendo PNL porque las explicaciones eran claras.,1,0,1,0,0,1,0,0,0,1,Me sentí feliz aprendiendo PNL porque las explicaciones eran claras.,[],0
904,Este curso hizo que el aprendizaje de PNL fuera sorprendentemente atractivo.,4,0,1,0,0,1,0,1,0,1,Este curso hizo que el aprendizaje de PNL fuera sorprendentemente atractivo.,[],0
905,Experimenté una sorpresa positiva con cada lección.,4,0,1,0,0,1,0,1,0,1,Experimenté una sorpresa positiva con cada lección.,[],0
906,Aprender PNL a través de este curso me resultó emocionante.,4,0,1,0,0,1,0,0,0,1,Aprender PNL a través de este curso me resultó emocionante.,[],0
907,Me sorprendió gratamente lo comprensible que era el material.,2,0,1,0,0,1,0,1,0,1,Me sorprendió gratamente lo comprensible que era el material.,[],0
908,Este curso hizo que aprender PNL fuera agradable y gratificante.,4,0,1,0,0,1,0,0,0,1,Este curso hizo que aprender PNL fuera agradable y gratificante.,[],0
909,Me sentí feliz e impresionado por el estilo de enseñanza.,1,0,1,0,0,1,0,0,0,1,Me sentí feliz e impresionado por el estilo de enseñanza.,[],0
910,Aquí aprender PNL se convirtió en una experiencia alegre.,4,0,0,0,0,1,0,0,0,1,Aquí aprender PNL se convirtió en una experiencia alegre.,[],0
911,Disfruté las lecciones y me sorprendió lo suaves que eran.,4,0,1,0,0,1,0,1,0,1,Disfruté las lecciones y me sorprendió lo suaves que eran.,[],0
912,Este curso superó mis expectativas al hacer que el aprendizaje sea agradable.,4,0,1,0,0,1,0,0,0,1,Este curso superó mis expectativas al hacer que el aprendizaje sea agradable.,[],0
913,Me sentí alegre y emocionado al aprender PNL en este curso.,4,0,1,0,0,1,0,0,0,1,Me sentí alegre y emocionado al aprender PNL en este curso.,[],0
914,Este curso hizo que el aprendizaje de PNL fuera sorprendentemente accesible.,4,0,1,0,0,1,0,1,0,1,Este curso hizo que el aprendizaje de PNL fuera sorprendentemente accesible.,[],0
915,Experimenté felicidad porque las lecciones superaron las expectativas.,4,0,1,0,0,1,0,0,0,1,Experimenté felicidad porque las lecciones superaron las expectativas.,[],0
916,Aprender PNL resultó apasionante gracias a las claras explicaciones.,1,0,1,0,0,1,0,0,0,1,Aprender PNL resultó apasionante gracias a las claras explicaciones.,[],0
917,Me sorprendió gratamente lo interesante que era el contenido.,2,0,1,0,0,1,0,1,0,1,Me sorprendió gratamente lo interesante que era el contenido.,[],0
918,Este curso hizo que aprender PNL fuera agradable y motivador.,4,0,1,0,0,1,0,0,0,1,Este curso hizo que aprender PNL fuera agradable y motivador.,[],0
919,Me sentí feliz e impresionado por el enfoque del instructor.,1,0,1,0,0,1,0,0,0,1,Me sentí feliz e impresionado por el enfoque del instructor.,[],0
920,Aprender PNL se convirtió en un viaje alegre a través de este curso.,4,0,1,0,0,1,0,0,0,1,Aprender PNL se convirtió en un viaje alegre a través de este curso.,[],0
921,Disfruté el curso y me sorprendió mi comprensión.,4,0,1,0,0,1,0,1,0,1,Disfruté el curso y me sorprendió mi comprensión.,[],0
922,Este curso superó mis expectativas al hacer que el aprendizaje fuera agradable.,4,0,1,0,0,1,0,0,0,1,Este curso superó mis expectativas al hacer que el aprendizaje fuera agradable.,[],0
923,Me sentí feliz aprendiendo PNL porque las lecciones eran interesantes.,1,0,1,0,0,1,0,0,0,1,Me sentí feliz aprendiendo PNL porque las lecciones eran interesantes.,[],0
924,Este curso hizo que el aprendizaje de PNL fuera sorprendentemente fluido.,4,0,1,0,0,1,0,1,0,1,Este curso hizo que el aprendizaje de PNL fuera sorprendentemente fluido.,[],0
925,Experimenté una sorpresa positiva con cada tema.,4,0,1,0,0,1,0,1,0,1,Experimenté una sorpresa positiva con cada tema.,[],0
926,Aprender PNL a través de este curso me resultó emocionante.,4,0,1,0,0,1,0,0,0,1,Aprender PNL a través de este curso me resultó emocionante.,[],0
927,Me sorprendió gratamente la claridad de las explicaciones.,1,0,1,0,0,1,0,1,0,1,Me sorprendió gratamente la claridad de las explicaciones.,[],0
928,Este curso hizo que el aprendizaje de PNL fuera agradable y accesible.,4,0,1,0,0,1,0,0,0,1,Este curso hizo que el aprendizaje de PNL fuera agradable y accesible.,[],0
929,Me sentí feliz e impresionado por lo bien que se explicaron los conceptos.,1,0,1,0,0,1,0,0,0,1,Me sentí feliz e impresionado por lo bien que se explicaron los conceptos.,[],0
930,Aquí aprender PNL se convirtió en una experiencia alegre.,4,0,0,0,0,1,0,0,0,1,Aquí aprender PNL se convirtió en una experiencia alegre.,[],0
931,Disfruté las lecciones y me sorprendió el flujo de aprendizaje.,4,0,1,0,0,1,0,1,0,1,Disfruté las lecciones y me sorprendió el flujo de aprendizaje.,[],0
932,Este curso superó mis expectativas al hacer que el aprendizaje sea agradable.,4,0,1,0,0,1,0,0,0,1,Este curso superó mis expectativas al hacer que el aprendizaje sea agradable.,[],0
933,Me sentí alegre y emocionado mientras aprendía PNL.,4,0,1,0,0,1,0,0,0,1,Me sentí alegre y emocionado mientras aprendía PNL.,[],0
934,Este curso hizo que el aprendizaje de PNL fuera sorprendentemente agradable.,4,0,1,0,0,1,0,1,0,1,Este curso hizo que el aprendizaje de PNL fuera sorprendentemente agradable.,[],0
935,Experimenté felicidad porque las lecciones superaron las expectativas.,4,0,1,0,0,1,0,0,0,1,Experimenté felicidad porque las lecciones superaron las expectativas.,[],0
936,Aprender PNL me resultó emocionante y motivador.,4,0,1,0,0,1,0,0,0,1,Aprender PNL me resultó emocionante y motivador.,[],0
937,Me sorprendió gratamente lo interesante que era el contenido.,2,0,1,0,0,1,0,1,0,1,Me sorprendió gratamente lo interesante que era el contenido.,[],0
938,Este curso hizo que aprender PNL fuera agradable y gratificante.,4,0,1,0,0,1,0,0,0,1,Este curso hizo que aprender PNL fuera agradable y gratificante.,[],0
939,Me sentí feliz e impresionado por la claridad del instructor.,1,0,1,0,0,1,0,0,0,1,Me sentí feliz e impresionado por la claridad del instructor.,[],0
940,Aprender PNL se convirtió en una experiencia alegre a través de este curso.,4,0,0,0,0,1,0,0,0,1,Aprender PNL se convirtió en una experiencia alegre a través de este curso.,[],0
941,Disfruté las lecciones y me sorprendió mi confianza.,4,0,1,0,0,1,0,1,0,1,Disfruté las lecciones y me sorprendió mi confianza.,[],0
942,Este curso superó mis expectativas al hacer que el aprendizaje fuera agradable.,4,0,1,0,0,1,0,0,0,1,Este curso superó mis expectativas al hacer que el aprendizaje fuera agradable.,[],0
943,Me sentí feliz aprendiendo PNL porque las explicaciones eran claras.,1,0,1,0,0,1,0,0,0,1,Me sentí feliz aprendiendo PNL porque las explicaciones eran claras.,[],0
944,Este curso hizo que el aprendizaje de PNL fuera sorprendentemente atractivo.,4,0,1,0,0,1,0,1,0,1,Este curso hizo que el aprendizaje de PNL fuera sorprendentemente atractivo.,[],0
945,Experimenté una sorpresa positiva con la calidad de la enseñanza.,1,0,1,0,0,1,0,1,0,1,Experimenté una sorpresa positiva con la calidad de la enseñanza.,[],0
946,Aprender PNL a través de este curso me resultó emocionante.,4,0,1,0,0,1,0,0,0,1,Aprender PNL a través de este curso me resultó emocionante.,[],0
947,Me sorprendió gratamente lo fluidas que fueron las lecciones.,2,0,1,0,0,1,0,1,0,1,Me sorprendió gratamente lo fluidas que fueron las lecciones.,[],0
948,Este curso hizo que aprender PNL fuera agradable y motivador.,4,0,1,0,0,1,0,0,0,1,Este curso hizo que aprender PNL fuera agradable y motivador.,[],0
949,Me sentí feliz e impresionado por el enfoque del instructor.,1,0,1,0,0,1,0,0,0,1,Me sentí feliz e impresionado por el enfoque del instructor.,[],0
950,Aprender PNL se convirtió en un viaje alegre.,4,0,0,0,0,1,0,0,0,1,Aprender PNL se convirtió en un viaje alegre.,[],0
951,Disfruté las lecciones y me sorprendió mi progreso.,4,0,1,0,0,1,0,1,0,1,Disfruté las lecciones y me sorprendió mi progreso.,[],0
952,Este curso superó mis expectativas al hacer que el aprendizaje sea agradable.,4,0,1,0,0,1,0,0,0,1,Este curso superó mis expectativas al hacer que el aprendizaje sea agradable.,[],0
953,Me sentí alegre y emocionado al aprender PNL en este curso.,4,0,1,0,0,1,0,0,0,1,Me sentí alegre y emocionado al aprender PNL en este curso.,[],0
954,Este curso hizo que el aprendizaje de PNL fuera sorprendentemente accesible.,4,0,1,0,0,1,0,1,0,1,Este curso hizo que el aprendizaje de PNL fuera sorprendentemente accesible.,[],0
955,Experimenté felicidad porque las lecciones superaron las expectativas.,4,0,1,0,0,1,0,0,0,1,Experimenté felicidad porque las lecciones superaron las expectativas.,[],0
956,Me sorprendió gratamente la calidad de las explicaciones.,2,0,0,0,0,1,0,1,0,1,Me sorprendió gratamente la calidad de las explicaciones.,[],0
957,Este curso hizo que el aprendizaje de PNL fuera agradable y accesible.,4,0,0,0,0,1,0,0,0,1,Este curso hizo que el aprendizaje de PNL fuera agradable y accesible.,[],0
958,Me sentí feliz e impresionado por cómo se presentaron los conceptos.,1,0,0,0,0,1,0,0,0,1,Me sentí feliz e impresionado por cómo se presentaron los conceptos.,[],0
959,Aprender PNL se convirtió en una experiencia alegre a través de este curso.,4,0,0,0,0,1,0,0,0,1,Aprender PNL se convirtió en una experiencia alegre a través de este curso.,[],0
960,Disfruté las lecciones y me sorprendió mi confianza.,4,0,0,0,0,1,0,1,0,1,Disfruté las lecciones y me sorprendió mi confianza.,[],0
961,Este curso superó mis expectativas al hacer que el aprendizaje fuera agradable.,4,0,0,0,0,1,0,0,0,1,Este curso superó mis expectativas al hacer que el aprendizaje fuera agradable.,[],0
962,Me sentí feliz aprendiendo PNL porque las explicaciones eran claras.,1,0,0,0,0,1,0,0,0,1,Me sentí feliz aprendiendo PNL porque las explicaciones eran claras.,[],0
963,Este curso hizo que el aprendizaje de PNL fuera sorprendentemente atractivo.,4,0,0,0,0,1,0,1,0,1,Este curso hizo que el aprendizaje de PNL fuera sorprendentemente atractivo.,[],0
964,Experimenté una sorpresa positiva con la estructura de la lección.,4,0,0,0,0,1,0,1,0,1,Experimenté una sorpresa positiva con la estructura de la lección.,[],0
965,Aprender PNL a través de este curso me resultó emocionante.,4,0,0,0,0,1,0,0,0,1,Aprender PNL a través de este curso me resultó emocionante.,[],0
966,Me sorprendió gratamente lo fluida que fue la experiencia de aprendizaje.,2,0,0,0,0,1,0,1,0,1,Me sorprendió gratamente lo fluida que fue la experiencia de aprendizaje.,[],0
967,Este curso hizo que aprender PNL fuera agradable y motivador.,4,0,0,0,0,1,0,0,0,1,Este curso hizo que aprender PNL fuera agradable y motivador.,[],0
968,Me sentí feliz e impresionado por la claridad del instructor.,1,0,0,0,0,1,0,0,0,1,Me sentí feliz e impresionado por la claridad del instructor.,[],0
969,Aprender PNL se convirtió aquí en un viaje alegre.,4,0,0,0,0,1,0,0,0,1,Aprender PNL se convirtió aquí en un viaje alegre.,[],0
970,Disfruté las lecciones y me sorprendió mi progreso.,4,0,0,0,0,1,0,1,0,1,Disfruté las lecciones y me sorprendió mi progreso.,[],0
971,Este curso superó mis expectativas al hacer que el aprendizaje sea agradable.,4,0,0,0,0,1,0,0,0,1,Este curso superó mis expectativas al hacer que el aprendizaje sea agradable.,[],0
972,Me sentí alegre y emocionado al aprender PNL en este curso.,4,0,0,0,0,1,0,0,0,1,Me sentí alegre y emocionado al aprender PNL en este curso.,[],0
973,Este curso hizo que el aprendizaje de PNL fuera sorprendentemente accesible.,4,0,0,0,0,1,0,1,0,1,Este curso hizo que el aprendizaje de PNL fuera sorprendentemente accesible.,[],0
974,Experimenté felicidad porque las lecciones superaron las expectativas.,4,0,0,0,0,1,0,0,0,1,Experimenté felicidad porque las lecciones superaron las expectativas.,[],0
975,Aprender PNL resultó apasionante gracias a las claras explicaciones.,1,0,0,0,0,1,0,0,0,1,Aprender PNL resultó apasionante gracias a las claras explicaciones.,[],0
976,Me sorprendió gratamente lo interesante que era el contenido.,2,0,0,0,0,1,0,1,0,1,Me sorprendió gratamente lo interesante que era el contenido.,[],0
977,Este curso hizo que aprender PNL fuera agradable y gratificante.,4,0,0,0,0,1,0,0,0,1,Este curso hizo que aprender PNL fuera agradable y gratificante.,[],0
978,Me sentí feliz e impresionado por lo bien que el instructor explicó los conceptos.,1,0,0,0,0,1,0,0,0,1,Me sentí feliz e impresionado por lo bien que el instructor explicó los conceptos.,[],0
979,Aquí aprender PNL se convirtió en una experiencia alegre.,4,0,0,0,0,1,0,0,0,1,Aquí aprender PNL se convirtió en una experiencia alegre.,[],0
980,Disfruté las lecciones y me sorprendió mi comprensión.,4,0,0,0,0,1,0,1,0,1,Disfruté las lecciones y me sorprendió mi comprensión.,[],0
981,Este curso superó mis expectativas al hacer que el aprendizaje fuera agradable.,4,0,0,0,0,1,0,0,0,1,Este curso superó mis expectativas al hacer que el aprendizaje fuera agradable.,[],0
982,Me sentí feliz aprendiendo PNL porque las lecciones eran interesantes.,1,0,0,0,0,1,0,0,0,1,Me sentí feliz aprendiendo PNL porque las lecciones eran interesantes.,[],0
983,Este curso hizo que el aprendizaje de PNL fuera sorprendentemente fluido.,4,0,0,0,0,1,0,1,0,1,Este curso hizo que el aprendizaje de PNL fuera sorprendentemente fluido.,[],0
984,Experimenté una sorpresa positiva con cada tema.,4,0,0,0,0,1,0,1,0,1,Experimenté una sorpresa positiva con cada tema.,[],0
985,Aprender PNL a través de este curso me resultó emocionante.,4,0,0,0,0,1,0,0,0,1,Aprender PNL a través de este curso me resultó emocionante.,[],0
986,Aprender PNL a través de este curso me resultó emocionante.,4,0,0,0,0,1,0,0,0,1,Aprender PNL a través de este curso me resultó emocionante.,[],0
987,Me sorprendió gratamente lo fluida que fue la experiencia de aprendizaje.,2,0,0,0,0,1,0,1,0,1,Me sorprendió gratamente lo fluida que fue la experiencia de aprendizaje.,[],0
988,Este curso hizo que aprender PNL fuera agradable y motivador.,4,0,0,0,0,1,0,0,0,1,Este curso hizo que aprender PNL fuera agradable y motivador.,[],0
989,Me sentí feliz e impresionado por la claridad del instructor.,1,0,0,0,0,1,0,0,0,1,Me sentí feliz e impresionado por la claridad del instructor.,[],0
990,Aprender PNL se convirtió aquí en un viaje alegre.,4,0,0,0,0,1,0,0,0,1,Aprender PNL se convirtió aquí en un viaje alegre.,[],0
991,Disfruté las lecciones y me sorprendió mi progreso.,4,0,0,0,0,1,0,1,0,1,Disfruté las lecciones y me sorprendió mi progreso.,[],0
992,Este curso superó mis expectativas al hacer que el aprendizaje fuera agradable.,4,0,0,0,0,1,0,0,0,1,Este curso superó mis expectativas al hacer que el aprendizaje fuera agradable.,[],0
993,Me sentí alegre y emocionado al aprender PNL en este curso.,4,0,0,0,0,1,0,0,0,1,Me sentí alegre y emocionado al aprender PNL en este curso.,[],0
994,Este curso hizo que el aprendizaje de PNL fuera sorprendentemente accesible.,4,0,0,0,0,1,0,1,0,1,Este curso hizo que el aprendizaje de PNL fuera sorprendentemente accesible.,[],0
995,Experimenté felicidad porque las lecciones superaron las expectativas.,4,0,0,0,0,1,0,0,0,1,Experimenté felicidad porque las lecciones superaron las expectativas.,[],0
996,Aprender PNL resultó apasionante gracias a las claras explicaciones.,1,0,0,0,0,1,0,0,0,1,Aprender PNL resultó apasionante gracias a las claras explicaciones.,[],0
997,Me sorprendió gratamente lo interesante que era el contenido.,2,0,0,0,0,1,0,1,0,1,Me sorprendió gratamente lo interesante que era el contenido.,[],0
998,Este curso hizo que aprender PNL fuera agradable y gratificante.,4,0,0,0,0,1,0,0,0,1,Este curso hizo que aprender PNL fuera agradable y gratificante.,[],0
999,Me sentí feliz e impresionado por lo bien que el instructor explicó los conceptos.,1,0,0,0,0,1,0,0,0,1,Me sentí feliz e impresionado por lo bien que el instructor explicó los conceptos.,[],0
1000,Aprender PNL se convirtió en una experiencia alegre y sorprendentemente placentera en general.,4,0,0,0,0,1,0,1,0,1,Aprender PNL se convirtió en una experiencia alegre y sorprendentemente placentera en general.,[],0
1001,"Me sentí realmente feliz de tomar este curso y también entusiasmado por seguir aprendiendo temas de PNL más avanzados porque las explicaciones fueron claras, atractivas y motivadoras.",4,0,0,0,0,1,0,0,0,1,"Me sentí realmente feliz de tomar este curso y también entusiasmado por seguir aprendiendo temas de PNL más avanzados porque las explicaciones fueron claras, atractivas y motivadoras.",[],0
1002,Este curso me hizo sentir alegre y al mismo tiempo generó una fuerte expectativa por aplicar y expandir estos conceptos de PNL en proyectos futuros.,4,0,1,0,0,1,0,0,0,1,Este curso me hizo sentir alegre y al mismo tiempo generó una fuerte expectativa por aplicar y expandir estos conceptos de PNL en proyectos futuros.,[],0
1003,Estoy muy satisfecho con este curso porque hizo que el aprendizaje de PNL fuera agradable y me dejó con ganas de explorar temas más profundos después.,4,0,0,0,0,1,0,0,0,1,Estoy muy satisfecho con este curso porque hizo que el aprendizaje de PNL fuera agradable y me dejó con ganas de explorar temas más profundos después.,[],0
1004,"La experiencia de aprendizaje fue alegre e inspiradora, lo que me hizo esperar continuar mi viaje de PNL con confianza.",4,0,0,0,0,1,0,0,0,1,"La experiencia de aprendizaje fue alegre e inspiradora, lo que me hizo esperar continuar mi viaje de PNL con confianza.",[],0
1005,Disfruté mucho este curso y me sentí entusiasmado por lo que podría aprender a continuación porque el contenido era claro y bien estructurado.,2,0,0,0,0,1,0,0,0,1,Disfruté mucho este curso y me sentí entusiasmado por lo que podría aprender a continuación porque el contenido era claro y bien estructurado.,[],0
1006,Este curso me hizo feliz con mi progreso y me motivó a seguir aprendiendo más sobre PNL.,4,0,0,0,0,1,0,0,0,1,Este curso me hizo feliz con mi progreso y me motivó a seguir aprendiendo más sobre PNL.,[],0
1007,Sentí una fuerte sensación de disfrute durante todo el curso y anticipación por seguir desarrollando mis habilidades de PNL.,4,0,0,0,0,1,0,0,0,1,Sentí una fuerte sensación de disfrute durante todo el curso y anticipación por seguir desarrollando mis habilidades de PNL.,[],0
1008,Este curso me hizo feliz con mi comprensión y me dio ganas de profundizar en la PNL.,4,0,1,0,0,1,0,0,0,1,Este curso me hizo feliz con mi comprensión y me dio ganas de profundizar en la PNL.,[],0
1009,Disfruté la experiencia de aprendizaje y me emocioné por aplicar estos conceptos a continuación.,4,0,1,0,0,1,0,0,0,1,Disfruté la experiencia de aprendizaje y me emocioné por aplicar estos conceptos a continuación.,[],0
1010,"Me sentí decepcionado y un poco triste porque varios videos se quedaban en buffering, lo que me dificultaba mantenerme concentrado aunque quería seguir las lecciones correctamente.",0,0,0,0,0,0,1,0,0,0,"Me sentí decepcionado y un poco triste porque varios videos se quedaban en buffering, lo que me dificultaba mantenerme concentrado aunque quería seguir las lecciones correctamente.",[],0
1011,"Fue desalentador experimentar repetidos problemas de audio, ya que las interrupciones hicieron que el proceso de aprendizaje fuera menos fluido y agradable.",0,0,0,0,0,0,1,0,0,0,"Fue desalentador experimentar repetidos problemas de audio, ya que las interrupciones hicieron que el proceso de aprendizaje fuera menos fluido y agradable.",[],0
1012,"Me sentí bastante deprimido cuando algunos videos de conferencias no estuvieron disponibles por un tiempo, lo que interrumpió mi horario de estudio.",0,0,0,0,0,0,1,0,0,0,"Me sentí bastante deprimido cuando algunos videos de conferencias no estuvieron disponibles por un tiempo, lo que interrumpió mi horario de estudio.",[],0
1013,"Los frecuentes fallos técnicos me hacían sentir desanimado, especialmente cuando intentaba concentrarme y aprender de forma constante.",0,0,0,0,0,0,1,0,0,0,"Los frecuentes fallos técnicos me hacían sentir desanimado, especialmente cuando intentaba concentrarme y aprender de forma constante.",[],0
1014,Me sentí triste porque los problemas de la plataforma interrumpieron mi progreso durante partes importantes del curso.,0,0,0,0,0,0,1,0,0,0,Me sentí triste porque los problemas de la plataforma interrumpieron mi progreso durante partes importantes del curso.,[],0
1015,Los bloqueos frecuentes me generaban ansiedad 😰 por perder el progreso durante lecciones importantes y perturbaban mi concentración.,0,0,0,0,1,0,0,0,0,0,Los bloqueos frecuentes me generaban ansiedad  por perder el progreso durante lecciones importantes y perturbaban mi concentración.,['😰'],1
1016,Me preocupaba que los problemas técnicos afectaran mi capacidad de seguir el curso con eficacia.,0,0,0,0,0,0,0,0,0,0,Me preocupaba que los problemas técnicos afectaran mi capacidad de seguir el curso con eficacia.,[],0
1017,El reproductor de video inestable me hizo sentir incómodo a la hora de confiar en la plataforma para un aprendizaje constante.,0,0,0,0,1,0,0,0,0,0,El reproductor de video inestable me hizo sentir incómodo a la hora de confiar en la plataforma para un aprendizaje constante.,[],0
1018,Me sentí ansioso cada vez que los videos se detenían inesperadamente durante explicaciones críticas.,0,0,0,0,1,0,0,0,0,0,Me sentí ansioso cada vez que los videos se detenían inesperadamente durante explicaciones críticas.,[],0
1019,Los errores repetidos me hicieron temer perderme contenido importante.,0,0,0,0,1,0,0,0,0,0,Los errores repetidos me hicieron temer perderme contenido importante.,[],0
1020,Las frecuentes desconexiones me hacían sentir inseguro de continuar sin interrupciones.,0,0,0,0,0,0,0,0,0,0,Las frecuentes desconexiones me hacían sentir inseguro de continuar sin interrupciones.,[],0
1021,Me sentí inquieto 😟 sobre si la plataforma podría soportar de manera confiable el contenido del curso.,0,0,0,0,1,0,0,0,0,0,Me sentí inquieto  sobre si la plataforma podría soportar de manera confiable el contenido del curso.,['😟'],1
1022,Me preocupaba que problemas técnicos no resueltos pudieran afectar mi resultado general de aprendizaje.,0,0,0,0,1,0,0,0,0,0,Me preocupaba que problemas técnicos no resueltos pudieran afectar mi resultado general de aprendizaje.,[],0
1023,El sistema inestable me hizo sentir inseguro a la hora de planificar mi tiempo de estudio.,0,0,0,0,1,0,0,0,0,0,El sistema inestable me hizo sentir inseguro a la hora de planificar mi tiempo de estudio.,[],0
1024,Me preocupaba que estos problemas técnicos persistieran durante todo el curso.,0,0,0,0,0,0,0,0,0,0,Me preocupaba que estos problemas técnicos persistieran durante todo el curso.,[],0
1025,Los errores recurrentes causaron ansiedad a la hora de acceder a los materiales cuando era necesario.,0,0,0,0,0,0,0,0,0,0,Los errores recurrentes causaron ansiedad a la hora de acceder a los materiales cuando era necesario.,[],0
1026,Me sentía nervioso cada vez que la plataforma se retrasaba durante las conferencias.,0,0,0,0,1,0,0,0,0,0,Me sentía nervioso cada vez que la plataforma se retrasaba durante las conferencias.,[],0
1027,La reproducción poco fiable me hizo temer perder explicaciones clave.,0,0,0,0,1,0,0,0,0,0,La reproducción poco fiable me hizo temer perder explicaciones clave.,[],0
1028,Me preocupaba la frecuencia con la que los problemas técnicos interrumpían mi flujo de aprendizaje.,0,0,0,0,1,0,0,0,0,0,Me preocupaba la frecuencia con la que los problemas técnicos interrumpían mi flujo de aprendizaje.,[],0
1029,La inestabilidad técnica me hizo tener incertidumbre sobre poder continuar sin problemas.,0,0,0,0,0,0,0,0,0,0,La inestabilidad técnica me hizo tener incertidumbre sobre poder continuar sin problemas.,[],0
1030,"Me sentí irritado e incómodo con la frecuencia con la que la plataforma se congelaba durante las conferencias, lo que hacía que la experiencia de aprendizaje fuera desagradable.",0,1,0,0,0,0,0,0,0,0,"Me sentí irritado e incómodo con la frecuencia con la que la plataforma se congelaba durante las conferencias, lo que hacía que la experiencia de aprendizaje fuera desagradable.",[],0
1031,Los repetidos fallos técnicos hicieron que la experiencia fuera desordenada y desagradable 😤.,0,1,0,0,0,0,0,0,0,0,Los repetidos fallos técnicos hicieron que la experiencia fuera desordenada y desagradable .,['😤'],1
1032,Estuve bastante insatisfecho con la mala calidad del vídeo durante varias lecciones.,0,0,0,0,0,0,1,0,0,0,Estuve bastante insatisfecho con la mala calidad del vídeo durante varias lecciones.,[],0
1033,El almacenamiento en búfer constante era molesto y reducía mi disfrute del curso.,0,1,0,0,0,0,0,0,0,0,El almacenamiento en búfer constante era molesto y reducía mi disfrute del curso.,[],0
1034,Me sentí incómodo con lo poco confiable que parecía la plataforma a veces.,0,0,0,0,0,0,0,0,0,0,Me sentí incómodo con lo poco confiable que parecía la plataforma a veces.,[],0
1035,Los frecuentes errores de reproducción hicieron que la experiencia pareciera mal gestionada.,0,1,0,0,0,0,0,0,0,0,Los frecuentes errores de reproducción hicieron que la experiencia pareciera mal gestionada.,[],0
1036,Los problemas técnicos recurrentes me resultaron frustrantes y desagradables de afrontar.,0,1,0,0,0,0,0,0,0,0,Los problemas técnicos recurrentes me resultaron frustrantes y desagradables de afrontar.,[],0
1037,Los problemas de la plataforma hicieron que la experiencia de aprendizaje pareciera innecesariamente complicada.,0,1,0,0,0,0,0,0,0,0,Los problemas de la plataforma hicieron que la experiencia de aprendizaje pareciera innecesariamente complicada.,[],0
1038,Me molestaba la frecuencia con la que los errores técnicos interrumpían mi concentración.,0,1,0,0,0,0,0,0,0,0,Me molestaba la frecuencia con la que los errores técnicos interrumpían mi concentración.,[],0
1039,Los repetidos errores del sistema hicieron que la experiencia de aprendizaje fuera muy frustrante.,0,1,0,0,0,0,0,0,0,0,Los repetidos errores del sistema hicieron que la experiencia de aprendizaje fuera muy frustrante.,[],0
1040,Me sentí enojado porque los problemas técnicos seguían interrumpiendo mi tiempo de estudio.,0,1,0,0,0,0,0,0,0,0,Me sentí enojado porque los problemas técnicos seguían interrumpiendo mi tiempo de estudio.,[],0
1041,"Me sentí frustrado y preocupado porque el almacenamiento en búfer frecuente interrumpía mi flujo de aprendizaje, a pesar de que estaba ansioso por continuar el curso.",0,1,0,0,1,0,0,0,0,0,"Me sentí frustrado y preocupado porque el almacenamiento en búfer frecuente interrumpía mi flujo de aprendizaje, a pesar de que estaba ansioso por continuar el curso.",[],0
1042,"Los problemas técnicos me hicieron sentir decepcionado y ansioso, especialmente cuando esperaba completar las lecciones sin problemas.",0,0,0,0,0,0,1,0,0,0,"Los problemas técnicos me hicieron sentir decepcionado y ansioso, especialmente cuando esperaba completar las lecciones sin problemas.",[],0
1043,"La plataforma inestable me hizo sentir incómodo y frustrado, a pesar de mi expectativa de seguir progresando.",0,1,0,0,1,0,0,0,0,0,"La plataforma inestable me hizo sentir incómodo y frustrado, a pesar de mi expectativa de seguir progresando.",[],0
1044,Me sentí desanimado y molesto cuando los errores técnicos interrumpieron repetidamente explicaciones importantes.,0,1,0,0,0,0,1,0,0,0,Me sentí desanimado y molesto cuando los errores técnicos interrumpieron repetidamente explicaciones importantes.,[],0
1045,Me sentí frustrado e incómodo porque la plataforma se retrasaba durante las lecciones que estaba ansioso por completar.,0,1,0,0,1,0,0,0,0,0,Me sentí frustrado e incómodo porque la plataforma se retrasaba durante las lecciones que estaba ansioso por completar.,[],0
1046,Las interrupciones técnicas provocaron tanto irritación como preocupación por la falta de material clave.,0,1,0,0,0,0,0,0,0,0,Las interrupciones técnicas provocaron tanto irritación como preocupación por la falta de material clave.,[],0
1047,Experimenté decepción y frustración cuando los videos no se cargaron correctamente.,0,1,0,0,0,0,1,0,0,0,Experimenté decepción y frustración cuando los videos no se cargaron correctamente.,[],0
1048,La reproducción inestable me hizo sentir ansioso y también molesto por las interrupciones.,0,1,0,0,0,0,0,0,0,0,La reproducción inestable me hizo sentir ansioso y también molesto por las interrupciones.,[],0
1049,Los frecuentes errores me hacían sentir frustrado y desanimado.,0,1,0,0,0,0,1,0,0,0,Los frecuentes errores me hacían sentir frustrado y desanimado.,[],0
1050,Experimenté una mezcla de molestia y preocupación debido a repetidos problemas técnicos.,0,1,0,0,1,0,0,0,0,0,Experimenté una mezcla de molestia y preocupación debido a repetidos problemas técnicos.,[],0
1051,Los problemas de la plataforma me hicieron sentir incómodo y menos motivado a pesar de mi entusiasmo inicial.,0,0,0,0,1,0,0,0,0,0,Los problemas de la plataforma me hicieron sentir incómodo y menos motivado a pesar de mi entusiasmo inicial.,[],0
1052,Me sentí frustrado y ansioso cuando fallas técnicas interrumpían mis sesiones de estudio.,0,1,0,0,1,0,0,0,0,0,Me sentí frustrado y ansioso cuando fallas técnicas interrumpían mis sesiones de estudio.,[],0
1053,Los problemas recurrentes causaron decepción e irritación mientras intentaba mantenerme concentrado.,0,1,0,0,0,0,1,0,0,0,Los problemas recurrentes causaron decepción e irritación mientras intentaba mantenerme concentrado.,[],0
1054,Me sentí incómodo y molesto porque los problemas técnicos seguían apareciendo inesperadamente.,0,1,0,0,0,0,0,0,0,0,Me sentí incómodo y molesto porque los problemas técnicos seguían apareciendo inesperadamente.,[],0
1055,El sistema inestable me hizo sentir frustrado y preocupado por continuar de manera efectiva.,0,1,0,0,1,0,0,0,0,0,El sistema inestable me hizo sentir frustrado y preocupado por continuar de manera efectiva.,[],0
1056,Experimenté irritación mezclada con preocupación durante los repetidos fallos de reproducción.,0,1,0,0,0,0,0,0,0,0,Experimenté irritación mezclada con preocupación durante los repetidos fallos de reproducción.,[],0
1057,Me sentí frustrado y decepcionado porque los problemas técnicos interrumpieron mi impulso de aprendizaje.,0,1,0,0,0,0,1,0,0,0,Me sentí frustrado y decepcionado porque los problemas técnicos interrumpieron mi impulso de aprendizaje.,[],0
1058,Los problemas de la plataforma me generaron ansiedad y redujeron mi entusiasmo.,0,0,0,0,0,0,1,0,0,0,Los problemas de la plataforma me generaron ansiedad y redujeron mi entusiasmo.,[],0
1059,Experimenté molestia y preocupación cuando los videos se congelaron repetidamente.,0,1,0,0,0,0,0,0,0,0,Experimenté molestia y preocupación cuando los videos se congelaron repetidamente.,[],0
1060,La inestabilidad técnica causó frustración y preocupación por mi progreso.,0,1,0,0,1,0,0,0,0,0,La inestabilidad técnica causó frustración y preocupación por mi progreso.,[],0
1061,Me sentí irritado e incómodo debido a los constantes problemas de almacenamiento en búfer.,0,1,0,0,0,0,0,0,0,0,Me sentí irritado e incómodo debido a los constantes problemas de almacenamiento en búfer.,[],0
1062,Los repetidos fallos me hicieron sentir decepcionado y ansioso.,0,0,0,0,0,0,1,0,0,0,Los repetidos fallos me hicieron sentir decepcionado y ansioso.,[],0
1063,Experimenté frustración mezclada con preocupación 😟 durante sesiones inestables que interrumpieron mi flujo de aprendizaje.,0,1,0,0,0,0,0,0,0,0,Experimenté frustración mezclada con preocupación  durante sesiones inestables que interrumpieron mi flujo de aprendizaje.,['😟'],1
1064,Los problemas de la plataforma causaron irritación y malestar emocional.,0,1,0,0,1,0,0,0,0,0,Los problemas de la plataforma causaron irritación y malestar emocional.,[],0
1065,Me sentí decepcionado y molesto cuando las lecciones se interrumpieron.,0,1,0,0,0,0,1,0,0,0,Me sentí decepcionado y molesto cuando las lecciones se interrumpieron.,[],0
1066,La inestabilidad técnica causó preocupación e irritación.,0,1,0,0,0,0,0,0,0,0,La inestabilidad técnica causó preocupación e irritación.,[],0
1067,Experimenté frustración y malestar emocional debido a los errores.,0,1,0,0,0,0,0,0,0,0,Experimenté frustración y malestar emocional debido a los errores.,[],0
1068,Los problemas recurrentes me hacían sentir incómodo y molesto.,0,1,0,0,1,0,0,0,0,0,Los problemas recurrentes me hacían sentir incómodo y molesto.,[],0
1069,Me sentí ansioso e irritado por el buffering repetido.,0,1,0,0,1,0,0,0,0,0,Me sentí ansioso e irritado por el buffering repetido.,[],0
1070,Los problemas de la plataforma causaron decepción y frustración.,0,1,0,0,0,0,1,0,0,0,Los problemas de la plataforma causaron decepción y frustración.,[],0
1071,Experimenté preocupación y molestia debido a fallas técnicas.,0,1,0,0,1,0,0,0,0,0,Experimenté preocupación y molestia debido a fallas técnicas.,[],0
1072,El sistema inestable me hizo sentir frustrado y desanimado 💔 por continuar sin problemas.,0,1,0,0,0,0,1,0,0,0,El sistema inestable me hizo sentir frustrado y desanimado  por continuar sin problemas.,['💔'],1
1073,Me sentí irritado y preocupado cuando los videos no se cargaron.,0,1,0,0,1,0,0,0,0,0,Me sentí irritado y preocupado cuando los videos no se cargaron.,[],0
1074,Los repetidos errores causaron frustración y malestar.,0,1,0,0,0,0,0,0,0,0,Los repetidos errores causaron frustración y malestar.,[],0
1075,Experimenté molestia mezclada con preocupación durante las sesiones de aprendizaje.,0,1,0,0,0,0,0,0,0,0,Experimenté molestia mezclada con preocupación durante las sesiones de aprendizaje.,[],0
1076,Los problemas técnicos me hicieron sentir incómodo e insatisfecho.,0,0,0,0,0,0,1,0,0,0,Los problemas técnicos me hicieron sentir incómodo e insatisfecho.,[],0
1077,Me sentí frustrado y ansioso cuando la plataforma se retrasó.,0,1,0,0,1,0,0,0,0,0,Me sentí frustrado y ansioso cuando la plataforma se retrasó.,[],0
1078,Las interrupciones causaron irritación y redujeron la motivación.,0,1,0,0,0,0,1,0,0,0,Las interrupciones causaron irritación y redujeron la motivación.,[],0
1079,Experimenté decepción y preocupación debido al acceso inestable.,0,0,0,0,1,0,1,0,0,0,Experimenté decepción y preocupación debido al acceso inestable.,[],0
1080,Los fallos recurrentes me hicieron sentir frustrado e incómodo.,0,1,0,0,1,0,0,0,0,0,Los fallos recurrentes me hicieron sentir frustrado e incómodo.,[],0
1081,Me sentí molesto y preocupado 😤 por los problemas técnicos persistentes a lo largo del curso.,0,1,0,0,1,0,0,0,0,0,Me sentí molesto y preocupado  por los problemas técnicos persistentes a lo largo del curso.,['😤'],1
1082,La inestabilidad de la plataforma provocó frustración emocional y preocupación.,0,1,0,0,1,0,0,0,0,0,La inestabilidad de la plataforma provocó frustración emocional y preocupación.,[],0
1083,Experimenté irritación mezclada con decepción durante las lecciones.,0,1,0,0,0,0,1,0,0,0,Experimenté irritación mezclada con decepción durante las lecciones.,[],0
1084,Los fallos técnicos me hicieron sentir incómodo y molesto.,0,1,0,0,1,0,0,0,0,0,Los fallos técnicos me hicieron sentir incómodo y molesto.,[],0
1085,Me sentí frustrado y ansioso intentando seguir el curso.,0,1,0,0,1,0,0,0,0,0,Me sentí frustrado y ansioso intentando seguir el curso.,[],0
1086,Los fallos provocaron molestias y preocupación sobre el progreso del aprendizaje.,0,1,0,0,1,0,0,0,0,0,Los fallos provocaron molestias y preocupación sobre el progreso del aprendizaje.,[],0
1087,Experimenté decepción e irritación debido a los problemas repetidos.,0,1,0,0,0,0,1,0,0,0,Experimenté decepción e irritación debido a los problemas repetidos.,[],0
1088,Los problemas de la plataforma me hicieron sentir incómodo y frustrado.,0,1,0,0,1,0,0,0,0,0,Los problemas de la plataforma me hicieron sentir incómodo y frustrado.,[],0
1089,Me sentí molesto y preocupado cuando las lecciones se interrumpieron.,0,1,0,0,1,0,0,0,0,0,Me sentí molesto y preocupado cuando las lecciones se interrumpieron.,[],0
1090,Los problemas técnicos causaron frustración y tensión emocional.,0,1,0,0,1,0,0,0,0,0,Los problemas técnicos causaron frustración y tensión emocional.,[],0
1091,Experimenté irritación y preocupación debido a la reproducción inestable.,0,1,0,0,0,0,0,0,0,0,Experimenté irritación y preocupación debido a la reproducción inestable.,[],0
1092,Los errores repetidos me hicieron sentir incómodo y molesto.,0,1,0,0,0,0,0,0,0,0,Los errores repetidos me hicieron sentir incómodo y molesto.,[],0
1093,Me sentí frustrado y ansioso por continuar sin problemas.,0,1,0,0,0,0,0,0,0,0,Me sentí frustrado y ansioso por continuar sin problemas.,[],0
1094,Los problemas de la plataforma causaron decepción e irritación.,0,1,0,0,0,0,1,0,0,0,Los problemas de la plataforma causaron decepción e irritación.,[],0
1095,Experimenté molestia mezclada con preocupación durante las sesiones.,0,1,0,0,0,0,0,0,0,0,Experimenté molestia mezclada con preocupación durante las sesiones.,[],0
1096,La inestabilidad técnica me hizo sentir frustrado e incómodo.,0,1,0,0,0,0,0,0,0,0,La inestabilidad técnica me hizo sentir frustrado e incómodo.,[],0
1097,Me sentí irritado y preocupado por el contenido que faltaba.,0,1,0,0,0,0,0,0,0,0,Me sentí irritado y preocupado por el contenido que faltaba.,[],0
1098,Los problemas recurrentes causaron frustración y decepción.,0,1,0,0,0,0,1,0,0,0,Los problemas recurrentes causaron frustración y decepción.,[],0
1099,Experimenté ansiedad e irritación 😣 durante repetidos fallos que interrumpían mis sesiones de estudio.,0,1,0,0,1,0,0,0,0,0,Experimenté ansiedad e irritación  durante repetidos fallos que interrumpían mis sesiones de estudio.,['😣'],1
1100,Los fallos técnicos me hicieron sentir incómodo y frustrado.,0,1,0,0,0,0,0,0,0,0,Los fallos técnicos me hicieron sentir incómodo y frustrado.,[],0
1101,Me sentí molesto y preocupado porque los problemas técnicos persistían.,0,1,0,0,0,0,0,0,0,0,Me sentí molesto y preocupado porque los problemas técnicos persistían.,[],0
1102,Disfruté cómo las explicaciones aumentan gradualmente en profundidad sin resultar abruptas.,1,0,0,0,0,1,0,0,1,1,Disfruté cómo las explicaciones aumentan gradualmente en profundidad sin resultar abruptas.,[],0
1103,La estructura del material hace que sea fácil seguirlo y mantenerse motivado.,2,0,0,0,0,1,0,0,1,1,La estructura del material hace que sea fácil seguirlo y mantenerse motivado.,[],0
1104,El material de aprendizaje proporciona una base sólida y fomenta una mayor exploración.,2,0,0,0,0,1,0,0,1,1,El material de aprendizaje proporciona una base sólida y fomenta una mayor exploración.,[],0
1105,Encontré las explicaciones útiles para aclarar conceptos que inicialmente parecían confusos.,1,0,0,0,0,1,0,0,1,1,Encontré las explicaciones útiles para aclarar conceptos que inicialmente parecían confusos.,[],0
1106,El contenido es detallado pero fácil de seguir.,2,0,0,0,0,1,0,0,1,1,El contenido es detallado pero fácil de seguir.,[],0
1107,La forma en que está organizado el material ayuda a reforzar el aprendizaje de forma natural.,2,0,0,0,0,1,0,0,1,1,La forma en que está organizado el material ayuda a reforzar el aprendizaje de forma natural.,[],0
1108,Aprecio la claridad y consistencia del contenido de aprendizaje.,2,0,0,0,0,1,0,0,1,1,Aprecio la claridad y consistencia del contenido de aprendizaje.,[],0
1109,Los materiales del curso son informativos y están cuidadosamente diseñados.,2,0,0,0,0,1,0,0,1,1,Los materiales del curso son informativos y están cuidadosamente diseñados.,[],0
1110,Disfruté cómo el material de aprendizaje apoya el estudio independiente.,2,0,0,0,0,1,0,0,1,1,Disfruté cómo el material de aprendizaje apoya el estudio independiente.,[],0
1111,Aprecio el flujo lógico del contenido.,2,0,0,0,0,1,0,0,1,1,Aprecio el flujo lógico del contenido.,[],0
1112,Las explicaciones aportan claridad y contexto útil.,1,0,0,0,0,1,0,0,1,1,Las explicaciones aportan claridad y contexto útil.,[],0
1113,Los materiales del curso ayudan a los estudiantes a mantenerse concentrados y comprometidos.,2,0,0,0,0,1,0,0,1,1,Los materiales del curso ayudan a los estudiantes a mantenerse concentrados y comprometidos.,[],0
1114,Disfruté cómo el material de aprendizaje fomenta la comprensión con el tiempo.,2,0,0,0,0,1,0,0,1,1,Disfruté cómo el material de aprendizaje fomenta la comprensión con el tiempo.,[],0
1115,El contenido se siente cuidadosamente organizado y accesible.,2,0,0,0,0,1,0,0,1,1,El contenido se siente cuidadosamente organizado y accesible.,[],0
1116,Las explicaciones hacen que el aprendizaje parezca manejable y atractivo.,1,0,0,0,0,1,0,0,1,1,Las explicaciones hacen que el aprendizaje parezca manejable y atractivo.,[],0
1117,Los materiales del curso apoyan el aprendizaje reflexivo.,2,0,0,0,0,1,0,0,1,1,Los materiales del curso apoyan el aprendizaje reflexivo.,[],0
1118,Encontré el contenido de aprendizaje claro y útil.,2,0,0,0,0,1,0,0,1,1,Encontré el contenido de aprendizaje claro y útil.,[],0
1119,La estructura del material hace que el aprendizaje sea eficiente.,2,0,0,0,0,1,0,0,1,1,La estructura del material hace que el aprendizaje sea eficiente.,[],0
1120,Las explicaciones proporcionan información útil sobre conceptos clave.,1,0,0,0,0,1,0,0,1,1,Las explicaciones proporcionan información útil sobre conceptos clave.,[],0
1121,El material de aprendizaje fomenta la confianza y la mejora continua.,2,0,0,0,0,1,0,0,1,1,El material de aprendizaje fomenta la confianza y la mejora continua.,[],0
1122,Aprecio la claridad y organización del contenido.,2,0,0,0,0,1,0,0,1,1,Aprecio la claridad y organización del contenido.,[],0
1123,Las explicaciones ayudan a los estudiantes a mantenerse comprometidos y motivados.,1,0,0,0,0,1,0,0,1,1,Las explicaciones ayudan a los estudiantes a mantenerse comprometidos y motivados.,[],0
1124,Los materiales del curso se sienten bien desarrollados y accesibles.,2,0,0,0,0,1,0,0,1,1,Los materiales del curso se sienten bien desarrollados y accesibles.,[],0
1125,Disfruté cómo el material de aprendizaje desarrolla la comprensión gradualmente.,2,0,0,0,0,1,0,0,1,1,Disfruté cómo el material de aprendizaje desarrolla la comprensión gradualmente.,[],0
1126,El contenido apoya experiencias de aprendizaje significativas.,2,0,0,0,0,1,0,0,1,1,El contenido apoya experiencias de aprendizaje significativas.,[],0
1127,El material de aprendizaje es claro y está presentado de forma reflexiva.,2,0,0,0,0,1,0,0,1,1,El material de aprendizaje es claro y está presentado de forma reflexiva.,[],0
1128,Encontré las explicaciones confiables y fáciles de seguir.,1,0,0,0,0,1,0,0,1,1,Encontré las explicaciones confiables y fáciles de seguir.,[],0
1129,Los materiales del curso ayudan a reforzar la comprensión de manera efectiva.,2,0,0,0,0,1,0,0,1,1,Los materiales del curso ayudan a reforzar la comprensión de manera efectiva.,[],0
1130,"En general, el material de aprendizaje proporciona una experiencia positiva y que genera confianza",2,0,0,0,0,1,0,0,1,1,"En general, el material de aprendizaje proporciona una experiencia positiva y que genera confianza",[],0
1131,"El material de aprendizaje parece mal estructurado y obsoleto, lo que dificulta seguir los conceptos sin problemas y reduce mi confianza general en el curso.",2,0,0,0,0,0,1,0,0,0,"El material de aprendizaje parece mal estructurado y obsoleto, lo que dificulta seguir los conceptos sin problemas y reduce mi confianza general en el curso.",[],0
1132,"A veces las explicaciones me resultaron confusas, ya que se omitieron detalles importantes del material de aprendizaje o no estaban conectados claramente.",1,0,0,0,0,0,1,0,0,0,"A veces las explicaciones me resultaron confusas, ya que se omitieron detalles importantes del material de aprendizaje o no estaban conectados claramente.",[],0
1133,"El contenido del curso carece de suficiente profundidad en áreas clave, lo que me dejó insatisfecho con el material de aprendizaje.",2,0,0,0,0,0,1,0,0,0,"El contenido del curso carece de suficiente profundidad en áreas clave, lo que me dejó insatisfecho con el material de aprendizaje.",[],0
1134,Tuve dificultades con el material de aprendizaje porque asume demasiados conocimientos previos y no explica adecuadamente los fundamentos.,2,0,0,0,0,0,1,0,0,0,Tuve dificultades con el material de aprendizaje porque asume demasiados conocimientos previos y no explica adecuadamente los fundamentos.,[],0
1135,"Las explicaciones en el material de aprendizaje a menudo parecen apresuradas, lo que dificulta la comprensión total de los conceptos.",1,0,0,0,0,0,1,0,0,0,"Las explicaciones en el material de aprendizaje a menudo parecen apresuradas, lo que dificulta la comprensión total de los conceptos.",[],0
1136,Me sentí frustrado con el material de aprendizaje porque se introdujeron varios temas sin suficiente explicación o contexto.,2,1,0,0,0,0,1,0,0,0,Me sentí frustrado con el material de aprendizaje porque se introdujeron varios temas sin suficiente explicación o contexto.,[],0
1137,"El material del curso parece de calidad inconsistente, lo que hizo que la experiencia de aprendizaje fuera confusa y decepcionante.",2,0,0,0,0,0,1,0,0,0,"El material del curso parece de calidad inconsistente, lo que hizo que la experiencia de aprendizaje fuera confusa y decepcionante.",[],0
1138,Me resultó difícil comprender el material de aprendizaje debido a su estructura poco clara y a la falta de aclaración práctica.,2,1,0,0,0,0,0,0,0,0,Me resultó difícil comprender el material de aprendizaje debido a su estructura poco clara y a la falta de aclaración práctica.,[],0
1139,Algunas secciones del material de aprendizaje parecen incompletas y dejan lagunas en la comprensión que nunca se abordaron adecuadamente.,2,0,0,0,0,0,1,0,0,0,Algunas secciones del material de aprendizaje parecen incompletas y dejan lagunas en la comprensión que nunca se abordaron adecuadamente.,[],0
1140,"Las explicaciones se basan demasiado en la teoría, lo que hace que el material de aprendizaje parezca desequilibrado y difícil de aplicar.",1,0,0,0,0,0,1,0,0,0,"Las explicaciones se basan demasiado en la teoría, lo que hace que el material de aprendizaje parezca desequilibrado y difícil de aplicar.",[],0
1141,Me sentí decepcionado por el material de aprendizaje porque los conceptos importantes no fueron explicados con suficiente detalle.,2,0,0,0,0,0,1,0,0,0,Me sentí decepcionado por el material de aprendizaje porque los conceptos importantes no fueron explicados con suficiente detalle.,[],0
1142,La forma en que se presenta el material de aprendizaje dificulta mantener la concentración y la motivación.,2,0,0,0,0,0,1,0,0,0,La forma en que se presenta el material de aprendizaje dificulta mantener la concentración y la motivación.,[],0
1143,Encontré el contenido frustrante porque el material de aprendizaje salta entre temas sin transiciones claras.,2,1,0,0,0,0,0,0,0,0,Encontré el contenido frustrante porque el material de aprendizaje salta entre temas sin transiciones claras.,[],0
1144,"El material de aprendizaje no respalda adecuadamente a los principiantes, lo que hizo que la experiencia en general fuera desalentadora.",2,0,0,0,0,0,1,0,0,0,"El material de aprendizaje no respalda adecuadamente a los principiantes, lo que hizo que la experiencia en general fuera desalentadora.",[],0
1145,A menudo me sentía confundido al estudiar el material de aprendizaje porque faltaban ejemplos o eran insuficientes.,2,0,0,0,0,0,1,0,0,0,A menudo me sentía confundido al estudiar el material de aprendizaje porque faltaban ejemplos o eran insuficientes.,[],0
1146,"El contenido del curso se siente desorganizado, lo que provoca confusión innecesaria al intentar comprender el material de aprendizaje.",2,0,0,0,0,0,1,0,0,0,"El contenido del curso se siente desorganizado, lo que provoca confusión innecesaria al intentar comprender el material de aprendizaje.",[],0
1147,"El material de aprendizaje es generalmente claro, aunque algunas secciones requieren atención adicional para comprender completamente las explicaciones.",2,0,0,0,0,1,0,0,1,1,"El material de aprendizaje es generalmente claro, aunque algunas secciones requieren atención adicional para comprender completamente las explicaciones.",[],0
1148,"En general, considero que el material del curso es aceptable, con algunos temas explicados con más claridad que otros.",2,0,0,0,0,1,0,0,1,1,"En general, considero que el material del curso es aceptable, con algunos temas explicados con más claridad que otros.",[],0
1149,"Las explicaciones son útiles, aunque algunos conceptos podrían beneficiarse de más contexto.",1,0,0,0,0,1,0,0,1,1,"Las explicaciones son útiles, aunque algunos conceptos podrían beneficiarse de más contexto.",[],0
1150,"El contenido del curso proporciona una base estable, sin cubrir muchos casos extremos.",2,0,0,0,0,1,0,0,1,1,"El contenido del curso proporciona una base estable, sin cubrir muchos casos extremos.",[],0
1151,"El material de aprendizaje me resultó manejable, aunque no especialmente memorable.",2,0,0,0,0,1,0,0,1,1,"El material de aprendizaje me resultó manejable, aunque no especialmente memorable.",[],0
1152,El material presenta el tema de manera adecuada sin sobresalir demasiado.,2,0,0,0,0,1,0,0,1,1,El material presenta el tema de manera adecuada sin sobresalir demasiado.,[],0
1153,"El material de aprendizaje se siente consistente en estilo, incluso si algunas secciones son más detalladas que otras.",2,0,0,0,0,1,0,0,1,1,"El material de aprendizaje se siente consistente en estilo, incluso si algunas secciones son más detalladas que otras.",[],0
1154,"Pude entender las lecciones, pero algunas explicaciones me parecieron breves.",2,0,0,0,0,1,0,0,1,1,"Pude entender las lecciones, pero algunas explicaciones me parecieron breves.",[],0
1155,"El contenido presenta las ideas con claridad, aunque algunos ejemplos parecen limitados.",2,0,0,0,0,1,0,0,1,1,"El contenido presenta las ideas con claridad, aunque algunos ejemplos parecen limitados.",[],0
1156,"El material de aprendizaje está estructurado de forma lógica, con pequeñas lagunas en las explicaciones.",2,0,0,0,0,1,0,0,1,1,"El material de aprendizaje está estructurado de forma lógica, con pequeñas lagunas en las explicaciones.",[],0
1157,Creo que el material es adecuado para estudiantes que deseen repasar conceptos de forma independiente.,2,0,0,0,0,1,0,0,1,1,Creo que el material es adecuado para estudiantes que deseen repasar conceptos de forma independiente.,[],0
1158,Las explicaciones son neutrales y centradas en la entrega de información.,1,0,0,0,0,1,0,0,1,1,Las explicaciones son neutrales y centradas en la entrega de información.,[],0
1159,"El material de aprendizaje me ayudó a seguir el curso, aunque algunas partes requirieron concentración adicional.",2,0,0,0,0,1,0,0,1,1,"El material de aprendizaje me ayudó a seguir el curso, aunque algunas partes requirieron concentración adicional.",[],0
1160,"El contenido se siente estable e informativo, sin un fuerte impacto emocional.",2,0,0,0,0,1,0,0,1,1,"El contenido se siente estable e informativo, sin un fuerte impacto emocional.",[],0
1161,"El material de aprendizaje me pareció aceptable, con niveles mixtos de claridad.",2,0,0,0,0,1,0,0,1,1,"El material de aprendizaje me pareció aceptable, con niveles mixtos de claridad.",[],0
1162,"Las explicaciones proporcionan una comprensión general, aunque para comprender más profundamente puede ser necesario practicar.",1,0,0,0,0,1,0,0,1,1,"Las explicaciones proporcionan una comprensión general, aunque para comprender más profundamente puede ser necesario practicar.",[],0
1163,"El material de aprendizaje favorece un aprendizaje gradual, aunque no siempre resulte atractivo.",2,0,0,0,0,1,0,0,1,1,"El material de aprendizaje favorece un aprendizaje gradual, aunque no siempre resulte atractivo.",[],0
1164,"El material de aprendizaje permite la comprensión, siempre que el alumno permanezca atento.",2,0,0,0,0,1,0,0,1,1,"El material de aprendizaje permite la comprensión, siempre que el alumno permanezca atento.",[],0
1165,Creo que el contenido del curso funciona mejor cuando se combina con práctica adicional.,2,0,0,0,0,1,0,0,1,1,Creo que el contenido del curso funciona mejor cuando se combina con práctica adicional.,[],0
1166,"El material presenta los conceptos de manera lógica, aunque no siempre exhaustiva.",2,0,0,0,0,1,0,0,1,1,"El material presenta los conceptos de manera lógica, aunque no siempre exhaustiva.",[],0
1167,"Pude entender las lecciones, pero algunas explicaciones me parecieron mínimas.",2,0,0,0,0,1,0,0,1,1,"Pude entender las lecciones, pero algunas explicaciones me parecieron mínimas.",[],0
1168,El contenido de aprendizaje está organizado razonablemente bien.,2,0,0,0,0,1,0,0,1,1,El contenido de aprendizaje está organizado razonablemente bien.,[],0
1169,Las explicaciones dan una idea general del tema sin profundizar demasiado.,1,0,0,0,0,1,0,0,1,1,Las explicaciones dan una idea general del tema sin profundizar demasiado.,[],0
1170,"El material de aprendizaje se siente equilibrado, ni demasiado simple ni demasiado complejo.",2,0,0,0,0,1,0,0,1,1,"El material de aprendizaje se siente equilibrado, ni demasiado simple ni demasiado complejo.",[],0
1171,Creo que el contenido comunica las ideas principales con suficiente claridad.,2,0,0,0,0,1,0,0,1,1,Creo que el contenido comunica las ideas principales con suficiente claridad.,[],0
1172,"El material es comprensible, aunque alguna aclaración ayudaría.",2,0,0,0,0,1,0,0,1,1,"El material es comprensible, aunque alguna aclaración ayudaría.",[],0
1173,"Las explicaciones son consistentes, aunque no siempre atractivas.",1,0,0,0,0,1,0,0,1,1,"Las explicaciones son consistentes, aunque no siempre atractivas.",[],0
1174,El material de aprendizaje presenta la información de forma sencilla.,2,0,0,0,0,1,0,0,1,1,El material de aprendizaje presenta la información de forma sencilla.,[],0
1175,"Algunos conceptos se explican claramente, mientras que otros necesitan más atención.",1,0,0,0,0,1,0,0,1,1,"Algunos conceptos se explican claramente, mientras que otros necesitan más atención.",[],0
1176,El contenido favorece un aprendizaje constante sin una fuerte respuesta emocional.,2,0,0,0,0,1,0,0,1,1,El contenido favorece un aprendizaje constante sin una fuerte respuesta emocional.,[],0
1177,"Encontré el material de aprendizaje práctico, aunque no particularmente detallado.",2,0,0,0,0,1,0,0,1,1,"Encontré el material de aprendizaje práctico, aunque no particularmente detallado.",[],0
1178,Las explicaciones son adecuadas para seguir la estructura del curso.,1,0,0,0,0,1,0,0,1,1,Las explicaciones son adecuadas para seguir la estructura del curso.,[],0
1179,El material de aprendizaje describe el tema sin entrar en detalles abrumadores.,2,0,0,0,0,1,0,0,1,1,El material de aprendizaje describe el tema sin entrar en detalles abrumadores.,[],0
1180,El contenido del curso es neutral en su presentación y generalmente fácil de seguir.,2,0,0,0,0,1,0,0,1,1,El contenido del curso es neutral en su presentación y generalmente fácil de seguir.,[],0
1181,Pude comprender la mayor parte del material de aprendizaje con algo de esfuerzo.,2,0,0,0,0,1,0,0,1,1,Pude comprender la mayor parte del material de aprendizaje con algo de esfuerzo.,[],0
1182,Las explicaciones proporcionan una comprensión básica de los temas.,1,0,0,0,0,1,0,0,1,1,Las explicaciones proporcionan una comprensión básica de los temas.,[],0
1183,"El material de aprendizaje parece informativo, aunque no profundamente analítico.",2,0,0,0,0,1,0,0,1,1,"El material de aprendizaje parece informativo, aunque no profundamente analítico.",[],0
1184,Creo que el contenido sirve como una referencia razonable para el tema.,2,0,0,0,0,1,0,0,1,1,Creo que el contenido sirve como una referencia razonable para el tema.,[],0
1185,El material explica los conceptos con suficiente claridad para continuar el aprendizaje.,2,0,0,0,0,1,0,0,1,1,El material explica los conceptos con suficiente claridad para continuar el aprendizaje.,[],0
1186,El contenido de aprendizaje está estructurado de manera predecible.,2,0,0,0,0,1,0,0,1,1,El contenido de aprendizaje está estructurado de manera predecible.,[],0
1187,"Las explicaciones me parecieron sencillas, aunque algo breves.",1,0,0,0,0,1,0,0,1,1,"Las explicaciones me parecieron sencillas, aunque algo breves.",[],0
1188,"El material de aprendizaje se siente accesible, aunque algunas áreas carecen de profundidad.",2,0,0,0,0,1,0,0,1,1,"El material de aprendizaje se siente accesible, aunque algunas áreas carecen de profundidad.",[],0
1189,"El contenido comunica ideas con claridad, sin énfasis excesivo.",2,0,0,0,0,1,0,0,1,1,"El contenido comunica ideas con claridad, sin énfasis excesivo.",[],0
1190,"El material de aprendizaje favorece la comprensión, siempre que se revisen las secciones clave.",2,0,0,0,0,1,0,0,1,1,"El material de aprendizaje favorece la comprensión, siempre que se revisen las secciones clave.",[],0
1191,"Creo que las explicaciones son aceptables, aunque no especialmente detalladas.",1,0,0,0,0,1,0,0,1,1,"Creo que las explicaciones son aceptables, aunque no especialmente detalladas.",[],0
1192,El material se siente neutral e informativo.,2,0,0,0,0,1,0,0,1,1,El material se siente neutral e informativo.,[],0
1193,"El contenido de aprendizaje es fácil de seguir, aunque algunas secciones parecen comprimidas.",2,0,0,0,0,1,0,0,1,1,"El contenido de aprendizaje es fácil de seguir, aunque algunas secciones parecen comprimidas.",[],0
1194,Encontré las explicaciones lo suficientemente claras para continuar con el curso.,1,0,0,0,0,1,0,0,1,1,Encontré las explicaciones lo suficientemente claras para continuar con el curso.,[],0
1195,"El material de aprendizaje proporciona una claridad general, con ambigüedad ocasional.",2,0,0,0,0,1,0,0,1,1,"El material de aprendizaje proporciona una claridad general, con ambigüedad ocasional.",[],0
1196,"El contenido es comprensible, aunque algunos ejemplos podrían ayudar.",2,0,0,0,0,1,0,0,1,1,"El contenido es comprensible, aunque algunos ejemplos podrían ayudar.",[],0
1197,Las explicaciones esbozan conceptos sin excesiva elaboración.,1,0,0,0,0,1,0,0,1,1,Las explicaciones esbozan conceptos sin excesiva elaboración.,[],0
1198,El material de aprendizaje parece suficiente para la orientación.,2,0,0,0,0,1,0,0,1,1,El material de aprendizaje parece suficiente para la orientación.,[],0
1199,Creo que el contenido del curso comunica lo esencial de manera efectiva.,2,0,0,0,0,1,0,0,1,1,Creo que el contenido del curso comunica lo esencial de manera efectiva.,[],0
1200,"El material de aprendizaje es claro en general, aunque algunas secciones resultan un poco confusas.",2,0,0,0,0,1,0,0,1,1,"El material de aprendizaje es claro en general, aunque algunas secciones resultan un poco confusas.",[],0
1201,Encontré las explicaciones neutrales y centradas en la entrega de información.,1,0,0,0,0,1,0,0,1,1,Encontré las explicaciones neutrales y centradas en la entrega de información.,[],0
1202,El contenido favorece el aprendizaje a un ritmo constante.,2,0,0,0,0,1,0,0,1,1,El contenido favorece el aprendizaje a un ritmo constante.,[],0
1203,Las explicaciones comunican ideas centrales sin muchos adornos.,1,0,0,0,0,1,0,0,1,1,Las explicaciones comunican ideas centrales sin muchos adornos.,[],0
1204,"El material de aprendizaje favorece la comprensión, aunque se necesita práctica.",2,0,0,0,0,1,0,0,1,1,"El material de aprendizaje favorece la comprensión, aunque se necesita práctica.",[],0
1205,Encontré el contenido del curso informativo y neutral.,2,0,0,0,0,1,0,0,1,1,Encontré el contenido del curso informativo y neutral.,[],0
1206,"Las explicaciones son claras, aunque no especialmente detalladas.",1,0,0,0,0,1,0,0,1,1,"Las explicaciones son claras, aunque no especialmente detalladas.",[],0
1207,"El material de aprendizaje es comprensible en general, con algunos momentos de incertidumbre.",2,0,0,0,0,1,0,0,1,1,"El material de aprendizaje es comprensible en general, con algunos momentos de incertidumbre.",[],0
1208,El contenido presenta el tema de una manera sencilla.,2,0,0,0,0,1,0,0,1,1,El contenido presenta el tema de una manera sencilla.,[],0
1209,Considero que el material de aprendizaje es adecuado para seguir el curso.,2,0,0,0,0,1,0,0,1,1,Considero que el material de aprendizaje es adecuado para seguir el curso.,[],0
1210,Las explicaciones proporcionan claridad en la mayoría de los temas.,1,0,0,0,0,1,0,0,1,1,Las explicaciones proporcionan claridad en la mayoría de los temas.,[],0
1211,El contenido de aprendizaje se siente equilibrado y accesible.,2,0,0,0,0,1,0,0,1,1,El contenido de aprendizaje se siente equilibrado y accesible.,[],0
1212,Me resultó fácil seguir el material con cierta concentración.,2,0,0,0,0,1,0,0,1,1,Me resultó fácil seguir el material con cierta concentración.,[],0
1213,Las explicaciones resumen claramente las ideas principales.,1,0,0,0,0,1,0,0,1,1,Las explicaciones resumen claramente las ideas principales.,[],0
1214,El material de aprendizaje se siente neutral e informativo en todo momento.,2,0,0,0,0,1,0,0,1,1,El material de aprendizaje se siente neutral e informativo en todo momento.,[],0
1215,"En general, el material de aprendizaje comunica los conceptos con suficiente claridad para un progreso constante.",2,0,0,0,0,1,0,0,1,1,"En general, el material de aprendizaje comunica los conceptos con suficiente claridad para un progreso constante.",[],0
1216,El instructor es muy receptivo en la sección de preguntas y respuestas y generalmente proporciona respuestas claras que ayudan a avanzar.,3,0,0,0,0,1,0,0,1,1,El instructor es muy receptivo en la sección de preguntas y respuestas y generalmente proporciona respuestas claras que ayudan a avanzar.,[],0
1217,"Valoro la rapidez con la que se responden las preguntas, lo que hace que la experiencia de aprendizaje se sienta apoyada.",3,0,0,0,0,1,0,0,1,1,"Valoro la rapidez con la que se responden las preguntas, lo que hace que la experiencia de aprendizaje se sienta apoyada.",[],0
1218,La presencia del instructor en la sesión de preguntas y respuestas hace que el curso se sienta más interactivo.,3,0,0,0,0,1,0,0,1,1,La presencia del instructor en la sesión de preguntas y respuestas hace que el curso se sienta más interactivo.,[],0
1219,Encontré las respuestas del instructor informativas y fáciles de entender.,3,0,0,0,0,1,0,0,1,1,Encontré las respuestas del instructor informativas y fáciles de entender.,[],0
1220,"El instructor mantiene una presencia activa, lo que mejora la comunicación con los alumnos.",3,0,0,0,0,1,0,0,0,1,"El instructor mantiene una presencia activa, lo que mejora la comunicación con los alumnos.",[],0
1221,Aprecio cómo el instructor aclara los malentendidos en la sección de discusión.,3,0,0,0,0,1,0,0,0,1,Aprecio cómo el instructor aclara los malentendidos en la sección de discusión.,[],0
1222,Las respuestas que recibí ayudaron a resolver mi confusión de manera eficiente.,3,0,0,0,0,1,0,0,0,1,Las respuestas que recibí ayudaron a resolver mi confusión de manera eficiente.,[],0
1223,Las respuestas rápidas del instructor hicieron que el proceso de aprendizaje fuera más fluido.,3,0,0,0,0,1,0,0,0,1,Las respuestas rápidas del instructor hicieron que el proceso de aprendizaje fuera más fluido.,[],0
1224,Considero que la interacción fue en general positiva y receptiva.,3,0,0,0,0,1,0,0,0,1,Considero que la interacción fue en general positiva y receptiva.,[],0
1225,Considero que la interacción en el curso fue mayoritariamente positiva.,3,0,0,0,0,1,0,0,0,1,Considero que la interacción en el curso fue mayoritariamente positiva.,[],0
1226,Las respuestas del instructor me ayudaron a guiarme a través de pasos confusos.,3,0,0,0,0,1,0,0,0,1,Las respuestas del instructor me ayudaron a guiarme a través de pasos confusos.,[],0
1227,La comunicación en la sección de preguntas y respuestas se siente accesible y útil.,3,0,0,0,0,1,0,0,0,1,La comunicación en la sección de preguntas y respuestas se siente accesible y útil.,[],0
1228,Me sentí cómodo haciendo preguntas debido a la capacidad de respuesta del instructor.,3,0,0,0,0,1,0,0,0,1,Me sentí cómodo haciendo preguntas debido a la capacidad de respuesta del instructor.,[],0
1229,La participación del instructor mejora la experiencia general del curso.,3,0,0,0,0,1,0,0,0,1,La participación del instructor mejora la experiencia general del curso.,[],0
1230,Aprecio la claridad brindada en la mayoría de las respuestas de preguntas y respuestas.,3,0,0,0,0,1,0,0,0,1,Aprecio la claridad brindada en la mayoría de las respuestas de preguntas y respuestas.,[],0
1231,El estilo de interacción generalmente apoya el aprendizaje.,3,0,0,0,0,1,0,0,0,1,El estilo de interacción generalmente apoya el aprendizaje.,[],0
1232,"El instructor responde rápidamente, lo que ayuda a mantener el impulso del aprendizaje.",3,0,0,0,0,1,0,0,0,1,"El instructor responde rápidamente, lo que ayuda a mantener el impulso del aprendizaje.",[],0
1233,Encontré las discusiones de preguntas y respuestas útiles para resolver problemas comunes.,3,0,0,0,0,1,0,0,0,1,Encontré las discusiones de preguntas y respuestas útiles para resolver problemas comunes.,[],0
1234,Las respuestas del instructor suelen ser claras y relevantes.,3,0,0,0,0,1,0,0,0,1,Las respuestas del instructor suelen ser claras y relevantes.,[],0
1235,Me sentí apoyado por la presencia del instructor en la sección de discusión.,3,0,0,0,0,1,0,0,0,1,Me sentí apoyado por la presencia del instructor en la sección de discusión.,[],0
1236,La interacción en preguntas y respuestas contribuye positivamente a la comprensión del material.,3,0,0,0,0,1,0,0,0,1,La interacción en preguntas y respuestas contribuye positivamente a la comprensión del material.,[],0
1237,Las respuestas del instructor a menudo abordan la esencia del problema.,3,0,0,0,0,1,0,0,0,1,Las respuestas del instructor a menudo abordan la esencia del problema.,[],0
1238,Aprecio el esfuerzo puesto en responder las preguntas de los estudiantes.,3,0,0,0,0,1,0,0,0,1,Aprecio el esfuerzo puesto en responder las preguntas de los estudiantes.,[],0
1239,La comunicación parece mayoritariamente positiva y útil.,3,0,0,0,0,1,0,0,0,1,La comunicación parece mayoritariamente positiva y útil.,[],0
1240,El compromiso del instructor hace que el curso se sienta menos aislado.,3,0,0,0,0,1,0,0,0,1,El compromiso del instructor hace que el curso se sienta menos aislado.,[],0
1241,Considero que la interacción de preguntas y respuestas es muy útil para aclarar incertidumbres.,3,0,0,0,0,1,0,0,0,1,Considero que la interacción de preguntas y respuestas es muy útil para aclarar incertidumbres.,[],0
1242,El instructor generalmente proporciona retroalimentación útil en sus respuestas.,3,0,0,0,0,1,0,0,0,1,El instructor generalmente proporciona retroalimentación útil en sus respuestas.,[],0
1243,Aprecio las claras explicaciones dadas en las respuestas de la discusión.,3,0,0,0,0,1,0,0,0,1,Aprecio las claras explicaciones dadas en las respuestas de la discusión.,[],0
1244,"Recibí respuestas, aunque no siempre de inmediato.",3,0,0,0,0,0,0,0,0,2,"Recibí respuestas, aunque no siempre de inmediato.",[],0
1245,La sección de discusión sirve para responder preguntas generales.,3,0,0,0,0,0,0,0,0,2,La sección de discusión sirve para responder preguntas generales.,[],0
1246,"El instructor responde claramente, pero sin muchos detalles.",3,0,0,0,0,0,0,0,0,2,"El instructor responde claramente, pero sin muchos detalles.",[],0
1247,"La interacción me pareció aceptable, aunque no especialmente atractiva.",3,0,0,0,0,1,0,0,0,2,"La interacción me pareció aceptable, aunque no especialmente atractiva.",[],0
1248,Las respuestas de preguntas y respuestas suelen ser concisas.,3,0,0,0,0,0,0,0,0,2,Las respuestas de preguntas y respuestas suelen ser concisas.,[],0
1249,La comunicación con el instructor se siente sencilla y neutral.,3,0,0,0,0,0,0,0,0,2,La comunicación con el instructor se siente sencilla y neutral.,[],0
1250,Algunas preguntas reciben más atención que otras.,3,0,0,0,0,0,1,0,0,2,Algunas preguntas reciben más atención que otras.,[],0
1251,"El instructor responde, aunque las explicaciones pueden ser breves.",3,0,0,0,0,0,0,0,0,2,"El instructor responde, aunque las explicaciones pueden ser breves.",[],0
1252,El estilo de interacción es neutral y directo.,3,0,0,0,0,0,0,0,0,2,El estilo de interacción es neutral y directo.,[],0
1253,Las respuestas abordan la pregunta pero pueden carecer de profundidad.,3,0,0,0,0,0,1,0,0,2,Las respuestas abordan la pregunta pero pueden carecer de profundidad.,[],0
1254,El área de discusión es funcional pero no muy interactiva.,3,0,0,0,0,0,1,0,0,2,El área de discusión es funcional pero no muy interactiva.,[],0
1255,"El instructor responde cuando es necesario, sin mucho contexto adicional.",3,0,0,0,0,0,0,0,0,2,"El instructor responde cuando es necesario, sin mucho contexto adicional.",[],0
1256,Las respuestas de preguntas y respuestas parecen tener un tono neutral.,3,0,0,0,0,0,0,0,0,2,Las respuestas de preguntas y respuestas parecen tener un tono neutral.,[],0
1257,"La comunicación está presente, aunque no siempre detallada.",3,0,0,0,0,0,1,0,0,2,"La comunicación está presente, aunque no siempre detallada.",[],0
1258,"El instructor responde preguntas, pero el tono permanece neutral.",3,0,0,0,0,0,0,0,0,2,"El instructor responde preguntas, pero el tono permanece neutral.",[],0
1259,"Las respuestas suelen ser claras, aunque breves.",3,0,0,0,0,0,0,0,0,2,"Las respuestas suelen ser claras, aunque breves.",[],0
1260,La interacción no destaca demasiado.,3,0,0,0,0,0,1,0,0,2,La interacción no destaca demasiado.,[],0
1261,La sección de discusión proporciona comentarios mínimos pero útiles.,3,0,0,0,0,0,1,0,0,2,La sección de discusión proporciona comentarios mínimos pero útiles.,[],0
1262,"El instructor responde, aunque a veces sin muchas explicaciones.",3,0,0,0,0,0,0,0,0,2,"El instructor responde, aunque a veces sin muchas explicaciones.",[],0
1263,La comunicación se siente neutral e informativa.,3,0,0,0,0,0,0,0,0,2,La comunicación se siente neutral e informativa.,[],0
1264,"La sección de preguntas y respuestas funciona, pero podría ser más atractiva.",3,0,0,0,0,0,1,0,0,2,"La sección de preguntas y respuestas funciona, pero podría ser más atractiva.",[],0
1265,"En general, la interacción es funcional pero no particularmente memorable.",3,0,0,0,0,0,1,0,0,2,"En general, la interacción es funcional pero no particularmente memorable.",[],0
1266,En algunas respuestas el tono del instructor me pareció innecesariamente duro.,3,1,0,1,0,0,1,0,0,0,En algunas respuestas el tono del instructor me pareció innecesariamente duro.,[],0
1267,La interacción en la sección de discusión a veces resulta desalentadora.,3,0,0,0,0,0,1,0,0,0,La interacción en la sección de discusión a veces resulta desalentadora.,[],0
1268,Algunas preguntas fueron respondidas de una manera que pareció abrupta e inútil.,3,1,0,1,0,0,1,0,0,0,Algunas preguntas fueron respondidas de una manera que pareció abrupta e inútil.,[],0
1269,Me sentí frustrado por la falta de empatía en ciertas respuestas.,3,1,0,1,0,0,1,0,0,0,Me sentí frustrado por la falta de empatía en ciertas respuestas.,[],0
1270,Las respuestas del instructor a veces suenan pasivo-agresivas.,3,1,0,1,0,0,1,0,0,0,Las respuestas del instructor a veces suenan pasivo-agresivas.,[],0
1271,Me decepcioné cuando mi pregunta fue redirigida en lugar de ser abordada directamente.,3,1,0,0,0,0,1,0,0,0,Me decepcioné cuando mi pregunta fue redirigida en lugar de ser abordada directamente.,[],0
1272,La interacción de preguntas y respuestas a veces parece poco solidaria.,3,0,0,0,0,0,1,0,0,0,La interacción de preguntas y respuestas a veces parece poco solidaria.,[],0
1273,Algunas respuestas parecen más groseras que alentadoras.,3,1,0,1,0,0,1,0,0,0,Algunas respuestas parecen más groseras que alentadoras.,[],0
1274,Me sentí desanimado por el tono utilizado en ciertas respuestas de la discusión.,3,0,0,0,0,0,1,0,0,0,Me sentí desanimado por el tono utilizado en ciertas respuestas de la discusión.,[],0
1275,El estilo de interacción me hizo dudar en hacer preguntas de seguimiento.,3,0,0,0,0,0,1,0,0,0,El estilo de interacción me hizo dudar en hacer preguntas de seguimiento.,[],0
1276,Las respuestas del instructor a veces me resultaron frustrantes.,3,1,0,0,0,0,1,0,0,0,Las respuestas del instructor a veces me resultaron frustrantes.,[],0
1277,"Algunas preguntas quedan sin respuesta, lo que afecta la confianza en el soporte.",3,0,0,0,0,0,1,0,0,0,"Algunas preguntas quedan sin respuesta, lo que afecta la confianza en el soporte.",[],0
1278,Las respuestas a la discusión a veces parecen defensivas.,3,1,0,1,0,0,1,0,0,0,Las respuestas a la discusión a veces parecen defensivas.,[],0
1279,Me decepcionó el modo en que se manejaron ciertas preocupaciones.,3,1,0,0,0,0,1,0,0,0,Me decepcionó el modo en que se manejaron ciertas preocupaciones.,[],0
1280,La interacción en preguntas y respuestas puede parecer desdeñosa a veces.,3,1,0,1,0,0,1,0,0,0,La interacción en preguntas y respuestas puede parecer desdeñosa a veces.,[],0
1281,Algunas respuestas carecen de paciencia y claridad.,3,1,0,0,0,0,1,0,0,0,Algunas respuestas carecen de paciencia y claridad.,[],0
1282,Me sentí incómoda con el tono utilizado en algunas respuestas.,3,0,0,0,0,0,1,0,0,0,Me sentí incómoda con el tono utilizado en algunas respuestas.,[],0
1283,La actitud del instructor en ciertas respuestas se siente innecesariamente agresiva.,3,1,0,1,0,0,1,0,0,0,La actitud del instructor en ciertas respuestas se siente innecesariamente agresiva.,[],0
1284,La falta de un lenguaje de apoyo hizo que la interacción fuera menos agradable.,3,0,0,0,0,0,1,0,0,0,La falta de un lenguaje de apoyo hizo que la interacción fuera menos agradable.,[],0
1285,Encontré la interacción de preguntas y respuestas inconsistente y a veces frustrante.,3,1,0,0,0,0,1,0,0,0,Encontré la interacción de preguntas y respuestas inconsistente y a veces frustrante.,[],0
1286,Algunas respuestas parecen más críticas que útiles.,3,1,0,1,0,0,1,0,0,0,Algunas respuestas parecen más críticas que útiles.,[],0
1287,Me decepcionó cómo se manejaron algunas cuestiones técnicas.,0,1,0,0,0,0,1,0,0,0,Me decepcionó cómo se manejaron algunas cuestiones técnicas.,[],0
1288,El estilo de interacción a veces resulta desalentador.,3,0,0,0,0,0,1,0,0,0,El estilo de interacción a veces resulta desalentador.,[],0
1289,Me sentí molesto por las respuestas que no abordaban directamente la pregunta.,3,1,0,0,0,0,1,0,0,0,Me sentí molesto por las respuestas que no abordaban directamente la pregunta.,[],0
1290,La sección de discusión a veces carece de un tono de apoyo.,3,0,0,0,0,0,1,0,0,0,La sección de discusión a veces carece de un tono de apoyo.,[],0
1291,"En general, la interacción puede resultar desalentadora a pesar de la presencia del instructor.",3,0,0,0,0,0,1,0,0,0,"En general, la interacción puede resultar desalentadora a pesar de la presencia del instructor.",[],0
