No,feedback,aspect,anger,anticipation,disgust,fear,joy,sadness,surprise,trust,sentiment,feed_no_emo,_emo,n_emo
1,video stuck,0,1,0,1,0,0,0,0,0,0,video stuck,[],0
2,lebih byk error saat belajar dan ga bs lanjut ke materi berikutnya 😔,0,1,0,0,0,0,1,0,0,0,lebih byk error saat belajar dan ga bs lanjut ke materi berikutnya,['😔'],1
3,Di QA juga gak ada solusinya gmn nih belajarnya klo error tp ga da solusi di QA ? ,3,1,0,1,0,0,0,0,0,0,Di QA juga gak ada solusinya gmn nih belajarnya klo error tp ga da solusi di QA ?,[],0
4,tolong bila kursus ini lebih baik utk kedepannya 🙏,4,0,1,0,0,0,0,0,1,2,tolong bila kursus ini lebih baik utk kedepannya,['🙏'],1
5,"saya bertanya dari 2 bulan lalu tapi tidak pernah di tanggapi 😫, lebih seru belajar di grup facebook dan youtube",3,1,1,1,0,0,1,0,0,0,"saya bertanya dari 2 bulan lalu tapi tidak pernah di tanggapi , lebih seru belajar di grup facebook dan youtube",['😫'],1
6,Detail sekali 👍,4,0,0,0,0,1,0,1,0,1,Detail sekali,['👍'],1
7,"servernya kurang bagus,,nonton videonya sering loading,jadi kurang bersemangat belajarnya 😫",0,1,0,1,0,0,1,0,0,0,"servernya kurang bagus,,nonton videonya sering loading,jadi kurang bersemangat belajarnya",['😫'],1
8,Tidak jelas 😠,1,1,0,1,1,0,0,0,0,0,Tidak jelas,['😠'],1
9,"pada materi muncul pembelajaran dengan GNS VM, namun dari materi materi sebelumnya masih belum ada pembahasan tentang instalasi GNS VM, sehingga saya bingung 😓",2,0,0,0,1,0,1,0,0,0,"pada materi muncul pembelajaran dengan GNS VM, namun dari materi materi sebelumnya masih belum ada pembahasan tentang instalasi GNS VM, sehingga saya bingung",['😓'],1
10,"penyampaian materi terlalu cepat, langkah penjelasan kurang detail 😔",1,0,0,1,0,0,1,0,0,0,"penyampaian materi terlalu cepat, langkah penjelasan kurang detail",['😔'],1
11,"prakteknya pake komputer os windows, lalu gimana yang laptopnya hanya ada macOs? 😬",0,0,1,0,0,0,1,0,0,2,"prakteknya pake komputer os windows, lalu gimana yang laptopnya hanya ada macOs?",['😬'],1
12,"Mantap, Materinya lengkap,ulasannya sangat bagus dan mendetail 👍",4,0,0,0,0,1,0,0,1,1,"Mantap, Materinya lengkap,ulasannya sangat bagus dan mendetail",['👍'],1
13,nice explain and make better professional certificate 😊,4,0,1,0,0,1,0,0,0,1,nice explain and make better professional certificate,['😊'],1
14,Kurang Lengkap 😔,2,0,0,1,0,0,1,0,0,0,Kurang Lengkap,['😔'],1
15,mentor tidak pernah menjawab pertanyaan saya 😤,3,1,0,0,0,0,1,0,0,0,mentor tidak pernah menjawab pertanyaan saya,['😤'],1
16,"Sebaiknya video pertama mengenai subnetting ini di buat ulang, kesalahan di penjumlahan mengenai 2^7 yang semula disebut 32 sangat menggangu proses pemahaman yg ternyata 2^7 =128 😓",2,1,1,1,0,0,0,0,0,0,"Sebaiknya video pertama mengenai subnetting ini di buat ulang, kesalahan di penjumlahan mengenai 2^7 yang semula disebut 32 sangat menggangu proses pemahaman yg ternyata 2^7 =128",['😓'],1
17,"Sangat cocok, kebetulan saya bekerja di bidang ini 👋",4,0,1,0,0,1,0,0,1,1,"Sangat cocok, kebetulan saya bekerja di bidang ini",['👋'],1
18,tidak di jelaskan dari mana dapat /trafik dan fungsinya 😒,2,0,0,1,0,0,1,0,0,0,tidak di jelaskan dari mana dapat /trafik dan fungsinya,['😒'],1
19,basic materi 😔,2,1,0,1,0,0,1,0,0,0,basic materi,['😔'],1
20,improve lbh intuitif,1,0,1,0,0,0,0,0,0,1,improve lbh intuitif,[],0
21,cara menjelaskannya sangat mudah untuk di fahami,4,0,0,0,0,1,0,0,1,1,cara menjelaskannya sangat mudah untuk di fahami,[],0
22,sangat membantu,4,0,0,0,0,1,0,0,1,1,sangat membantu,[],0
23,kurang greget,1,0,0,1,0,0,1,0,0,0,kurang greget,[],0
24,"bagus, lengkap, rinci sekali, kebetulan dikantor pakai microtic",4,0,0,0,0,1,0,0,1,1,"bagus, lengkap, rinci sekali, kebetulan dikantor pakai microtic",[],0
25,Good,4,0,0,0,0,1,0,0,0,1,Good,[],0
26,Mendetail,4,0,0,0,0,0,0,0,1,1,Mendetail,[],0
27,Mantap,4,0,0,0,0,1,0,0,0,1,Mantap,[],0
28,Sangat jelas,4,0,0,0,0,1,0,0,1,1,Sangat jelas,[],0
29,"bagus, mudah dimengerti",4,0,0,0,0,1,0,0,1,1,"bagus, mudah dimengerti",[],0
30,mudah dimengerti,4,0,0,0,0,1,0,0,0,1,mudah dimengerti,[],0
31,Penjelasan yang sangat kompleks namun untuk respons jawaban dalam pertanyaan seputar course ini tidak direspon dengan baik dan materinya tidak diupdate,3,1,0,1,0,0,1,0,0,0,Penjelasan yang sangat kompleks namun untuk respons jawaban dalam pertanyaan seputar course ini tidak direspon dengan baik dan materinya tidak diupdate,[],0
32,Namun pada kursus ini sudah menjelaskan banyak sekali pembahasan yang sesuai 😘,4,0,0,0,0,1,0,0,1,2,Namun pada kursus ini sudah menjelaskan banyak sekali pembahasan yang sesuai,['😘'],1
33,"Alhamdulillah, pelajaran mudah diterima dan dipahami, dan bermanfaat bagi yang ingin mempelajarinya secara sungguh-sungguh",4,0,0,0,0,1,0,0,1,1,"Alhamdulillah, pelajaran mudah diterima dan dipahami, dan bermanfaat bagi yang ingin mempelajarinya secara sungguh-sungguh",[],0
34,sukses terus untuk pengajarnya 💪,4,0,0,0,0,1,0,0,1,1,sukses terus untuk pengajarnya,['💪'],1
35,Penyampaiannya dan materinya membuat saya mengerti banget 👍,4,0,0,0,0,1,0,0,0,1,Penyampaiannya dan materinya membuat saya mengerti banget,['👍'],1
36,dan pratikumnya juga sangat membantu 😊,4,0,0,0,0,1,0,0,0,1,dan pratikumnya juga sangat membantu,['😊'],1
37,"Sayangnya pengajarnya kurang online di udemy, jadi saya susah sekali utk tanya jawab dengan cepat , kedepannya semoga tanja jawabnya di jawab secepat mungkin , agar yang punya masalah dan tidak mengerti bisa di atasi secara cepat",3,1,1,0,0,0,1,0,0,0,"Sayangnya pengajarnya kurang online di udemy, jadi saya susah sekali utk tanya jawab dengan cepat , kedepannya semoga tanja jawabnya di jawab secepat mungkin , agar yang punya masalah dan tidak mengerti bisa di atasi secara cepat",[],0
38,Terima kasih mas ilmunya ☺,4,0,0,0,0,1,0,0,1,1,Terima kasih mas ilmunya,['☺'],1
39,"materi yang bagus untuk memahami mikrotik untuk level selanjutnya , penjelasan yang detail dan mudah di fahami",4,0,0,0,0,1,0,0,1,1,"materi yang bagus untuk memahami mikrotik untuk level selanjutnya , penjelasan yang detail dan mudah di fahami",[],0
40,"Kursus ini sangat cocok untuk pemula, Yang mungkin ingin mencoba RT RW net maupun dikembangkan menjadi ISP",4,0,1,0,0,1,0,0,1,1,"Kursus ini sangat cocok untuk pemula, Yang mungkin ingin mencoba RT RW net maupun dikembangkan menjadi ISP",[],0
41,Untuk level pembelajaran bisa dibilang beginner dan beberapa materi ada yang intermediate level,4,0,0,0,0,0,0,0,1,2,Untuk level pembelajaran bisa dibilang beginner dan beberapa materi ada yang intermediate level,[],0
42,bahasa instruktur juga sangat mudah dipahami baik itu bagi orang yang sudah familiar dengan jaringan maupun bagi orang awam,4,0,0,0,0,1,0,0,1,1,bahasa instruktur juga sangat mudah dipahami baik itu bagi orang yang sudah familiar dengan jaringan maupun bagi orang awam,[],0
43,"Terima kasih atas coursenya, ada ilmu yang saya pelajari dari sini",4,0,0,0,0,1,0,0,1,1,"Terima kasih atas coursenya, ada ilmu yang saya pelajari dari sini",[],0
44,"kekurangannya pada respon instruktur, namun kendala yang saya hadapi bisa dicari dibrowsing 😋",3,0,1,0,0,0,1,0,0,1,"kekurangannya pada respon instruktur, namun kendala yang saya hadapi bisa dicari dibrowsing",['😋'],1
45,Ada 1 video yang uploadnya kepotong 😒,0,0,0,1,0,0,0,0,0,0,Ada 1 video yang uploadnya kepotong,['😒'],1
46,Agar videonya dicheck kembali 👀,0,0,1,0,0,0,0,0,0,1,Agar videonya dicheck kembali,['👀'],1
47,"Sangat membantu saya dalam memahami dan menggunakan mikrotik, buat teman-teman sekalian yang mungkin mempunyai keinginan yang sama kursus ini sangat saya rekomendasikan",4,0,0,0,0,1,0,0,1,1,"Sangat membantu saya dalam memahami dan menggunakan mikrotik, buat teman-teman sekalian yang mungkin mempunyai keinginan yang sama kursus ini sangat saya rekomendasikan",[],0
48,Meskipun memang terdapat materi yang harus dipelajari sendiri tapi kursus ini sangat banyak membantu dalam praktiknya,4,0,0,0,0,0,0,0,1,1,Meskipun memang terdapat materi yang harus dipelajari sendiri tapi kursus ini sangat banyak membantu dalam praktiknya,[],0
49,"Bagi saya, materinya sangat jelas dan mudah difahami",4,0,0,0,0,1,0,0,0,1,"Bagi saya, materinya sangat jelas dan mudah difahami",[],0
50,"Dengan banyaknya durasi course-nya memang yang dibutuhkan di sini adalah ketelatenan dan kesabaran dalam menyimak dan mempraktikkan course dari tutor, tak hanya sekedar selesai nonton dan dapat sertifikat",4,0,1,0,0,0,0,0,1,1,"Dengan banyaknya durasi course-nya memang yang dibutuhkan di sini adalah ketelatenan dan kesabaran dalam menyimak dan mempraktikkan course dari tutor, tak hanya sekedar selesai nonton dan dapat sertifikat",[],0
51,"chat terkait pertanyaan ny tolong dibalas min, terima kasih",3,1,0,0,0,0,1,0,0,2,"chat terkait pertanyaan ny tolong dibalas min, terima kasih",[],0
52,Kursus ini memberikan banyak contoh kasus nyata yang kebanyakan kita temui dan membantu saya untuk membangun jaringan,4,0,0,0,0,1,0,0,1,1,Kursus ini memberikan banyak contoh kasus nyata yang kebanyakan kita temui dan membantu saya untuk membangun jaringan,[],0
53,Banyak tutorial tersebar di Internet dan saya merasa kursus ini juga tidak kalah karena pemberian pembelajaran dan solusi yang sangat jelas untuk menyelesaikan masalah yang lumrah,4,0,0,0,0,0,0,0,1,1,Banyak tutorial tersebar di Internet dan saya merasa kursus ini juga tidak kalah karena pemberian pembelajaran dan solusi yang sangat jelas untuk menyelesaikan masalah yang lumrah,[],0
54,Bagian yang tersulit bagi saya selama ini adalah konsep mempelajari Menu Firewall akhirnya saya bisa mengerti dan paham berdasarkan penjelasan yang diberikan,2,0,1,0,0,1,0,0,0,2,Bagian yang tersulit bagi saya selama ini adalah konsep mempelajari Menu Firewall akhirnya saya bisa mengerti dan paham berdasarkan penjelasan yang diberikan,[],0
55,Plus ada hal baru yang saya pahami lagi disini ternyata koneksi beda network bisa juga dilakukan dengan menu dari firewall chain forward,2,0,0,0,0,1,0,1,0,2,Plus ada hal baru yang saya pahami lagi disini ternyata koneksi beda network bisa juga dilakukan dengan menu dari firewall chain forward,[],0
56,"tutorial ini terbaik dan sangat membantu saya,",4,0,0,0,0,1,0,0,0,1,"tutorial ini terbaik dan sangat membantu saya,",[],0
57,"Terima kasih atas videonya penjelasanya sangat jelas, dan mudah dipahami",4,0,0,0,0,1,0,0,0,1,"Terima kasih atas videonya penjelasanya sangat jelas, dan mudah dipahami",[],0
58,"Sedikit masukan, untuk pelajaranya bbrp ada yang masih di ulang2 dan di jadikan video, jadi saran saya untuk dikurangin pengulangan nya",2,0,1,0,0,0,0,0,0,2,"Sedikit masukan, untuk pelajaranya bbrp ada yang masih di ulang2 dan di jadikan video, jadi saran saya untuk dikurangin pengulangan nya",[],0
59,terima kasih,4,0,0,0,0,1,0,0,0,2,terima kasih,[],0
60,"Pembelajaran ini dapat diikuti dengan baik, disampaikan secara terstruktur dan runut , sangat membantu untuk menambah pemahaman mengenai network menggunakan mikrotik",4,0,0,0,0,1,0,0,1,1,"Pembelajaran ini dapat diikuti dengan baik, disampaikan secara terstruktur dan runut , sangat membantu untuk menambah pemahaman mengenai network menggunakan mikrotik",[],0
61,alhamdulillah cocok dan banyak ilmu baru mengenai mikrotik yang baru saya dapatkan pada kursus ini 👏,4,0,0,0,0,1,0,0,1,1,alhamdulillah cocok dan banyak ilmu baru mengenai mikrotik yang baru saya dapatkan pada kursus ini,['👏'],1
62,mudah di pahami dan sangat sanggat membantu untuk yang awam atau yang masih belajar mikrotik untuk pemula 👏,4,0,0,0,0,1,0,0,0,1,mudah di pahami dan sangat sanggat membantu untuk yang awam atau yang masih belajar mikrotik untuk pemula,['👏'],1
63,"Untuk yang belajar dari 0 saya rasa cukup sulit memahami setiap pengenalan kata seperti router,gateway,bridge,firewall,nat,route,interface,dhcp",2,0,0,0,0,0,1,0,0,0,"Untuk yang belajar dari 0 saya rasa cukup sulit memahami setiap pengenalan kata seperti router,gateway,bridge,firewall,nat,route,interface,dhcp",[],0
64,"Saran agar dibuat analaogi ketika menjelaskan agar lebih mudah dipahami jika kita tidak ada dasar di dalam networking,terima kasih 🙏",1,0,1,0,0,0,0,0,0,1,"Saran agar dibuat analaogi ketika menjelaskan agar lebih mudah dipahami jika kita tidak ada dasar di dalam networking,terima kasih",['🙏'],1
65,"Materi bagus, penyampaian baik",4,0,0,0,0,1,0,0,0,1,"Materi bagus, penyampaian baik",[],0
66,Mungkin kalau menggunakan perangkat asli jadi lebih bagus dibandingkan GNS3,0,0,1,0,0,0,0,0,0,2,Mungkin kalau menggunakan perangkat asli jadi lebih bagus dibandingkan GNS3,[],0
67,Mohon di bantu jika kami mengalami kendala,3,0,1,0,0,0,0,0,1,2,Mohon di bantu jika kami mengalami kendala,[],0
68,Masih kurang lengkap dan belum update,2,0,0,1,0,0,1,0,0,0,Masih kurang lengkap dan belum update,[],0
69,Mohon diupdate kembali materinya,2,0,1,0,0,0,0,0,0,2,Mohon diupdate kembali materinya,[],0
70,Kalau pemateri lebih santai dan pelan dalam step2 nya bakal lebih sempurna,1,0,1,0,0,0,0,0,1,1,Kalau pemateri lebih santai dan pelan dalam step2 nya bakal lebih sempurna,[],0
71,"Tutorial Yang Singkat Tapi Berbobot, Cara Penyampain Pengajar Sangat Mudah Dipahami, Sangat bermanfaat dan membantu di lingkungan kerja dan Terutama Untuk Masyarakat",4,0,0,0,0,1,0,0,1,1,"Tutorial Yang Singkat Tapi Berbobot, Cara Penyampain Pengajar Sangat Mudah Dipahami, Sangat bermanfaat dan membantu di lingkungan kerja dan Terutama Untuk Masyarakat",[],0
72,Sangat membantu tidak hanya dalam mempelajari Mikrotik tapi juga dunia Jaringan Komputer,4,0,0,0,0,1,0,0,1,1,Sangat membantu tidak hanya dalam mempelajari Mikrotik tapi juga dunia Jaringan Komputer,[],0
73,Terima kasih untuk pembelajarannya,4,0,0,0,0,1,0,0,1,2,Terima kasih untuk pembelajarannya,[],0
74,Recomended! Penyampaian materi juga bagus,4,0,0,0,0,1,0,0,1,1,Recomended! Penyampaian materi juga bagus,[],0
75,Mudah dimengerti untuk penjelasannya,4,0,0,0,0,1,0,0,1,1,Mudah dimengerti untuk penjelasannya,[],0
76,"simple bagus materinya, terimakasih",4,0,0,0,0,1,0,0,1,1,"simple bagus materinya, terimakasih",[],0
77,sejauh ini saya cukup senang dengan materi yang disampaikan,4,0,0,0,0,1,0,0,0,1,sejauh ini saya cukup senang dengan materi yang disampaikan,[],0
78,sangat membantu untuk pemula,4,0,0,0,0,1,0,0,1,1,sangat membantu untuk pemula,[],0
79,Penjelasan yang sangat lengkap dalam semua videonya,4,0,0,0,0,1,0,0,1,1,Penjelasan yang sangat lengkap dalam semua videonya,[],0
80,ye this tutorial is match for me,4,0,0,0,0,1,0,0,0,1,ye this tutorial is match for me,[],0
81,Materi Kursus Cukup Lengkap Dengan Biaya Terjangkau,4,0,0,0,0,1,0,0,1,1,Materi Kursus Cukup Lengkap Dengan Biaya Terjangkau,[],0
82,Terima kasih,4,0,0,0,0,1,0,0,1,2,Terima kasih,[],0
83,The lesson was satisfying,4,0,0,0,0,1,0,0,0,1,The lesson was satisfying,[],0
84,Good Teaching technique,4,0,0,0,0,1,0,0,1,1,Good Teaching technique,[],0
85,jadi lebih memahami kasus subneting 😎,4,0,0,0,0,1,0,0,1,2,jadi lebih memahami kasus subneting,['😎'],1
86,"Jadi tau cara menemuka total IP, IP network, IP broadcast dan IP range 😎",4,0,0,0,0,1,0,0,1,2,"Jadi tau cara menemuka total IP, IP network, IP broadcast dan IP range",['😎'],1
87,"Tau perbedaan hub, Switch, dan router, tau cara praktek mikrotik dengan pake virtual",4,0,0,0,0,1,0,0,1,2,"Tau perbedaan hub, Switch, dan router, tau cara praktek mikrotik dengan pake virtual",[],0
88,Mantapp mudah dimengerti,4,0,0,0,0,1,0,0,0,1,Mantapp mudah dimengerti,[],0
89,penjelasaanya sangat mudah dipahami,4,0,0,0,0,1,0,0,1,1,penjelasaanya sangat mudah dipahami,[],0
90,dapat dipahami dengan bahasa yg sederhana,4,0,0,0,0,1,0,0,1,1,dapat dipahami dengan bahasa yg sederhana,[],0
91,sangat cocok dengan waktu saya saya bisa mengulang kapan saja,4,0,0,0,0,1,0,0,1,1,sangat cocok dengan waktu saya saya bisa mengulang kapan saja,[],0
92,trainer make every lesson easy to be understood,4,0,0,0,0,1,0,0,1,1,trainer make every lesson easy to be understood,[],0
93,Penjelasannya simpel dan disertai contoh yg jelas,4,0,0,0,0,1,0,0,1,1,Penjelasannya simpel dan disertai contoh yg jelas,[],0
94,mantap,4,0,0,0,0,1,0,0,0,1,mantap,[],0
95,Good trainer,4,0,0,0,0,1,0,0,1,1,Good trainer,[],0
96,Padat dan jelas,4,0,0,0,0,1,0,0,1,1,Padat dan jelas,[],0
97,"Menambah ilmu baru dari, pembelajaran sangat mudah untuk di pahami dan lebih mudah mengimplementasikan settingan pada mikrotik di lapangan",4,0,0,0,0,1,0,0,1,1,"Menambah ilmu baru dari, pembelajaran sangat mudah untuk di pahami dan lebih mudah mengimplementasikan settingan pada mikrotik di lapangan",[],0
98,saya harap ilmu ini dapat bermanfaat di baik untuk sendiri maupun orang lain,4,0,1,0,0,1,0,0,1,1,saya harap ilmu ini dapat bermanfaat di baik untuk sendiri maupun orang lain,[],0
99,Penjelasan mengenai subnating sangat jelas,4,0,0,0,0,1,0,0,1,1,Penjelasan mengenai subnating sangat jelas,[],0
100,Sejauh ini cukup jelas untuk penjelasan IP dan subnetting,4,0,0,0,0,1,0,0,1,2,Sejauh ini cukup jelas untuk penjelasan IP dan subnetting,[],0
101,"Materinya bagus, penjelasannya juga jelas",4,0,0,0,0,1,0,0,1,1,"Materinya bagus, penjelasannya juga jelas",[],0
102,OKE punyalah 👍,4,0,0,0,0,1,0,1,0,1,OKE punyalah,['👍'],1
103,Cuman kalau bisa buatin group dong…,0,0,1,0,0,0,0,0,0,2,Cuman kalau bisa buatin group dong…,[],0
104,Iya penjelasannya sangat bagus dan mudah dimengerti,4,0,0,0,0,1,0,0,1,1,Iya penjelasannya sangat bagus dan mudah dimengerti,[],0
105,bagus informatif mudah dipahami,4,0,0,0,0,1,0,0,1,1,bagus informatif mudah dipahami,[],0
106,Penjelasan mudah dipahami,4,0,0,0,0,1,0,0,1,1,Penjelasan mudah dipahami,[],0
107,Good,4,0,0,0,0,1,0,0,0,1,Good,[],0
108,sangat cocok,4,0,0,0,0,1,0,0,0,1,sangat cocok,[],0
109,nice,4,0,0,0,0,1,0,0,0,1,nice,[],0
110,oke sip,4,0,0,0,0,1,0,0,0,1,oke sip,[],0
111,well explaination and easy to understand,4,0,0,0,0,1,0,0,1,1,well explaination and easy to understand,[],0
112,"penjelasanya cukup mudah di mengerti, dan tidak terlalu cepat saat menjelaskan materi",4,0,0,0,0,1,0,0,1,1,"penjelasanya cukup mudah di mengerti, dan tidak terlalu cepat saat menjelaskan materi",[],0
113,Great,4,0,0,0,0,1,0,0,0,1,Great,[],0
114,penjelasan cukum jelas,4,0,0,0,0,1,0,0,0,1,penjelasan cukum jelas,[],0
115,Cocok karena saya masih awam tentang jaringan mikrotik,4,0,1,0,0,0,0,0,1,1,Cocok karena saya masih awam tentang jaringan mikrotik,[],0
116,penjelasan yang sangat jelas,4,0,0,0,0,1,0,0,1,1,penjelasan yang sangat jelas,[],0
117,penjelasannya simpel mudah diengerti ko,4,0,0,0,0,1,0,0,1,1,penjelasannya simpel mudah diengerti ko,[],0
118,amazing,4,0,0,0,0,1,0,1,0,1,amazing,[],0
119,Pengetahuann baru soal IP Address dan subnett,4,0,0,0,0,1,0,0,1,2,Pengetahuann baru soal IP Address dan subnett,[],0
120,MANTEP 😄,4,0,0,0,0,1,0,0,0,1,MANTEP,['😄'],1
121,Sangat mudah dimengerti dan dipahami,4,0,0,0,0,1,0,0,1,1,Sangat mudah dimengerti dan dipahami,[],0
122,very clear and interrested,4,0,0,0,0,1,0,0,1,1,very clear and interrested,[],0
123,lumayan senang,4,0,0,0,0,1,0,0,0,1,lumayan senang,[],0
124,Penjelasan sangat jelas,4,0,0,0,0,1,0,0,1,1,Penjelasan sangat jelas,[],0
125,"bagus, sesuai harapan saya",4,0,0,0,0,1,0,0,0,1,"bagus, sesuai harapan saya",[],0
126,utk sampai sekarang sangat mudah di pahami penjelasan nya,4,0,0,0,0,1,0,0,1,1,utk sampai sekarang sangat mudah di pahami penjelasan nya,[],0
127,Good 😄,4,0,0,0,0,1,0,0,0,1,Good,['😄'],1
128,"LEBIH PAHAM, DENGAN PENJELASANN NYA, TERIMAKASIH",4,0,0,0,0,1,0,0,1,1,"LEBIH PAHAM, DENGAN PENJELASANN NYA, TERIMAKASIH",[],0
129,Good 😄,4,0,0,0,0,1,0,0,0,1,Good,['😄'],1
130,mantap 😄,4,0,0,0,0,1,0,0,0,1,mantap,['😄'],1
131,simple,4,0,0,0,0,1,0,0,0,1,simple,[],0
132,"cukup bagus,cuma suara kurang jelas sedikit",1,1,0,0,0,0,1,0,0,1,"cukup bagus,cuma suara kurang jelas sedikit",[],0
133,sangat membantu,4,0,0,0,0,1,0,0,1,1,sangat membantu,[],0
134,mantap buat tambahan pengetahuan,4,0,1,0,0,1,0,0,0,1,mantap buat tambahan pengetahuan,[],0
135,ilmunya sangat bermanfaat dan detail sekali penjelasannya 😍,4,0,0,0,0,1,0,0,1,1,ilmunya sangat bermanfaat dan detail sekali penjelasannya,['😍'],1
136,Mantap sangat membantu untuk pemula,4,0,0,0,0,1,0,0,1,1,Mantap sangat membantu untuk pemula,[],0
137,"Sangat bagus untuk user yang ingin mengerti mikrotik, belajar course ini sudah memiliki pengetahuan yang lumayan baik dalam mikrotik",4,0,1,0,0,1,0,0,1,1,"Sangat bagus untuk user yang ingin mengerti mikrotik, belajar course ini sudah memiliki pengetahuan yang lumayan baik dalam mikrotik",[],0
138,Mantap,4,0,0,0,0,1,0,0,0,1,Mantap,[],0
139,Penjelasan clear dan to the point,4,0,0,0,0,1,0,0,1,2,Penjelasan clear dan to the point,[],0
140,"penyampaian mudah difahami,terimakasih",4,0,0,0,0,1,0,0,1,1,"penyampaian mudah difahami,terimakasih",[],0
141,Kursus ini sangat cocok untuk saya sebagai pemula dalam mempelajari mikrotik,4,0,1,0,0,1,0,0,1,1,Kursus ini sangat cocok untuk saya sebagai pemula dalam mempelajari mikrotik,[],0
142,Kursus ini menuntun saya tahap demi tahap sehingga saya dapat memahami materi yang telah saya pelajari,4,0,1,0,0,1,0,0,1,2,Kursus ini menuntun saya tahap demi tahap sehingga saya dapat memahami materi yang telah saya pelajari,[],0
143,bagus banget,4,0,0,0,0,1,0,0,0,1,bagus banget,[],0
144,sangat bisa dimengerti penjelasannya,4,0,0,0,0,1,0,0,1,1,sangat bisa dimengerti penjelasannya,[],0
145,penjelasan lumayan detail jadi mudah di pahami,4,0,0,0,0,1,0,0,1,1,penjelasan lumayan detail jadi mudah di pahami,[],0
146,Penjelasannya sangat bagus,4,0,0,0,0,1,0,0,1,1,Penjelasannya sangat bagus,[],0
147,sangat berguna sekali vidionya untuk pemula,4,0,1,0,0,1,0,0,1,1,sangat berguna sekali vidionya untuk pemula,[],0
148,pejelasan bagus dan mudah dimengerti,4,0,0,0,0,1,0,0,1,1,pejelasan bagus dan mudah dimengerti,[],0
149,"alhamdulillah, cara penyampaian/ menerangkan materi sangat baik, sehingga saya sebagai pemula bisa memahaminya sedikit demi sedikit",4,0,1,0,0,1,0,0,1,1,"alhamdulillah, cara penyampaian/ menerangkan materi sangat baik, sehingga saya sebagai pemula bisa memahaminya sedikit demi sedikit",[],0
150,very good,4,0,0,0,0,1,0,0,0,1,very good,[],0
151,Jelas dan mudah dipahami,4,0,0,0,0,1,0,0,1,1,Jelas dan mudah dipahami,[],0
152,thanks,4,0,0,0,0,1,0,0,0,2,thanks,[],0
153,sangat membantu dan cocok,4,0,0,0,0,1,0,0,1,1,sangat membantu dan cocok,[],0
154,"Keren, Good, penjelasan mudah dipahami",4,0,0,0,0,1,0,0,1,1,"Keren, Good, penjelasan mudah dipahami",[],0
155,Mudah dipahami,4,0,0,0,0,1,0,0,1,1,Mudah dipahami,[],0
156,mantap makin paham fungsi dari mikrotik,4,0,1,0,0,1,0,0,0,1,mantap makin paham fungsi dari mikrotik,[],0
157,Sebagai pemula saya rasa penjelasan sangat mudah dipahami,4,0,0,0,0,1,0,0,1,1,Sebagai pemula saya rasa penjelasan sangat mudah dipahami,[],0
158,mudah dimengerti,4,0,0,0,0,1,0,0,0,1,mudah dimengerti,[],0
159,Menyenangkan,4,0,0,0,0,1,0,0,0,1,Menyenangkan,[],0
160,dengan tutorial yang diberikan sangat jelas dan ringkas tak sabar untuk segera menuntaskan cousrse ini,4,0,1,0,0,1,0,0,0,1,dengan tutorial yang diberikan sangat jelas dan ringkas tak sabar untuk segera menuntaskan cousrse ini,[],0
161,"sangat jelas dan mudah di pahami, terimakasih",4,0,0,0,0,1,0,0,1,1,"sangat jelas dan mudah di pahami, terimakasih",[],0
162,materi yang dibawakan mudah dipahami bagi pemula seperti saya,4,0,0,0,0,1,0,0,1,1,materi yang dibawakan mudah dipahami bagi pemula seperti saya,[],0
163,Good explanation,4,0,0,0,0,1,0,0,1,1,Good explanation,[],0
164,Mantap,4,0,0,0,0,1,0,0,0,1,Mantap,[],0
165,penjelasannya sangat mudah dipahami,4,0,0,0,0,1,0,0,1,1,penjelasannya sangat mudah dipahami,[],0
166,penjelasan mudah di pahami,4,0,0,0,0,1,0,0,1,1,penjelasan mudah di pahami,[],0
167,Mantap,4,0,0,0,0,1,0,0,0,1,Mantap,[],0
168,Trimakasih,4,0,0,0,0,1,0,0,0,2,Trimakasih,[],0
169,"on the first time learning fundamental networking, it was good",4,0,1,0,0,1,0,0,0,1,"on the first time learning fundamental networking, it was good",[],0
170,"Penyampaian nya yang sangat jelas, padat, dan materi yang diberikan sangat terstruktur",4,0,0,0,0,1,0,0,1,1,"Penyampaian nya yang sangat jelas, padat, dan materi yang diberikan sangat terstruktur",[],0
171,"Dari dasar pengenalan IP hingga belajar ke tunnel, routing, dsb  👍",4,0,0,0,0,1,0,0,1,1,"Dari dasar pengenalan IP hingga belajar ke tunnel, routing, dsb",['👍'],1
172,"Hanya saja, instruktur tidak menjawab pertanyaan yg saya tanyakan, harapan kedepannya yang bertanya cepat di respon",3,1,0,0,0,0,1,0,0,1,"Hanya saja, instruktur tidak menjawab pertanyaan yg saya tanyakan, harapan kedepannya yang bertanya cepat di respon",[],0
173,"Materinya bagus dan penyampaiannya dapat dipahami, tinggal mengulang lagi agar lebih paham pada prakteknya",4,0,0,0,0,1,0,0,1,1,"Materinya bagus dan penyampaiannya dapat dipahami, tinggal mengulang lagi agar lebih paham pada prakteknya",[],0
174,"Terima kasih Mas Rosid, tetap semangat dalam berbagi ilmu",4,0,0,0,0,1,0,0,1,1,"Terima kasih Mas Rosid, tetap semangat dalam berbagi ilmu",[],0
175,"Mantap, mudah di pahami",4,0,0,0,0,1,0,0,0,1,"Mantap, mudah di pahami",[],0
176,hanya saja pada bagian hotspot kurang detail lagi fitur2nya,2,1,0,0,0,0,0,0,0,0,hanya saja pada bagian hotspot kurang detail lagi fitur2nya,[],0
177,"System belajar mudah dipahami, akhirnya bisa paham apa itu IP adress dan IP brodcast karna sering melihat angka itu di komputer",4,0,1,0,0,1,0,0,1,1,"System belajar mudah dipahami, akhirnya bisa paham apa itu IP adress dan IP brodcast karna sering melihat angka itu di komputer",[],0
178,Saya jadi mengerti arti bahasa/istilah2 dalam networking yang sebelumnya sudah sering melihat tapi belum tau maksud atau kegunaan nya,4,0,1,0,0,1,0,0,0,1,Saya jadi mengerti arti bahasa/istilah2 dalam networking yang sebelumnya sudah sering melihat tapi belum tau maksud atau kegunaan nya,[],0
179,"akhirnya saya mengerti, penjelasannya sangat lengkap dan mudah dimengerti 😉",4,0,1,0,0,1,0,0,1,1,"akhirnya saya mengerti, penjelasannya sangat lengkap dan mudah dimengerti",['😉'],1
180,Silabus nya sudah mirip dengan kursus mikrotik yg mahal / kursus resmi mikrotik certified 👍,4,0,0,0,0,1,0,1,1,1,Silabus nya sudah mirip dengan kursus mikrotik yg mahal / kursus resmi mikrotik certified,['👍'],1
181,doakan mudahan saya bisa tembus sertifikat internasional nya,4,0,1,0,0,0,0,0,0,2,doakan mudahan saya bisa tembus sertifikat internasional nya,[],0
182,"simple, penjelasan dengan konsep yang sangat detail & mudah untuk dipahami",4,0,0,0,0,1,0,0,1,1,"simple, penjelasan dengan konsep yang sangat detail & mudah untuk dipahami",[],0
183,terima kasih,4,0,0,0,0,1,0,0,0,1,terima kasih,[],0
184,Kursus ini memberikan banyak sekali pelatihan dan informasi yang membantu saya untuk bisa lebih mengembangkan diri saya untuk mendalami Network dan yang lainnya,4,0,1,0,0,1,0,0,1,1,Kursus ini memberikan banyak sekali pelatihan dan informasi yang membantu saya untuk bisa lebih mengembangkan diri saya untuk mendalami Network dan yang lainnya,[],0
185,Excellent!! I hope there will be mikrotik course for advance in the future  🙏,4,0,0,0,0,1,0,0,1,1,Excellent!! I hope there will be mikrotik course for advance in the future,['🙏'],1
186,"Materi dan penjelasannya mudah dipahami dan sangat mudah untuk dipraktekkan, mudah2n ilmu yg saya dapatkan bermanfaat dan barokah",4,0,0,0,0,1,0,0,1,1,"Materi dan penjelasannya mudah dipahami dan sangat mudah untuk dipraktekkan, mudah2n ilmu yg saya dapatkan bermanfaat dan barokah",[],0
187,Penjelasan yang mudah dipahami apalagi saya awam dibidang IT,4,0,0,0,0,1,0,0,1,1,Penjelasan yang mudah dipahami apalagi saya awam dibidang IT,[],0
188,"sangat bagus, dan saya sangat merasa terbantu dengan adanya platfom seperti ini, diluar saya kursus sangat mahal, trimakasih banyak",4,0,1,0,0,1,0,0,0,1,"sangat bagus, dan saya sangat merasa terbantu dengan adanya platfom seperti ini, diluar saya kursus sangat mahal, trimakasih banyak",[],0
189,penjelasannya bagus,4,0,0,0,0,1,0,0,1,1,penjelasannya bagus,[],0
190,berharap ada kelas lanjutan lagi biar bisa belajar lagi,4,0,1,0,0,0,0,0,0,2,berharap ada kelas lanjutan lagi biar bisa belajar lagi,[],0
191,yes sangat membantu dalam hal dasar jaringan,4,0,0,0,0,1,0,0,1,1,yes sangat membantu dalam hal dasar jaringan,[],0
192,Tutor sangat detail dalam menjelaskan,4,0,0,0,0,1,0,0,1,1,Tutor sangat detail dalam menjelaskan,[],0
193,Semoga ilmu yg diajarkan bermanfaat bagi semua murid murid,4,0,1,0,0,1,0,0,1,1,Semoga ilmu yg diajarkan bermanfaat bagi semua murid murid,[],0
194,kalau bisa dibuatkan grup untuk silaturahmi dan bertanya untuk semua alumni agar membangun jaringan bidang IT network,3,0,1,0,0,0,0,0,0,2,kalau bisa dibuatkan grup untuk silaturahmi dan bertanya untuk semua alumni agar membangun jaringan bidang IT network,[],0
195,Sangat bermanfaat dan aplikatif,4,0,0,0,0,1,0,0,1,1,Sangat bermanfaat dan aplikatif,[],0
196,Terima kasih atas ilmu yang diberikan,4,0,0,0,0,1,0,0,1,2,Terima kasih atas ilmu yang diberikan,[],0
197,"Terima kasih banyak, ilmu yang sangat bermanfaat, semoga diberkahi",4,0,1,0,0,1,0,0,1,1,"Terima kasih banyak, ilmu yang sangat bermanfaat, semoga diberkahi",[],0
198,Penjelasan lugas dan mudah dipahami bagi pemula network enginer,4,0,0,0,0,1,0,0,1,1,Penjelasan lugas dan mudah dipahami bagi pemula network enginer,[],0
199,"Sangat mudah penjelasan yang dipaparkan dalam video ini, Materi mudah di mengerti",4,0,0,0,0,1,0,0,1,1,"Sangat mudah penjelasan yang dipaparkan dalam video ini, Materi mudah di mengerti",[],0
200,"Mantap, I like this courses",4,0,0,0,0,1,0,0,0,1,"Mantap, I like this courses",[],0
201,"Terima kasih banyak, pembelajaran yang baik dan mudah dipahami",4,0,0,0,0,1,0,0,1,1,"Terima kasih banyak, pembelajaran yang baik dan mudah dipahami",[],0
202,"coursenya sangat bagus, penjelasan materinya juga mudah dimengerti",4,0,0,0,0,1,0,0,1,1,"coursenya sangat bagus, penjelasan materinya juga mudah dimengerti",[],0
203,terima kasih ilmunya,4,0,0,0,0,1,0,0,1,2,terima kasih ilmunya,[],0
204,penjelasan detail dan sangat mudah dimengerti,4,0,0,0,0,1,0,0,1,1,penjelasan detail dan sangat mudah dimengerti,[],0
205,Bagus perjelasan detail mudah di mengerti,4,0,0,0,0,1,0,0,1,1,Bagus perjelasan detail mudah di mengerti,[],0
206,bagus dan penjelasan sangat jelas dan membantu memahami yang belum di pahami,4,0,0,0,0,1,0,0,1,1,bagus dan penjelasan sangat jelas dan membantu memahami yang belum di pahami,[],0
207,terima kasih! sangat menyenangkan sekali bisa mengikuti kursus mikrotik disini,4,0,0,0,0,1,0,0,1,1,terima kasih! sangat menyenangkan sekali bisa mengikuti kursus mikrotik disini,[],0
208,penyampaian materi yang to the point membuat lebih paham isi materi tersebut ☺,4,0,0,0,0,1,0,1,0,1,penyampaian materi yang to the point membuat lebih paham isi materi tersebut,['☺'],1
209,untuk penulisan materinya kurang rapi jadi agak bingung untuk memahinya,4,0,0,0,0,0,1,0,0,0,untuk penulisan materinya kurang rapi jadi agak bingung untuk memahinya,[],0
210,untuk penyampaian materi sudah cukup dan mudah dimengerti,4,0,0,0,0,1,0,0,1,1,untuk penyampaian materi sudah cukup dan mudah dimengerti,[],0
211,"Terima kasih, materinya sangat mudah dipahami dan sangat berguna dalam pekerjaan",4,0,0,0,0,1,0,0,1,1,"Terima kasih, materinya sangat mudah dipahami dan sangat berguna dalam pekerjaan",[],0
212,Penjelasan dan materi yang disajikan terarah dan jelas,4,0,0,0,0,1,0,0,1,2,Penjelasan dan materi yang disajikan terarah dan jelas,[],0
213,Mantab,4,0,0,0,0,1,0,0,0,1,Mantab,[],0
214,Bagus dan saya ingin mengikuti sertifikasi nya,4,0,1,0,0,1,0,0,1,2,Bagus dan saya ingin mengikuti sertifikasi nya,[],0
215,"Terimaksaih semuaya, wabil khusus Udemy dan Guru Tutor sangat baik sekali, Best of is the best pokoknya kursus di Udemy dengan Pemateri yang Profesional dan Kompeten",4,0,1,0,0,1,0,0,1,1,"Terimaksaih semuaya, wabil khusus Udemy dan Guru Tutor sangat baik sekali, Best of is the best pokoknya kursus di Udemy dengan Pemateri yang Profesional dan Kompeten",[],0
216,Cara penyampaian materinya sangat mudah di mengerti dan sejauh ini saya sudah memahami sebagian besar materi yg di sampaikan,4,0,0,0,0,1,0,0,1,1,Cara penyampaian materinya sangat mudah di mengerti dan sejauh ini saya sudah memahami sebagian besar materi yg di sampaikan,[],0
217,Saya sangat tertarik bagaimana cara mengajarkan menghitung ip&subnetmask,4,0,1,0,0,0,0,0,1,1,Saya sangat tertarik bagaimana cara mengajarkan menghitung ip&subnetmask,[],0
218,ketika saya duduk di bangku sekolah jurusan tehnik komputer dan jaringan saya selalu kesusahan untuk mencernah bagaimana cara menghitung subnetmask ternyata ada cara yang menurut saya sangat mudah dimengerti benar benar luar biasa,4,0,0,0,0,1,0,0,1,1,ketika saya duduk di bangku sekolah jurusan tehnik komputer dan jaringan saya selalu kesusahan untuk mencernah bagaimana cara menghitung subnetmask ternyata ada cara yang menurut saya sangat mudah dimengerti benar benar luar biasa,[],0
219,Kursus ini sangat membantu saya dalam mendalami mikrotik,4,0,0,0,0,1,0,0,1,1,Kursus ini sangat membantu saya dalam mendalami mikrotik,[],0
220,penjelasan sangat detail dan mudah dimengerti,4,0,0,0,0,1,0,0,1,1,penjelasan sangat detail dan mudah dimengerti,[],0
221,pokokknya joossss banget hehe,4,0,0,0,0,1,0,1,0,1,pokokknya joossss banget hehe,[],0
222,Excelent Explaination from the instructure,4,0,0,0,0,1,0,0,1,1,Excelent Explaination from the instructure,[],0
223,"i hope, after this course, i can do implementation about what i learn",4,0,1,0,0,0,0,0,1,1,"i hope, after this course, i can do implementation about what i learn",[],0
224,Penjelasan cukup details dan mudah dimengerti,4,0,0,0,0,1,0,0,1,1,Penjelasan cukup details dan mudah dimengerti,[],0
225,Terima kasih,4,0,0,0,0,1,0,0,0,2,Terima kasih,[],0
226,Penjelasanya singkat namun sangan jelas sekali,4,0,0,0,0,1,0,0,1,1,Penjelasanya singkat namun sangan jelas sekali,[],0
227,Mantap pak,4,0,0,0,0,1,0,0,0,1,Mantap pak,[],0
228,saya jadi banyak tau tentang mikrotik 🙂,4,0,0,0,0,1,0,1,1,1,saya jadi banyak tau tentang mikrotik,['🙂'],1
229,"Simple, To The Point, Best! 👍",4,0,0,0,0,1,0,0,0,1,"Simple, To The Point, Best!",['👍'],1
230,cocok untuk yang masih pemula di mikrotik 🙂,4,0,1,0,0,1,0,0,1,1,cocok untuk yang masih pemula di mikrotik,['🙂'],1
231,Pemateri sangat berhati-hati dalam memberikan penjelasan 🙏,4,0,0,0,0,1,0,0,1,1,Pemateri sangat berhati-hati dalam memberikan penjelasan,['🙏'],1
232,"Materinya lengkap, padat, dan mudah dipahami 😄",4,0,0,0,0,1,0,0,1,1,"Materinya lengkap, padat, dan mudah dipahami",['😄'],1
233,Alhamdulillah terima kasih banyak ilmunya 🤲,4,0,1,0,0,1,0,0,1,1,Alhamdulillah terima kasih banyak ilmunya,['🤲'],1
234,Materi ini lebih bagus dibandingkan yang banyak diajarkan di Youtube 👏,4,0,0,0,0,1,0,0,1,1,Materi ini lebih bagus dibandingkan yang banyak diajarkan di Youtube,['👏'],1
235,Sangat baik penjelasannya 🙂,4,0,0,0,0,1,0,0,1,1,Sangat baik penjelasannya,['🙂'],1
236,Dan semoga makin banyak materi yang dibuat 🙏,4,0,1,0,0,0,0,0,1,2,Dan semoga makin banyak materi yang dibuat,['🙏'],1
237,Ilmu dasarnya sudah dimengerti dan Sebagian sudah saya praktekan ke mikrotik 👍,4,0,0,0,0,1,0,0,1,2,Ilmu dasarnya sudah dimengerti dan Sebagian sudah saya praktekan ke mikrotik,['👍'],1
238,Penjelasan cukup baik saya bisa mengikutinya dengan mudah 😌,4,0,0,0,0,1,0,0,1,1,Penjelasan cukup baik saya bisa mengikutinya dengan mudah,['😌'],1
239,"Great,Menerangkan dengan jelas 😃",4,0,0,0,0,1,0,0,0,1,"Great,Menerangkan dengan jelas",['😃'],1
240,ilmunya sangat berguna dan mudah untuk dipahami dalam belajar di mikrotik,4,0,0,0,0,1,0,0,1,1,ilmunya sangat berguna dan mudah untuk dipahami dalam belajar di mikrotik,[],0
241,mudah dipelajari dan materi yang disampaikan sangat solutif 🙂,4,0,0,0,0,1,0,0,1,1,mudah dipelajari dan materi yang disampaikan sangat solutif,['🙂'],1
242,ilmu yang bermanfaat 👍,4,0,0,0,0,1,0,0,0,1,ilmu yang bermanfaat,['👍'],1
243,Setelah sampai disini lebih banyak mengenal kelebihan-kelebihan di mikrotik 😊,4,0,1,0,0,1,0,0,1,1,Setelah sampai disini lebih banyak mengenal kelebihan-kelebihan di mikrotik,['😊'],1
244,sangat bermanfaat 🙌,4,0,0,0,0,1,0,0,0,1,sangat bermanfaat,['🙌'],1
245,mantull poll semoga semakin ahli 😄,4,0,1,0,0,1,0,0,1,1,mantull poll semoga semakin ahli,['😄'],1
246,"Alhamdulillah saya mendapatkan ilmu baru tentang Mikrotik, terima kasih instructor 🤲",4,0,1,0,0,1,0,0,1,1,"Alhamdulillah saya mendapatkan ilmu baru tentang Mikrotik, terima kasih instructor",['🤲'],1
247,"penjabaran yang sangat luar biasa ,jelas ,padat berisi",4,0,0,0,0,1,0,0,1,1,"penjabaran yang sangat luar biasa ,jelas ,padat berisi",[],0
248,Penjelasan mudah dipahami dan tutor sangat jelas dalam menyampaikan materi,4,0,0,0,0,1,0,0,1,1,Penjelasan mudah dipahami dan tutor sangat jelas dalam menyampaikan materi,[],0
249,materinya mudah dimengerti,4,0,0,0,0,1,0,0,1,1,materinya mudah dimengerti,[],0
250,bagus sekali menambah pengetahuan,4,0,1,0,0,1,0,0,1,1,bagus sekali menambah pengetahuan,[],0
251,materinya singkat padat jelas recomended buat beginner,4,0,0,0,0,1,0,0,1,1,materinya singkat padat jelas recomended buat beginner,[],0
252,Penjelasannya sangat baik dan mudah dimengerti,4,0,0,0,0,1,0,0,1,1,Penjelasannya sangat baik dan mudah dimengerti,[],0
253,"nice, recommended course",4,0,0,0,0,1,0,1,0,1,"nice, recommended course",[],0
254,mentor cukup jelas dalam menjelaskan materi,4,0,0,0,0,1,0,0,1,1,mentor cukup jelas dalam menjelaskan materi,[],0
255,mantap penjelasanya,4,0,0,0,0,1,0,0,0,1,mantap penjelasanya,[],0
256,penjelasan tidak hanya praktek tetapi teori/konsep jaringanya sangat jelas dan detail,4,0,0,0,0,1,0,0,1,1,penjelasan tidak hanya praktek tetapi teori/konsep jaringanya sangat jelas dan detail,[],0
257,tidak rugi beli course Mikrotik ini 👍,4,0,1,0,0,1,0,0,1,1,tidak rugi beli course Mikrotik ini,['👍'],1
258,Menerangkannya dengan perlahan dan mudah dimengerti 🙂,4,0,0,0,0,1,0,0,1,1,Menerangkannya dengan perlahan dan mudah dimengerti,['🙂'],1
259,jadi lebih mengerti tentang routing 😃,4,0,1,0,0,1,0,0,1,1,jadi lebih mengerti tentang routing,['😃'],1
260,Sangat mudah dipahami! 😄👌,4,0,0,0,0,1,0,0,1,1,Sangat mudah dipahami!,"['😄', '👌']",2
261,sip2 mantab mazzee 😎👍,4,0,0,0,0,1,0,0,0,1,sip2 mantab mazzee,"['😎', '👍']",2
262,Sangat mudah dipahami,4,0,0,0,0,1,0,0,1,1,Sangat mudah dipahami,[],0
263,Detail pembahasannya dan terstruktur,4,0,0,0,0,1,0,0,1,1,Detail pembahasannya dan terstruktur,[],0
264,penjelasannya mantap kak,4,0,0,0,0,1,0,0,0,1,penjelasannya mantap kak,[],0
265,Terimakasih ilmunya mas rosid,4,0,0,0,0,1,0,0,1,1,Terimakasih ilmunya mas rosid,[],0
266,"YES, SO FAR EASY TO UNDERSTAND",4,0,0,0,0,1,0,1,0,1,"YES, SO FAR EASY TO UNDERSTAND",[],0
267,Mantap banget materinya,4,0,0,0,0,1,0,0,0,1,Mantap banget materinya,[],0
268,materi dan pembawan dapat diterima dengan mudah,4,0,0,0,0,1,0,0,1,1,materi dan pembawan dapat diterima dengan mudah,[],0
269,detail dan bermanfaat,4,0,0,0,0,1,0,0,1,1,detail dan bermanfaat,[],0
270,penjelasan course sangat detail dan mudah di pahami,4,0,0,0,0,1,0,0,1,1,penjelasan course sangat detail dan mudah di pahami,[],0
271,"Recomended , Penjelasanya cukup jelas dan mudah di mengerti",4,0,0,0,0,1,0,0,1,1,"Recomended , Penjelasanya cukup jelas dan mudah di mengerti",[],0
272,"Sangat lengkap, detail dan mudah dipahami",4,0,0,0,0,1,0,0,1,1,"Sangat lengkap, detail dan mudah dipahami",[],0
273,jelas dan sangat mudah dipahami,4,0,0,0,0,1,0,0,1,1,jelas dan sangat mudah dipahami,[],0
274,Mudah dan Cepat,4,0,0,0,0,1,0,0,1,1,Mudah dan Cepat,[],0
275,"Penjelasannya sangat baik, mudah dipahami",4,0,0,0,0,1,0,0,1,1,"Penjelasannya sangat baik, mudah dipahami",[],0
276,Clear guidance and practical on simulation like on real site 👍,4,0,0,0,0,1,0,0,0,1,Clear guidance and practical on simulation like on real site,['👍'],1
277,pas banget untuk pekerjaan saya 😎,4,0,1,0,0,1,0,0,1,1,pas banget untuk pekerjaan saya,['😎'],1
278,"Kursusnya menarik, dan mudah dipahami",4,0,0,0,0,1,0,0,1,1,"Kursusnya menarik, dan mudah dipahami",[],0
279,Terima kasih untuk author yang sudah membagi ilmu nya yang sangat bermanfaat ini,4,0,1,0,0,1,0,0,1,1,Terima kasih untuk author yang sudah membagi ilmu nya yang sangat bermanfaat ini,[],0
280,"Semoga selalu sukses untuk kedepannya, Aamiin",4,0,1,0,0,0,0,0,1,1,"Semoga selalu sukses untuk kedepannya, Aamiin",[],0
281,saya masih terus mengulang setiap vidio sampai saya paham walau sedikit demi sedikit 😪,4,0,1,1,0,0,1,0,0,0,saya masih terus mengulang setiap vidio sampai saya paham walau sedikit demi sedikit,['😪'],1
282,Menambah pengetahuan dan wawasan,4,0,1,0,0,1,0,0,1,1,Menambah pengetahuan dan wawasan,[],0
283,Luar biasa penjelasannya bagus sekali,4,0,0,0,0,1,0,1,0,1,Luar biasa penjelasannya bagus sekali,[],0
284,Kursus yang sangat mambantu saya dalam belajar tentang basic mikrotik,4,0,0,0,0,1,0,0,1,1,Kursus yang sangat mambantu saya dalam belajar tentang basic mikrotik,[],0
285,"Keren bangetz, sangat cocok untuk bahan ajar utk anak SMK TKJ & S1 TKJ",4,0,1,0,0,1,0,0,1,1,"Keren bangetz, sangat cocok untuk bahan ajar utk anak SMK TKJ & S1 TKJ",[],0
286,"materinya keren, pematerinya jg menjelaskannya dengan baik",4,0,0,0,0,1,0,0,1,1,"materinya keren, pematerinya jg menjelaskannya dengan baik",[],0
287,Luar biasa!!!,4,0,0,0,0,1,0,1,0,1,Luar biasa!!!,[],0
288,semua materi bisa di pahami dengan jelas,4,0,0,0,0,1,0,0,1,1,semua materi bisa di pahami dengan jelas,[],0
289,Tutornya menjelaskan sangat detail,4,0,0,0,0,1,0,0,1,1,Tutornya menjelaskan sangat detail,[],0
290,Bagus !,4,0,0,0,0,1,0,0,0,1,Bagus !,[],0
291,penjelasan yg simple,4,0,0,0,0,1,0,0,0,1,penjelasan yg simple,[],0
292,Saya menjadi lebih paham MikroTik 🙆,4,0,0,0,0,1,0,1,1,1,Saya menjadi lebih paham MikroTik,['🙆'],1
293,Luar biasa,4,0,0,0,0,1,0,1,0,1,Luar biasa,[],0
294,penjelasannya cukup baik,4,0,0,0,0,1,0,0,1,1,penjelasannya cukup baik,[],0
295,sangat menarik dan menambah pengetahuan mohon ada pdfnya,4,0,1,0,0,1,0,0,1,1,sangat menarik dan menambah pengetahuan mohon ada pdfnya,[],0
296,pengetahuan ip addreses dan subnetting,4,0,0,0,0,1,0,0,1,2,pengetahuan ip addreses dan subnetting,[],0
297,"sangat jelas, penjabarannya",4,0,0,0,0,1,0,0,1,1,"sangat jelas, penjabarannya",[],0
298,"setelah mengikuti kursus ini, banyak hal-hal yang baru saya ketahui",4,0,1,0,0,1,0,0,1,1,"setelah mengikuti kursus ini, banyak hal-hal yang baru saya ketahui",[],0
299,Sangat Baik dan mudah dipahami,4,0,0,0,0,1,0,0,1,1,Sangat Baik dan mudah dipahami,[],0
300,Sangat bagus penjelasan materinya,4,0,0,0,0,1,0,0,1,1,Sangat bagus penjelasan materinya,[],0
301,pembelajaran yg keren,4,0,0,0,0,1,0,1,0,1,pembelajaran yg keren,[],0
302,mudah dipahami,4,0,0,0,0,1,0,0,1,1,mudah dipahami,[],0
303,Bagus sungguh,4,0,0,0,0,1,0,0,0,1,Bagus sungguh,[],0
304,mudah dipahami,4,0,0,0,0,1,0,0,1,1,mudah dipahami,[],0
305,Materi Mudah dipahami,4,0,0,0,0,1,0,0,1,1,Materi Mudah dipahami,[],0
306,materi lengkap dan mudah dimengerti,4,0,0,0,0,1,0,0,1,1,materi lengkap dan mudah dimengerti,[],0
307,mudah dipahami,4,0,0,0,0,1,0,0,1,1,mudah dipahami,[],0
308,"ok good training,",4,0,0,0,0,1,0,0,1,1,"ok good training,",[],0
309,Thanks You,4,0,0,0,0,1,0,0,1,2,Thanks You,[],0
310,Sangat menarik penyampaiannya,4,0,0,0,0,1,0,1,1,1,Sangat menarik penyampaiannya,[],0
311,Mantap bang,4,0,0,0,0,1,0,0,0,1,Mantap bang,[],0
312,sangat bermanfaat sekali,4,0,0,0,0,1,0,0,1,1,sangat bermanfaat sekali,[],0
313,terima kasih,4,0,0,0,0,1,0,0,1,2,terima kasih,[],0
314,Bagus sekali,4,0,0,0,0,1,0,0,1,1,Bagus sekali,[],0
315,mudah dipahami,4,0,0,0,0,1,0,0,1,1,mudah dipahami,[],0
316,That's Great,4,0,0,0,0,1,0,1,0,1,That's Great,[],0
317,mantap,4,0,0,0,0,1,0,0,0,1,mantap,[],0
318,mengerti,4,0,0,0,0,1,0,0,0,1,mengerti,[],0
319,Materinya mantap,4,0,0,0,0,1,0,0,0,1,Materinya mantap,[],0
320,materi masih bisa saya ikuti dengan baik sampai saat ini,4,0,1,0,0,1,0,0,1,1,materi masih bisa saya ikuti dengan baik sampai saat ini,[],0
321,"Mudah di mengerti, terima kasih, saya pemula dengan mikrotik, dengan ikuti course ini saya sudah bisa menggunakan mikrotik skala rumahan",4,0,1,0,0,1,0,0,1,1,"Mudah di mengerti, terima kasih, saya pemula dengan mikrotik, dengan ikuti course ini saya sudah bisa menggunakan mikrotik skala rumahan",[],0
322,penjelasan sangat dimengerti dan membantu sekali bagi saya yg masih belajar,4,0,0,0,0,1,0,0,1,1,penjelasan sangat dimengerti dan membantu sekali bagi saya yg masih belajar,[],0
323,lanjutkan mas 🙆,4,0,0,0,0,1,0,0,1,1,lanjutkan mas,['🙆'],1
324,great and details step by step,4,0,0,0,0,1,0,1,1,1,great and details step by step,[],0
325,"Wow amazing, This course provides new knowledge for me and is very useful",4,0,0,0,0,1,0,1,1,1,"Wow amazing, This course provides new knowledge for me and is very useful",[],0
326,"sangat membantu sekali pengetahua dasar tentang penentuan ip ini, bagi saya",4,0,0,0,0,1,0,0,1,1,"sangat membantu sekali pengetahua dasar tentang penentuan ip ini, bagi saya",[],0
327,mantap,4,0,0,0,0,1,0,0,0,1,mantap,[],0
328,KEREN,4,0,0,0,0,1,0,0,0,1,KEREN,[],0
329,good,4,0,0,0,0,1,0,0,0,1,good,[],0
330,good,4,0,0,0,0,1,0,0,0,1,good,[],0
331,Mudah dipahami untuk saya yang seorang pemula,4,0,0,0,0,1,0,0,1,1,Mudah dipahami untuk saya yang seorang pemula,[],0
332,mudah difahami,4,0,0,0,0,1,0,0,1,1,mudah difahami,[],0
333,Tidak bertele-tele dan jelas,4,0,0,0,0,1,0,0,1,1,Tidak bertele-tele dan jelas,[],0
334,Bagus,4,0,0,0,0,1,0,0,0,1,Bagus,[],0
335,Mantap,4,0,0,0,0,1,0,0,0,1,Mantap,[],0
336,Kursus ini sangat cocok untuk saya yang bekerja di industri telekomunikasi,4,0,1,0,0,1,0,0,1,1,Kursus ini sangat cocok untuk saya yang bekerja di industri telekomunikasi,[],0
337,INSPIRATIF,4,0,0,0,0,1,0,0,0,1,INSPIRATIF,[],0
338,nice,4,0,0,0,0,1,0,0,0,1,nice,[],0
339,sangat Mudah di fahami,4,0,0,0,0,1,0,0,1,1,sangat Mudah di fahami,[],0
340,Mantap,4,0,0,0,0,1,0,0,0,1,Mantap,[],0
341,good,4,0,0,0,0,1,0,0,0,1,good,[],0
342,Sangat cocok untuk saya,4,0,1,0,0,1,0,0,1,1,Sangat cocok untuk saya,[],0
343,Saya semakin penasaran untuk mahir dalam networking,4,0,1,0,0,0,0,0,1,1,Saya semakin penasaran untuk mahir dalam networking,[],0
344,sangat bermanfaat dan membantu sekali,4,0,0,0,0,1,0,0,1,1,sangat bermanfaat dan membantu sekali,[],0
345,sangat bagus kurusus nYA,4,0,0,0,0,1,0,0,1,1,sangat bagus kurusus nYA,[],0
346,MENAMBAH PENGETAHUAN 💙,4,0,0,0,0,1,0,1,1,1,MENAMBAH PENGETAHUAN,['💙'],1
347,Penjelasan sangat mudah dimengerti dan lengkap belajar mikrotik,4,0,0,0,0,1,0,0,1,1,Penjelasan sangat mudah dimengerti dan lengkap belajar mikrotik,[],0
348,saya jadi tau bagaimana subneting dan IP address,4,0,0,0,0,1,0,0,0,1,saya jadi tau bagaimana subneting dan IP address,[],0
349,"menentukan total ip, subnet mask, ip network, ip broadcast, ip range jadi lebih mudah",4,0,1,0,0,1,0,0,1,2,"menentukan total ip, subnet mask, ip network, ip broadcast, ip range jadi lebih mudah",[],0
350,Penjelasannya detail dan mudah dipahami,4,0,0,0,0,1,0,0,1,1,Penjelasannya detail dan mudah dipahami,[],0
351,good,4,0,0,0,0,1,0,0,0,1,good,[],0
352,"sangat membantu sekali dalam dunia networking, dan terimakasih banyak",4,0,0,0,0,1,0,0,1,1,"sangat membantu sekali dalam dunia networking, dan terimakasih banyak",[],0
353,sangat mudah dimengerti,4,0,0,0,0,1,0,0,1,1,sangat mudah dimengerti,[],0
354,Penjelasanya mudah dipahami,4,0,0,0,0,1,0,0,1,1,Penjelasanya mudah dipahami,[],0
355,Penyampaian yg jelas dan mudah dipahami,4,0,0,0,0,1,0,0,1,1,Penyampaian yg jelas dan mudah dipahami,[],0
356,Sangat jelas,4,0,0,0,0,1,0,0,1,1,Sangat jelas,[],0
357,sangat membantu yg nol mikrotik,4,0,1,0,0,1,0,0,1,1,sangat membantu yg nol mikrotik,[],0
358,jadi semangat belajar,4,0,1,0,0,1,0,0,0,1,jadi semangat belajar,[],0
359,saya sangat senang bisa belajar mikrotik dari awal sampai akhir,4,0,1,0,0,1,0,0,1,1,saya sangat senang bisa belajar mikrotik dari awal sampai akhir,[],0
360,belum lagi admin nya bagus dalam penyampaian tidak terburu-buru 🙂,1,0,0,0,0,1,0,0,1,1,belum lagi admin nya bagus dalam penyampaian tidak terburu-buru,['🙂'],1
361,"saya sangat senang, terimakasih",4,0,0,0,0,1,0,0,1,1,"saya sangat senang, terimakasih",[],0
362,Very clear explanation and easy to understand,4,0,0,0,0,1,0,0,1,1,Very clear explanation and easy to understand,[],0
363,penjelasan yang baik dan mudah dipahami,4,0,0,0,0,1,0,0,1,1,penjelasan yang baik dan mudah dipahami,[],0
364,Bagus untuk pemula nih!!!,4,0,1,0,0,1,0,0,1,1,Bagus untuk pemula nih!!!,[],0
365,Maunya ada coding exercise-nya 😉,2,0,1,0,0,0,0,0,0,1,Maunya ada coding exercise-nya,['😉'],1
366,mantap,4,0,0,0,0,1,0,0,0,1,mantap,[],0
367,jadi paham dasar2 terkait python,4,0,1,0,0,1,0,0,1,1,jadi paham dasar2 terkait python,[],0
368,sangat membantu,4,0,0,0,0,1,0,0,1,1,sangat membantu,[],0
369,cocok untuk pemula,4,0,1,0,0,1,0,0,1,1,cocok untuk pemula,[],0
370,"amazing, thankyou!",4,0,1,0,0,1,0,1,1,1,"amazing, thankyou!",[],0
371,"Materi terstuktur, lengkap dan benar-benar diajari dari nol",4,0,0,0,0,1,0,0,1,1,"Materi terstuktur, lengkap dan benar-benar diajari dari nol",[],0
372,Sangat cocok untuk pemula,4,0,1,0,0,1,0,0,1,1,Sangat cocok untuk pemula,[],0
373,Jelas dan bagus penyampaian materinya,4,0,0,0,0,1,0,0,1,1,Jelas dan bagus penyampaian materinya,[],0
374,"Keren dah pokoknya kelas python ini, banyak hal yang saya pelajari terima kasih 🙏",4,0,1,0,0,1,0,1,1,1,"Keren dah pokoknya kelas python ini, banyak hal yang saya pelajari terima kasih",['🙏'],1
375,"Kelas ini sangat luarbiasa, penjelasan dan metode pengajaran sangat baik 👍",4,0,0,0,0,1,0,0,1,1,"Kelas ini sangat luarbiasa, penjelasan dan metode pengajaran sangat baik",['👍'],1
376,"the explanation of the material is very good and easy to understand, the arrangement of the material is also very good and most importantly can explain difficult things to look easy 😊",4,0,0,0,0,1,0,0,1,1,"the explanation of the material is very good and easy to understand, the arrangement of the material is also very good and most importantly can explain difficult things to look easy",['😊'],1
377,amazing and thank you for this video 😄,4,0,1,0,0,1,0,1,1,1,amazing and thank you for this video,['😄'],1
378,"sangat bagus, mudah dimengerti dan penjelasan sangat bagus dan materi tersusun dengan terstruktur",4,0,0,0,0,1,0,0,1,1,"sangat bagus, mudah dimengerti dan penjelasan sangat bagus dan materi tersusun dengan terstruktur",[],0
379,"Materi yg keren, harus rajin belajar lagi ni",4,0,1,0,0,1,0,0,1,1,"Materi yg keren, harus rajin belajar lagi ni",[],0
380,"Proses pembelajaran cocok dengan saya, materi yang disampaikan jelas dan mudah dipahami",4,0,0,0,0,1,0,0,1,1,"Proses pembelajaran cocok dengan saya, materi yang disampaikan jelas dan mudah dipahami",[],0
381,nice a course,4,0,0,0,0,1,0,0,0,1,nice a course,[],0
382,good job,4,0,0,0,0,1,0,0,0,1,good job,[],0
383,Pembahasannya mudah dimengerti,4,0,0,0,0,1,0,0,1,1,Pembahasannya mudah dimengerti,[],0
384,bagus banget buat pemula belajar,4,0,1,0,0,1,0,0,1,1,bagus banget buat pemula belajar,[],0
385,Penjelasan sebelum memulai sudah bagus,4,0,0,0,0,1,0,0,1,1,Penjelasan sebelum memulai sudah bagus,[],0
386,Semoga cocok saya merasa lebih baik daripada belajar lewat platform lain,4,0,1,0,0,0,0,0,1,1,Semoga cocok saya merasa lebih baik daripada belajar lewat platform lain,[],0
387,"kak bisa bantu permasalahan saya mengenai proses instalasi anaconda? maaf kak, saya bertanya di sini soalnya gak tahu mau di mana 🙁",0,0,1,0,1,0,1,0,0,0,"kak bisa bantu permasalahan saya mengenai proses instalasi anaconda? maaf kak, saya bertanya di sini soalnya gak tahu mau di mana",['🙁'],1
388,"Materinya sangat membantu dan mudah dipahami, lumayan untuk buat yang baru mulai belajar",4,0,0,0,0,1,0,0,1,1,"Materinya sangat membantu dan mudah dipahami, lumayan untuk buat yang baru mulai belajar",[],0
389,Saya sangat suka,4,0,0,0,0,1,0,0,1,1,Saya sangat suka,[],0
390,lanjut mas bro,4,0,1,0,0,1,0,0,0,2,lanjut mas bro,[],0
391,bagus bro mantap 🙂,4,0,0,0,0,1,0,1,0,1,bagus bro mantap,['🙂'],1
392,"materinya lengkap dan mudah dipahami, seruu",4,0,0,0,0,1,0,1,1,1,"materinya lengkap dan mudah dipahami, seruu",[],0
393,"Great, This is the best and most comprehensive Python Class",4,0,1,0,0,1,0,1,1,1,"Great, This is the best and most comprehensive Python Class",[],0
394,"karena selain jam belajar nya fleksibel, arahan yg di ajarkan mudah di pahami",4,0,1,0,0,1,0,0,0,1,"karena selain jam belajar nya fleksibel, arahan yg di ajarkan mudah di pahami",[],0
395,penjelasannya gamblang mudah difahami,4,0,0,0,0,1,0,0,1,1,penjelasannya gamblang mudah difahami,[],0
396,Easy to understand,4,0,0,0,0,1,0,0,1,1,Easy to understand,[],0
397,Sangat membantu karena penjelasan mudah dipahami,4,0,0,0,0,1,0,0,1,1,Sangat membantu karena penjelasan mudah dipahami,[],0
398,so far so good,4,0,1,0,0,1,0,0,0,1,so far so good,[],0
399,nice & mudah dimengerti,4,0,0,0,0,1,0,0,1,1,nice & mudah dimengerti,[],0
400,"Sangat bagus, sesuai dg harapan",4,0,1,0,0,1,0,0,1,1,"Sangat bagus, sesuai dg harapan",[],0
401,Mudah dipahami,4,0,0,0,0,1,0,0,1,1,Mudah dipahami,[],0
402,"detil, jelas, lengkap",4,0,0,0,0,1,0,0,1,1,"detil, jelas, lengkap",[],0
403,"Materinya daging semua, lengkap banget sampe di bahas ke dalem-dalemnya, rekomended buat yang baru belajar python, apalagi dalam bahasa indonesia",4,0,1,0,0,1,0,1,1,1,"Materinya daging semua, lengkap banget sampe di bahas ke dalem-dalemnya, rekomended buat yang baru belajar python, apalagi dalam bahasa indonesia",[],0
404,Lengkap banget,4,0,0,0,0,1,0,0,1,1,Lengkap banget,[],0
405,bermanfaat,4,0,0,0,0,1,0,0,1,1,bermanfaat,[],0
406,"video dan materinya sangat menarik dan mudah dipahami, materi dapat diajarkan dengan baik",4,0,0,0,0,1,0,0,1,1,"video dan materinya sangat menarik dan mudah dipahami, materi dapat diajarkan dengan baik",[],0
407,good teach,4,0,0,0,0,1,0,0,1,1,good teach,[],0
408,Mantaapp,4,0,1,0,0,1,0,1,0,1,Mantaapp,[],0
409,"penjelasan singkat, padat & jelas",4,0,0,0,0,1,0,0,1,1,"penjelasan singkat, padat & jelas",[],0
410,Tentunya mudah dipahami!,4,0,0,0,0,1,0,0,1,1,Tentunya mudah dipahami!,[],0
411,Easy to try actual and clear step by step instruction,4,0,0,0,0,1,0,0,1,1,Easy to try actual and clear step by step instruction,[],0
412,sangat puas!!,4,0,1,0,0,1,0,1,1,1,sangat puas!!,[],0
413,Mudah dan jelas penjelasannya,4,0,0,0,0,1,0,0,1,1,Mudah dan jelas penjelasannya,[],0
414,penjelasannya mudah dimengerti,4,0,0,0,0,1,0,0,1,1,penjelasannya mudah dimengerti,[],0
415,Some of the videos could not be played,4,1,0,0,1,0,1,0,0,0,Some of the videos could not be played,[],0
416,It's good for early beginner user,4,0,1,0,0,1,0,0,1,1,It's good for early beginner user,[],0
417,banyak pengetahuan baru yg saya dapat dari pembelajaran ini,4,0,1,0,0,1,0,0,1,1,banyak pengetahuan baru yg saya dapat dari pembelajaran ini,[],0
418,bagus sekali,4,0,0,0,0,1,0,0,1,1,bagus sekali,[],0
419,cukup detail dlm memberikan gambaran AI,4,0,1,0,0,1,0,0,1,1,cukup detail dlm memberikan gambaran AI,[],0
420,mantap mudah dimengerti,4,0,0,0,0,1,0,0,1,1,mantap mudah dimengerti,[],0
421,Menarik untuk dipelajari,4,0,1,0,0,1,0,0,1,1,Menarik untuk dipelajari,[],0
422,sangat menarik,4,0,1,0,0,1,0,1,1,1,sangat menarik,[],0
423,Bagus,4,0,0,0,0,1,0,0,1,1,Bagus,[],0
424,bagus,4,0,0,0,0,1,0,0,1,1,bagus,[],0
425,ok,4,0,0,0,0,1,0,0,1,2,ok,[],0
426,terima kasih atas Ilmu yg sangat bermanfaat,4,0,0,0,0,1,0,0,1,1,terima kasih atas Ilmu yg sangat bermanfaat,[],0
427,help me to understand and successfull,4,0,1,0,0,1,0,0,1,1,help me to understand and successfull,[],0
428,Sangat membantu menabah pengetahuan saya,4,0,1,0,0,1,0,0,1,1,Sangat membantu menabah pengetahuan saya,[],0
429,Luar biasa mantap sangat bermanfaat lesson kali ini namun sayangnya belum ada penjelasan kenapa tidak bisa dibuka aplikasinya pada komputer windows,0,1,0,0,0,0,1,0,0,1,Luar biasa mantap sangat bermanfaat lesson kali ini namun sayangnya belum ada penjelasan kenapa tidak bisa dibuka aplikasinya pada komputer windows,[],0
430,Terima kasih,4,0,0,0,0,1,0,0,1,1,Terima kasih,[],0
431,"pelatihan atau pelajaran ini sangat bermanfaat bagi saya karena banyak memberikan masukan, saran, motivasi dan bagaimana cara untuk didalam mencapai target",4,0,1,0,0,1,0,0,1,1,"pelatihan atau pelajaran ini sangat bermanfaat bagi saya karena banyak memberikan masukan, saran, motivasi dan bagaimana cara untuk didalam mencapai target",[],0
432,dan juga sangat membantu didalam melakukan pekerjaan sehari-hari,4,0,0,0,0,1,0,0,1,1,dan juga sangat membantu didalam melakukan pekerjaan sehari-hari,[],0
433,Sangat membantu dalam menyelesaikan tugas-tugas di tempat kerja,4,0,0,0,0,1,0,0,1,1,Sangat membantu dalam menyelesaikan tugas-tugas di tempat kerja,[],0
434,materi sangat menarik dan membantu dalam menjalankan tugas,4,0,1,0,0,1,0,0,1,1,materi sangat menarik dan membantu dalam menjalankan tugas,[],0
435,"Overall, it was very good",4,0,0,0,0,1,0,0,1,1,"Overall, it was very good",[],0
436,sangat bermanpaat,4,0,0,0,0,1,0,0,1,1,sangat bermanpaat,[],0
437,mantab sekali penjelasannya,4,0,1,0,0,1,0,1,0,1,mantab sekali penjelasannya,[],0
438,Bahagia sekali menambah pengetahuan,4,0,1,0,0,1,0,0,1,1,Bahagia sekali menambah pengetahuan,[],0
439,pelajaran yang menarik,4,0,1,0,0,1,0,0,1,1,pelajaran yang menarik,[],0
440,praktikal dan pragmatis 😢,4,0,0,1,1,0,1,0,0,0,praktikal dan pragmatis,['😢'],1
441,"Excellent training, highly satisfying experience",4,0,1,0,0,1,0,1,1,1,"Excellent training, highly satisfying experience",[],0
442,sangat menarik dan menambah wawasan ilmu baru,4,0,1,0,0,1,0,0,1,1,sangat menarik dan menambah wawasan ilmu baru,[],0
443,Sangat berguna dan memberikan khasanah baru,4,0,1,0,0,1,0,0,1,1,Sangat berguna dan memberikan khasanah baru,[],0
444,Sangat jelas penjelasanya dan mudah di pahami,4,0,0,0,0,1,0,0,1,1,Sangat jelas penjelasanya dan mudah di pahami,[],0
445,sangat update untuk pekembangan saat ini,4,0,1,0,0,1,0,0,1,1,sangat update untuk pekembangan saat ini,[],0
446,"theory only, no learning prompting, literal click bait",2,1,0,1,0,0,0,0,0,0,"theory only, no learning prompting, literal click bait",[],0
447,just theory,2,1,0,0,0,0,0,0,0,0,just theory,[],0
448,i thought we will learn AI practically,2,1,0,0,0,0,0,0,0,0,i thought we will learn AI practically,[],0
449,boring,3,1,0,0,0,0,0,0,0,0,boring,[],0
450,"Belajar AI dari nol mungkin benar, tapi ekspektasi hingga penguasaan langkah demi langkah seperti yang di judul tidak di dapat dalam materi",4,1,0,0,0,0,0,0,0,0,"Belajar AI dari nol mungkin benar, tapi ekspektasi hingga penguasaan langkah demi langkah seperti yang di judul tidak di dapat dalam materi",[],0
451,the explanation quiet good simple and clear,4,0,0,0,0,1,0,0,1,1,the explanation quiet good simple and clear,[],0
452,It's good,4,0,0,0,0,1,0,0,1,1,It's good,[],0
453,"its clear for me to find the history of AI industry, and also the prediction of some industry can affect by it",4,0,1,0,0,1,0,0,1,1,"its clear for me to find the history of AI industry, and also the prediction of some industry can affect by it",[],0
454,"Its very important to us, to know how AI works, so we can still adapt to it",4,0,1,0,0,1,0,0,1,1,"Its very important to us, to know how AI works, so we can still adapt to it",[],0
455,"The moderator or the teacher in here very clear, but somehow i feel , instructor is AI too haha",4,0,0,0,0,0,0,1,0,1,"The moderator or the teacher in here very clear, but somehow i feel , instructor is AI too haha",[],0
456,baik mudah untuk dipahami,4,0,0,0,0,1,0,0,1,1,baik mudah untuk dipahami,[],0
457,Very Informative And Helpful,4,0,1,0,0,1,0,0,1,1,Very Informative And Helpful,[],0
458,"The explanation is very clear, easily understood and full of insight!",4,0,1,0,0,1,0,0,1,1,"The explanation is very clear, easily understood and full of insight!",[],0
459,Materi sesuai dengan yang saya minati,4,0,1,0,0,1,0,0,1,2,Materi sesuai dengan yang saya minati,[],0
460,"Ya, Penjelasaannya cukup jelas dan mudah dimengerti",4,0,0,0,0,1,0,0,1,1,"Ya, Penjelasaannya cukup jelas dan mudah dimengerti",[],0
461,Belajar pengenalan informasi Manajemen di udemy lebih efektif dan efisien,4,0,1,0,0,1,0,0,1,1,Belajar pengenalan informasi Manajemen di udemy lebih efektif dan efisien,[],0
462,Kita belajar lebih enjoy dan kalau Tidak mengerti bisa di ulang ² videonya atau bisa juga bertanya di kolom komentar,4,0,1,0,0,1,0,0,1,1,Kita belajar lebih enjoy dan kalau Tidak mengerti bisa di ulang ² videonya atau bisa juga bertanya di kolom komentar,[],0
463,Belajar yang disediakanpyn menjadi lebih menyenangkan,4,0,1,0,0,1,0,0,1,1,Belajar yang disediakanpyn menjadi lebih menyenangkan,[],0
464,kenapa ga di kasih tau dari dulu waktu saya kuliah kalo binus ada di udemy 🙁,4,1,1,0,0,0,1,0,0,0,kenapa ga di kasih tau dari dulu waktu saya kuliah kalo binus ada di udemy,['🙁'],1
465,karena materinya bagus,4,0,0,0,0,1,0,0,1,1,karena materinya bagus,[],0
466,baguss bangettt,4,0,0,0,0,1,0,1,1,1,baguss bangettt,[],0
467,Sangat berguna,4,0,0,0,0,1,0,0,1,1,Sangat berguna,[],0
468,bahasanya mudah dimengerti,4,0,0,0,0,1,0,0,1,1,bahasanya mudah dimengerti,[],0
469,Sangat baik,4,0,0,0,0,1,0,0,0,1,Sangat baik,[],0
470,menarik,4,0,0,0,0,1,0,0,0,1,menarik,[],0
471,I enjoy it,4,0,0,0,0,1,0,0,0,1,I enjoy it,[],0
472,Maunya ada coding exercise-nya,2,0,1,0,0,0,0,0,0,2,Maunya ada coding exercise-nya,[],0
473,mantap,4,0,0,0,0,1,0,1,0,1,mantap,[],0
474,jadi paham dasar2 terkait python,4,0,1,0,0,1,0,0,0,1,jadi paham dasar2 terkait python,[],0
475,sangat membantu,4,0,0,0,0,1,0,0,1,1,sangat membantu,[],0
476,cocok untuk pemula,4,0,1,0,0,0,0,0,1,1,cocok untuk pemula,[],0
477,"amazing, thankyou!",4,0,0,0,0,1,0,1,0,1,"amazing, thankyou!",[],0
478,"Materi terstuktur, lengkap dan benar-benar diajari dari nol",4,0,0,0,0,1,0,0,1,1,"Materi terstuktur, lengkap dan benar-benar diajari dari nol",[],0
479,Sangat cocok untuk pemula,4,0,1,0,0,1,0,0,1,1,Sangat cocok untuk pemula,[],0
480,Jelas dan bagus penyampaian materinya,4,0,0,0,0,1,0,0,0,1,Jelas dan bagus penyampaian materinya,[],0
481,"Keren dah pokoknya kelas python ini, banyak hal yang saya pelajari terima kasih",4,0,1,0,0,0,0,0,1,1,"Keren dah pokoknya kelas python ini, banyak hal yang saya pelajari terima kasih",[],0
482,"Kelas ini sangat luarbiasa, penjelasan dan metode pengajaran sangat baik",4,0,0,0,0,1,0,1,0,1,"Kelas ini sangat luarbiasa, penjelasan dan metode pengajaran sangat baik",[],0
483,"the explanation of the material is very good and easy to understand, the arrangement of the material is also very good and most importantly can explain difficult things to look easy",4,0,0,0,0,1,0,1,0,1,"the explanation of the material is very good and easy to understand, the arrangement of the material is also very good and most importantly can explain difficult things to look easy",[],0
484,amazing and thank you for this video,4,0,0,0,0,1,0,1,0,1,amazing and thank you for this video,[],0
485,"sangat bagus, mudah dimengerti dan penjelasan sangat bagus dan materi tersusun dengan terstruktur",4,0,0,0,0,1,0,0,1,1,"sangat bagus, mudah dimengerti dan penjelasan sangat bagus dan materi tersusun dengan terstruktur",[],0
486,"Materi yg kereen, harus rajin belajar lagi ni",4,0,0,0,0,1,0,0,0,1,"Materi yg kereen, harus rajin belajar lagi ni",[],0
487,"Proses pembelajaran cocok dengan saya, materi yang disampaikan jelas dan mudah dipahami",4,0,0,0,0,1,0,0,1,1,"Proses pembelajaran cocok dengan saya, materi yang disampaikan jelas dan mudah dipahami",[],0
488,nice a course,4,0,0,0,0,1,0,0,0,1,nice a course,[],0
489,Good job,4,0,0,0,0,1,0,0,0,1,Good job,[],0
490,Pembahasannya mudah dimengerti,4,0,0,0,0,1,0,0,1,1,Pembahasannya mudah dimengerti,[],0
491,bagus banget buat pemula belajar,4,0,1,0,0,1,0,0,0,1,bagus banget buat pemula belajar,[],0
492,Penjelasan sebelum memulai sudah bagus,4,0,0,0,0,1,0,0,1,1,Penjelasan sebelum memulai sudah bagus,[],0
493,Semoga cocok saya merasa lebih baik daripada belajar lewat platform lain,4,0,1,0,0,0,0,0,1,1,Semoga cocok saya merasa lebih baik daripada belajar lewat platform lain,[],0
494,"Materinya sangat membantu dan mudah dipahami, lumayan untuk buat yang baru mulai belajar",4,0,1,0,0,1,0,0,1,1,"Materinya sangat membantu dan mudah dipahami, lumayan untuk buat yang baru mulai belajar",[],0
495,Saya sangat suka,4,0,0,0,0,1,0,0,0,1,Saya sangat suka,[],0
496,Lanjutkan,4,0,1,0,0,1,0,0,0,1,Lanjutkan,[],0
497,bagus bro mantap 🙂🙂,4,0,0,0,0,1,0,1,0,1,bagus bro mantap,"['🙂', '🙂']",2
498,"materinya lengkap dan mudah dipahami, seru",4,0,0,0,0,1,0,0,0,1,"materinya lengkap dan mudah dipahami, seru",[],0
499,"Great, This is the best and most comprehensive Python Class",4,0,0,0,0,1,0,1,1,1,"Great, This is the best and most comprehensive Python Class",[],0
500,"karena selain jam belajar nya fleksibel, arahan yg di ajarkan mudah di pahami",4,0,0,0,0,1,0,0,1,1,"karena selain jam belajar nya fleksibel, arahan yg di ajarkan mudah di pahami",[],0
501,penjelasannya gamblang mudah dipahami,4,0,0,0,0,1,0,0,1,1,penjelasannya gamblang mudah dipahami,[],0
502,Easy to understand,4,0,0,0,0,1,0,0,1,1,Easy to understand,[],0
503,Sangat membantu karena penjelasan mudah dipahami,4,0,0,0,0,1,0,0,1,1,Sangat membantu karena penjelasan mudah dipahami,[],0
504,nice dan mudah dimengerti,4,0,0,0,0,1,0,0,1,1,nice dan mudah dimengerti,[],0
505,"Materinya daging semua, lengkap banget sampe di bahas ke dalem-dalemnya, rekomended buat yang baru belajar python, apalagi dalam bahasa indonesia",4,0,0,0,0,1,0,0,1,1,"Materinya daging semua, lengkap banget sampe di bahas ke dalem-dalemnya, rekomended buat yang baru belajar python, apalagi dalam bahasa indonesia",[],0
506,Lengkap banget,4,0,0,0,0,1,0,0,1,1,Lengkap banget,[],0
507,"video dan materinya sangat menarik dan mudah dipahami, materi dapat diajarkan dengan baik",4,0,0,0,0,1,0,1,1,1,"video dan materinya sangat menarik dan mudah dipahami, materi dapat diajarkan dengan baik",[],0
508,Mantap,4,0,1,0,0,1,0,1,0,1,Mantap,[],0
509,"penjelasan singkat, padat & jelas",4,0,0,0,0,1,0,0,1,1,"penjelasan singkat, padat & jelas",[],0
510,Tentunya mudah dipahami!,4,0,0,0,0,1,0,0,1,1,Tentunya mudah dipahami!,[],0
511,mungkin bisa di jelaskan kodingan nya,2,0,1,0,0,0,0,0,0,2,mungkin bisa di jelaskan kodingan nya,[],0
512,"waktu saya belajar saya terbatas, bagus senadainya materi bisa dishare, agar bisa belajar tanpa harus koneksi keinternet",0,0,1,0,0,0,1,0,0,1,"waktu saya belajar saya terbatas, bagus senadainya materi bisa dishare, agar bisa belajar tanpa harus koneksi keinternet",[],0
513,seru,4,0,0,0,0,1,0,0,0,1,seru,[],0
514,"Tugas dan proyek yang diberikan sangat aplikatif, terutama dalam membangun model deep learning untuk pengenalan objek dan klasifikasi gambar",4,0,0,0,0,1,0,1,0,1,"Tugas dan proyek yang diberikan sangat aplikatif, terutama dalam membangun model deep learning untuk pengenalan objek dan klasifikasi gambar",[],0
515,Ini sangat membantu dalam menguatkan pemahaman peserta mengenai teori yang disampaikan,4,0,0,0,0,1,0,0,1,1,Ini sangat membantu dalam menguatkan pemahaman peserta mengenai teori yang disampaikan,[],0
516,So far all materials in Section 1 easy to understand good job,4,0,0,0,0,1,0,0,1,1,So far all materials in Section 1 easy to understand good job,[],0
517,nice,4,0,0,0,0,1,0,0,0,1,nice,[],0
518,Great Lecture,4,0,0,0,0,1,0,0,0,1,Great Lecture,[],0
519,Cocok sekali,4,0,0,0,0,1,0,0,1,1,Cocok sekali,[],0
520,Mantap,4,0,1,0,0,1,0,1,0,1,Mantap,[],0
521,awesome,4,0,1,0,0,1,0,1,0,1,awesome,[],0
522,"The overall course does not portray the title ""Introduction to Python for Machine Learning"", lecturers only focussed on giving out/showing off what kind of codes they know in a fast pace",1,1,0,1,0,0,1,0,0,0,"The overall course does not portray the title ""Introduction to Python for Machine Learning"", lecturers only focussed on giving out/showing off what kind of codes they know in a fast pace",[],0
523,I was expecting of a more professional teaching out of this course,1,1,0,0,0,0,1,0,0,1,I was expecting of a more professional teaching out of this course,[],0
524,Course should be explaining what Python can be used and with specific details explaining the essence of learning this course,2,1,1,0,0,0,0,0,0,1,Course should be explaining what Python can be used and with specific details explaining the essence of learning this course,[],0
525,Lecturers should break all functions in Python into specific categories of its usage then explain what are the codes in each categories and explain it in layman language 👍,2,0,1,0,0,0,0,0,0,1,Lecturers should break all functions in Python into specific categories of its usage then explain what are the codes in each categories and explain it in layman language,['👍'],1
526,Tampilan layar dengan audio terkadang tidak match,0,1,0,0,0,0,1,0,0,0,Tampilan layar dengan audio terkadang tidak match,[],0
527,"Menarik, tetapi mohon agar isi video dijelaskan cukup detail tidak lompat sana sini, misal tiba tiba langsung memberikan contoh yang kompleks tanpa penjelasan detail terlebih dahulu, dan juga untuk konten video dengan judul ""String dan Fungsi 1"" dan konten yang berjudul ""String dan Fungsi 3"" sepertinya videonya tertukar",2,1,1,0,0,0,0,0,0,0,"Menarik, tetapi mohon agar isi video dijelaskan cukup detail tidak lompat sana sini, misal tiba tiba langsung memberikan contoh yang kompleks tanpa penjelasan detail terlebih dahulu, dan juga untuk konten video dengan judul ""String dan Fungsi 1"" dan konten yang berjudul ""String dan Fungsi 3"" sepertinya videonya tertukar",[],0
528,Kursus ini cocok bagi pemula yang sudah mempunyai dasar pengetahuan pemrograman sebelumnya,2,0,0,0,0,1,0,0,1,1,Kursus ini cocok bagi pemula yang sudah mempunyai dasar pengetahuan pemrograman sebelumnya,[],0
529,"Materi yang disajikan menarik, namun kurang sedikit sistematis, mohon dapat ditinjau ulang kedepannya",2,0,1,0,0,1,0,0,0,1,"Materi yang disajikan menarik, namun kurang sedikit sistematis, mohon dapat ditinjau ulang kedepannya",[],0
530,"Mudah diikuti, dengan bahasa yang baik",4,0,0,0,0,1,0,0,1,1,"Mudah diikuti, dengan bahasa yang baik",[],0
531,Terima kasih ilmunya sangat bermanfaat 🙏,4,0,0,0,0,1,0,0,1,1,Terima kasih ilmunya sangat bermanfaat,['🙏'],1
532,Di awal saya bisa mengerti maksud penjelasan secara umum ttg ANN 🙂,2,0,0,0,0,1,0,0,1,2,Di awal saya bisa mengerti maksud penjelasan secara umum ttg ANN,['🙂'],1
533,"Namun ketika menuju ke tengah dan akhir saat banyak ditunjukan contoh perhitungan, saya tidak bisa menangkap maksud perhitungan tersebut untuk apa dan seperti apa aplikasinya 😕",2,0,1,0,0,0,1,0,0,0,"Namun ketika menuju ke tengah dan akhir saat banyak ditunjukan contoh perhitungan, saya tidak bisa menangkap maksud perhitungan tersebut untuk apa dan seperti apa aplikasinya",['😕'],1
534,"Tiap metode, terutama section 3 dan 4 tidak diselesaikan hingga tuntas 😐",2,1,0,0,0,0,1,0,0,0,"Tiap metode, terutama section 3 dan 4 tidak diselesaikan hingga tuntas",['😐'],1
535,"terlalu datar penyampaiannya, materi sudah cukup baik 😶",1,0,0,0,0,0,1,0,0,1,"terlalu datar penyampaiannya, materi sudah cukup baik",['😶'],1
536,"kursus ini cocok untuk saya, dalam hal ini selain kita harus mengenal data dan sumber data tersebut, kita bisa mengklasifikasikan berdasarkan kebutuhan 👍",4,0,0,0,0,1,0,0,1,1,"kursus ini cocok untuk saya, dalam hal ini selain kita harus mengenal data dan sumber data tersebut, kita bisa mengklasifikasikan berdasarkan kebutuhan",['👍'],1
537,Good course,4,0,0,0,0,1,0,0,0,1,Good course,[],0
538,Just like what I needed 👍,4,0,0,0,0,1,0,0,0,1,Just like what I needed,['👍'],1
539,Thanks 🙏,4,0,0,0,0,1,0,0,0,1,Thanks,['🙏'],1
540,"penjelasan jelas, namun pointer di power point tidak tampak 😕",4,0,1,0,0,0,0,0,0,0,"penjelasan jelas, namun pointer di power point tidak tampak",['😕'],1
541,quite good so far 🙂,4,0,0,0,0,1,0,0,1,1,quite good so far,['🙂'],1
542,good 👍,4,0,0,0,0,1,0,0,0,1,good,['👍'],1
543,The material delivered by ANN was very good 😃,4,0,0,0,0,1,0,0,1,1,The material delivered by ANN was very good,['😃'],1
544,sangat seru untuk belajar lagi 😄,4,0,1,0,0,1,0,0,0,1,sangat seru untuk belajar lagi,['😄'],1
545,"Dapat menambah wawasan, terimakasih",4,0,0,0,0,1,0,0,1,1,"Dapat menambah wawasan, terimakasih",[],0
546,penjelasannya enak,4,0,0,0,0,1,0,0,1,1,penjelasannya enak,[],0
547,menambah ilmu,4,0,0,0,0,1,0,0,1,1,menambah ilmu,[],0
548,nice lesson,4,0,0,0,0,1,0,0,0,1,nice lesson,[],0
549,penyampaian lebih kepada membaca bukan berfokus pada pemahaman seiap topik yang disajikan 😐,1,1,0,0,0,0,1,0,0,2,penyampaian lebih kepada membaca bukan berfokus pada pemahaman seiap topik yang disajikan,['😐'],1
550,pada beberapa bagian statistik kelihatan tidak menguasai cara membaca notasi-notasi dalam statistik 😕,1,1,0,0,0,0,1,0,0,0,pada beberapa bagian statistik kelihatan tidak menguasai cara membaca notasi-notasi dalam statistik,['😕'],1
551,Mungkin lebih baik bila dijelaskan tanpa membaca 🙄,1,0,1,0,0,0,0,0,0,0,Mungkin lebih baik bila dijelaskan tanpa membaca,['🙄'],1
552,Menggunakan media papan tulis atau langsung dicatat dilayar,1,0,1,0,0,0,0,0,0,2,Menggunakan media papan tulis atau langsung dicatat dilayar,[],0
553,"Mempraktikan langsung statistika, phyton dsb lebih mengasyikan dari pada sekedar membaca layar PPT",1,0,1,0,0,0,0,0,0,1,"Mempraktikan langsung statistika, phyton dsb lebih mengasyikan dari pada sekedar membaca layar PPT",[],0
554,Mudah2an menjadi masukan 🤲,1,0,1,0,0,0,0,0,0,2,Mudah2an menjadi masukan,['🤲'],1
555,materinya lumayan mudah di pahami 🙂,4,0,0,0,0,1,0,0,1,1,materinya lumayan mudah di pahami,['🙂'],1
556,materi disusun urut ✅,2,0,0,0,0,1,0,0,1,1,materi disusun urut,['✅'],1
557,"bahkan utk saya yg sudah memahami matematika, probabilitas dan statistika karena dulu kuliah di matematika",2,0,0,0,0,1,0,0,1,2,"bahkan utk saya yg sudah memahami matematika, probabilitas dan statistika karena dulu kuliah di matematika",[],0
558,cukup terbantu dan merefresh pengetahuan lagi 🙂,4,0,0,0,0,1,0,0,1,1,cukup terbantu dan merefresh pengetahuan lagi,['🙂'],1
559,Sangat Komprehensif !!! 😃,4,0,0,0,0,1,0,1,1,1,Sangat Komprehensif !!!,['😃'],1
560,Saya tidak ada masalah dengan materinya 👍,4,0,0,0,0,1,0,0,0,1,Saya tidak ada masalah dengan materinya,['👍'],1
561,"Namun penjelesan instruktur sangat lambat dengan nada kaku dan monoton, sehingga saya harus setup kecepatan video menjadi 2x",1,1,0,0,0,0,1,0,0,0,"Namun penjelesan instruktur sangat lambat dengan nada kaku dan monoton, sehingga saya harus setup kecepatan video menjadi 2x",[],0
562,"Steps to instal the phyton mus be included, and if there is a different between version of the aps what would happend? 😔",0,0,1,0,1,0,1,0,0,0,"Steps to instal the phyton mus be included, and if there is a different between version of the aps what would happend?",['😔'],1
563,"Yeah it was good, but there's a question about certain line program that i already ask in Q&A section but i haven't receive any reply",3,1,1,0,0,0,1,0,0,0,"Yeah it was good, but there's a question about certain line program that i already ask in Q&A section but i haven't receive any reply",[],0
564,untuk pembimbing dimohon nada bicara agak sedikit lebih fariativ agar pembelajaran tidak membosankan,1,0,1,0,0,0,0,0,0,2,untuk pembimbing dimohon nada bicara agak sedikit lebih fariativ agar pembelajaran tidak membosankan,[],0
565,thats good,4,0,0,0,0,1,0,0,0,1,thats good,[],0
566,Materi dan penyampaian menyenangkan,4,0,0,0,0,1,0,0,0,1,Materi dan penyampaian menyenangkan,[],0
567,saya cukup mengerti dengan materi yang diberikan,4,0,0,0,0,1,0,0,1,1,saya cukup mengerti dengan materi yang diberikan,[],0
568,"Well, it's a great course, i can easly understand",4,0,0,0,0,1,0,0,1,1,"Well, it's a great course, i can easly understand",[],0
569,But the way he teach us is a little bit confusing,1,0,1,0,0,0,1,0,0,0,But the way he teach us is a little bit confusing,[],0
570,This course is really God,4,0,0,0,0,1,0,1,1,1,This course is really God,[],0
571,"Actually, my son is 9 th grade can follow this lecture very well",4,0,0,0,0,1,0,1,1,1,"Actually, my son is 9 th grade can follow this lecture very well",[],0
572,I strongly recommend this course,4,0,0,0,0,1,0,0,1,1,I strongly recommend this course,[],0
573,Thanks instructor,4,0,0,0,0,1,0,0,0,2,Thanks instructor,[],0
574,detail banget penyampaiannya great jpb,4,0,0,0,0,1,0,0,1,1,detail banget penyampaiannya great jpb,[],0
575,"Walaupun cara membahasnya agak sedikit lambat, tapi ini keren",1,0,1,0,0,1,0,0,1,1,"Walaupun cara membahasnya agak sedikit lambat, tapi ini keren",[],0
576,penjelasannya sangat jelas pelan dan mudah di pahami,4,0,0,0,0,1,0,0,1,1,penjelasannya sangat jelas pelan dan mudah di pahami,[],0
577,Video pembelajaran mudah dipahami,4,0,0,0,0,1,0,0,1,1,Video pembelajaran mudah dipahami,[],0
578,Memuaskan,4,0,0,0,0,1,0,0,0,1,Memuaskan,[],0
579,Penjelasan yang terstruktur dan sistematis,4,0,0,0,0,1,0,0,1,2,Penjelasan yang terstruktur dan sistematis,[],0
580,ga terlalu cepat 😎,4,0,0,0,0,1,0,1,0,1,ga terlalu cepat,['😎'],1
581,Cukup dimengerti dan Mudah dipahami,4,0,0,0,0,1,0,0,1,1,Cukup dimengerti dan Mudah dipahami,[],0
582,Awal yg luar biasa,4,0,1,0,0,1,0,1,0,1,Awal yg luar biasa,[],0
583,mudah dimengerti,4,0,0,0,0,1,0,0,1,1,mudah dimengerti,[],0
584,"penjelasan cukup jelas dan gamblang, mudah difahami",4,0,0,0,0,1,0,0,1,1,"penjelasan cukup jelas dan gamblang, mudah difahami",[],0
585,"Keren, Tutorial nya sangat bermanfaat dan lengkap",4,0,0,0,0,1,0,1,1,1,"Keren, Tutorial nya sangat bermanfaat dan lengkap",[],0
586,cara penyampaian nya juga sangat bagus dan mudah dimengerti,4,0,0,0,0,1,0,0,1,1,cara penyampaian nya juga sangat bagus dan mudah dimengerti,[],0
587,"Materinya to the point, langsung praktek scrap beberapa contoh web baik yang live website atau dalam file html",4,0,0,0,0,1,0,0,1,1,"Materinya to the point, langsung praktek scrap beberapa contoh web baik yang live website atau dalam file html",[],0
588,saya langsung paham penggunaan library beautiful soup ini,4,0,0,0,0,1,0,0,1,1,saya langsung paham penggunaan library beautiful soup ini,[],0
589,untuk saran sebaiknya di akhir ada referensi web/source untuk mendalami penggunaan library beautifulsoup ini,2,0,1,0,0,0,0,0,0,2,untuk saran sebaiknya di akhir ada referensi web/source untuk mendalami penggunaan library beautifulsoup ini,[],0
590,Good explanation,4,0,0,0,0,1,0,0,1,1,Good explanation,[],0
591,Materi dijelaskan dengan gamblang dan mudah dipahami,4,0,0,0,0,1,0,0,1,1,Materi dijelaskan dengan gamblang dan mudah dipahami,[],0
592,"Suaranya jelas, materi sesuai dengan ekspektasi, cocok untuk pemula seperti saya",4,0,0,0,0,1,0,0,1,1,"Suaranya jelas, materi sesuai dengan ekspektasi, cocok untuk pemula seperti saya",[],0
593,setiap materi dasar dijelaskan dengan baik dan jelas,4,0,0,0,0,1,0,0,1,1,setiap materi dasar dijelaskan dengan baik dan jelas,[],0
594,luar biasa,4,0,0,0,0,1,0,1,0,1,luar biasa,[],0
595,I love it,4,0,0,0,0,1,0,1,0,1,I love it,[],0
596,harus dicoba langsung,4,0,1,0,0,0,0,0,0,1,harus dicoba langsung,[],0
597,Kursus ini bagus untuk seseorang yang ingin belajar Python dari dasar,4,0,1,0,0,1,0,0,1,1,Kursus ini bagus untuk seseorang yang ingin belajar Python dari dasar,[],0
598,"Namun, kekurangan kursus ini sangat minim contoh soal yang bisa kita pelajari, diharapkan bisa ditambah studi kasus yang bisa di explore oleh setiap pengguna kursus ini",2,0,1,0,0,0,0,0,0,0,"Namun, kekurangan kursus ini sangat minim contoh soal yang bisa kita pelajari, diharapkan bisa ditambah studi kasus yang bisa di explore oleh setiap pengguna kursus ini",[],0
599,bagus sekali,4,0,0,0,0,1,0,0,0,1,bagus sekali,[],0
600,Alhamdulillah dari kursus ini sangat membantu saya dalam mengajar mata kuliah Pemrograman Data Sains,4,0,0,0,0,1,0,0,1,1,Alhamdulillah dari kursus ini sangat membantu saya dalam mengajar mata kuliah Pemrograman Data Sains,[],0
601,"Hanya mungkin ada beberapa section harus di-update, mengikuti versi pandas terbaru",2,0,1,0,0,0,0,0,0,0,"Hanya mungkin ada beberapa section harus di-update, mengikuti versi pandas terbaru",[],0
602,Big Thank you,4,0,0,0,0,1,0,0,1,1,Big Thank you,[],0
603,Penyampaian sederhana mudah dipahami dan dimengerti,4,0,0,0,0,1,0,0,1,1,Penyampaian sederhana mudah dipahami dan dimengerti,[],0
604,video dan pembelajaran sangat memuaskan untuk pembelajara python dan pandas,4,0,0,0,0,1,0,0,0,1,video dan pembelajaran sangat memuaskan untuk pembelajara python dan pandas,[],0
605,lumayan 🙂,4,0,0,0,0,1,0,0,0,1,lumayan,['🙂'],1
606,Semoga Bisa Sampai Akhir 🤲,4,0,1,0,0,0,0,0,1,2,Semoga Bisa Sampai Akhir,['🤲'],1
607,bagus,4,0,0,0,0,1,0,0,0,1,bagus,[],0
608,cocok,4,0,0,0,0,1,0,0,1,1,cocok,[],0
609,Mantap,4,0,0,0,0,1,0,0,1,1,Mantap,[],0
610,terima kasih sudah diberikan pelatihan seperti ini yang sangat bermanfaat bagi saya untuk mengetahui tentang dasar keamanan informasi,4,0,0,0,0,1,0,0,1,1,terima kasih sudah diberikan pelatihan seperti ini yang sangat bermanfaat bagi saya untuk mengetahui tentang dasar keamanan informasi,[],0
611,Mantap,4,0,0,0,0,1,0,0,1,1,Mantap,[],0
612,"Its the best, thanks mr bas!!!",4,0,0,0,0,1,0,1,1,1,"Its the best, thanks mr bas!!!",[],0
613,this course is really usefull,4,0,0,0,0,1,0,0,1,1,this course is really usefull,[],0
614,good job,4,0,0,0,0,1,0,0,0,1,good job,[],0
615,It was very good,4,0,0,0,0,1,0,0,0,1,It was very good,[],0
616,very good,4,0,0,0,0,1,0,0,0,1,very good,[],0
617,Good,4,0,0,0,0,1,0,0,0,1,Good,[],0
618,materi yang diberikan jelas,4,0,0,0,0,1,0,0,1,1,materi yang diberikan jelas,[],0
619,saya sangat cocok dan oke,4,0,0,0,0,1,0,0,1,1,saya sangat cocok dan oke,[],0
620,"Kursus ini membuat pembelajaran NLP benar-benar menyenangkan karena penjelasannya jelas, terstruktur, dan membangun kepercayaan diri yang kuat sekaligus memotivasi saya untuk terus belajar.",4,0,0,0,0,1,0,0,1,1,"Kursus ini membuat pembelajaran NLP benar-benar menyenangkan karena penjelasannya jelas, terstruktur, dan membangun kepercayaan diri yang kuat sekaligus memotivasi saya untuk terus belajar.",[],0
621,Saya merasa sangat puas dengan kursus ini karena menyajikan konsep NLP secara logis sehingga membuat saya percaya pada materi tersebut dan menikmati proses pembelajaran dari awal hingga akhir.,4,0,0,0,0,1,0,0,1,1,Saya merasa sangat puas dengan kursus ini karena menyajikan konsep NLP secara logis sehingga membuat saya percaya pada materi tersebut dan menikmati proses pembelajaran dari awal hingga akhir.,[],0
622,"Instruktur menyampaikan materi dengan jelas dan mendalam, membuat saya merasa senang, percaya diri, dan bersemangat untuk menerapkan konsep-konsep tersebut pada masalah dunia nyata.",1,0,0,0,0,1,0,0,1,1,"Instruktur menyampaikan materi dengan jelas dan mendalam, membuat saya merasa senang, percaya diri, dan bersemangat untuk menerapkan konsep-konsep tersebut pada masalah dunia nyata.",[],0
623,"Kursus ini melampaui ekspektasi saya dengan menjelaskan topik-topik NLP yang kompleks dengan cara yang sederhana dan menarik, sehingga membuat saya tetap tertarik dan termotivasi sepanjang waktu.",4,0,0,0,0,1,0,1,1,1,"Kursus ini melampaui ekspektasi saya dengan menjelaskan topik-topik NLP yang kompleks dengan cara yang sederhana dan menarik, sehingga membuat saya tetap tertarik dan termotivasi sepanjang waktu.",[],0
624,Saya sangat menikmati kursus ini karena membantu saya memahami NLP langkah demi langkah sekaligus membangun kepercayaan pada pendekatan pengajaran instruktur.,1,0,0,0,0,1,0,0,1,1,Saya sangat menikmati kursus ini karena membantu saya memahami NLP langkah demi langkah sekaligus membangun kepercayaan pada pendekatan pengajaran instruktur.,[],0
625,Pengalaman belajar terasa bermanfaat dan menyenangkan karena kursus ini dengan cermat menyeimbangkan teori dan praktik dengan cara yang terasa alami dan memotivasi.,2,0,0,0,0,1,0,0,1,1,Pengalaman belajar terasa bermanfaat dan menyenangkan karena kursus ini dengan cermat menyeimbangkan teori dan praktik dengan cara yang terasa alami dan memotivasi.,[],0
626,"Saya sangat puas dengan betapa jelasnya instruktur menjelaskan konsep-konsep NLP, yang membuat saya merasa percaya diri dan bersemangat untuk terus maju.",1,0,0,0,0,1,0,0,1,1,"Saya sangat puas dengan betapa jelasnya instruktur menjelaskan konsep-konsep NLP, yang membuat saya merasa percaya diri dan bersemangat untuk terus maju.",[],0
627,"Kursus ini membuat saya merasa nyaman mempelajari NLP karena penjelasannya terstruktur dengan baik, detail, dan mudah diikuti.",2,0,0,0,0,1,0,0,0,1,"Kursus ini membuat saya merasa nyaman mempelajari NLP karena penjelasannya terstruktur dengan baik, detail, dan mudah diikuti.",[],0
628,Saya sangat menikmati perjalanan belajar dalam kursus ini karena secara bertahap membangun pemahaman dan menjaga motivasi tetap tinggi.,4,0,0,0,0,1,0,0,0,1,Saya sangat menikmati perjalanan belajar dalam kursus ini karena secara bertahap membangun pemahaman dan menjaga motivasi tetap tinggi.,[],0
629,Penjelasan instruktur yang jelas membuat kursus ini menyenangkan dan memberi saya kepercayaan diri untuk menerapkan teknik NLP secara mandiri.,1,0,0,0,0,1,0,0,0,1,Penjelasan instruktur yang jelas membuat kursus ini menyenangkan dan memberi saya kepercayaan diri untuk menerapkan teknik NLP secara mandiri.,[],0
630,Saya merasa senang dan puas dengan kursus ini karena isinya disusun dengan matang dan disampaikan dengan cara yang membangun pemahaman yang kuat.,2,0,0,0,0,1,0,0,0,1,Saya merasa senang dan puas dengan kursus ini karena isinya disusun dengan matang dan disampaikan dengan cara yang membangun pemahaman yang kuat.,[],0
631,Kursus ini memberikan pengalaman belajar yang sangat positif dengan menjelaskan konsep-konsep NLP secara jelas dan mendorong rasa ingin tahu serta kepercayaan diri.,4,0,0,0,0,1,0,0,0,1,Kursus ini memberikan pengalaman belajar yang sangat positif dengan menjelaskan konsep-konsep NLP secara jelas dan mendorong rasa ingin tahu serta kepercayaan diri.,[],0
632,Saya menikmati setiap bagian dari kursus ini karena instruktur menjelaskan ide-ide dasar dan lanjutan dengan cara yang terasa menarik dan dapat dipercaya.,1,0,0,0,0,1,0,0,0,1,Saya menikmati setiap bagian dari kursus ini karena instruktur menjelaskan ide-ide dasar dan lanjutan dengan cara yang terasa menarik dan dapat dipercaya.,[],0
633,Struktur kursus ini membuat pembelajaran NLP menyenangkan dan membantu saya merasa percaya diri saat mempelajari setiap topik.,2,0,0,0,0,1,0,0,0,1,Struktur kursus ini membuat pembelajaran NLP menyenangkan dan membantu saya merasa percaya diri saat mempelajari setiap topik.,[],0
634,"Saya sangat puas dengan kedalaman dan kejelasan kursus ini, yang membuat pembelajaran NLP terasa menyenangkan dan bukan menakutkan.",4,0,0,0,0,1,0,1,0,1,"Saya sangat puas dengan kedalaman dan kejelasan kursus ini, yang membuat pembelajaran NLP terasa menyenangkan dan bukan menakutkan.",[],0
635,"Kursus ini berhasil menggabungkan penjelasan yang jelas dan wawasan praktis, sehingga pengalaman belajar menjadi menyenangkan dan memotivasi.",2,0,0,0,0,1,0,0,0,1,"Kursus ini berhasil menggabungkan penjelasan yang jelas dan wawasan praktis, sehingga pengalaman belajar menjadi menyenangkan dan memotivasi.",[],0
636,Saya merasa percaya diri dan terlibat sepanjang kursus karena instruktur menjelaskan konsep-konsep dengan cermat dan logis.,1,0,0,0,0,1,0,0,0,1,Saya merasa percaya diri dan terlibat sepanjang kursus karena instruktur menjelaskan konsep-konsep dengan cermat dan logis.,[],0
637,Kursus ini membuat NLP lebih mudah dipahami dengan menyajikan ide-ide secara terstruktur dan menyenangkan sehingga membuat saya tetap termotivasi.,2,0,0,0,0,1,0,0,0,1,Kursus ini membuat NLP lebih mudah dipahami dengan menyajikan ide-ide secara terstruktur dan menyenangkan sehingga membuat saya tetap termotivasi.,[],0
638,"Saya sangat menghargai kejelasan kursus ini, yang membantu saya membangun kepercayaan pada proses pembelajaran dan menikmati setiap pelajaran 😊",4,0,0,0,0,1,0,0,0,1,"Saya sangat menghargai kejelasan kursus ini, yang membantu saya membangun kepercayaan pada proses pembelajaran dan menikmati setiap pelajaran",['😊'],1
639,Pengalaman belajar ini sangat memuaskan karena kursus ini menjelaskan konsep NLP secara menyeluruh sambil tetap menjaga tempo yang nyaman 😄,2,0,0,0,0,1,0,0,0,1,Pengalaman belajar ini sangat memuaskan karena kursus ini menjelaskan konsep NLP secara menyeluruh sambil tetap menjaga tempo yang nyaman,['😄'],1
640,Saya menikmati kursus ini karena secara bertahap membangun pemahaman dan membuat topik NLP yang kompleks terasa mudah dipahami dan menarik 🙂,2,0,0,0,0,1,0,0,0,1,Saya menikmati kursus ini karena secara bertahap membangun pemahaman dan membuat topik NLP yang kompleks terasa mudah dipahami dan menarik,['🙂'],1
641,Kursus ini melampaui ekspektasi saya dengan memberikan penjelasan berkualitas tinggi yang membuat pembelajaran NLP menjadi menyenangkan dan bermanfaat 🤩,4,0,0,0,0,1,0,1,0,1,Kursus ini melampaui ekspektasi saya dengan memberikan penjelasan berkualitas tinggi yang membuat pembelajaran NLP menjadi menyenangkan dan bermanfaat,['🤩'],1
642,Saya merasa sangat puas dengan kursus ini karena telah membantu saya mendapatkan kepercayaan diri dan antusiasme dalam menerapkan teknik NLP 😊,4,0,0,0,0,1,0,0,0,1,Saya merasa sangat puas dengan kursus ini karena telah membantu saya mendapatkan kepercayaan diri dan antusiasme dalam menerapkan teknik NLP,['😊'],1
643,Gaya mengajar instruktur membuat pembelajaran NLP menjadi menarik dan membantu saya mempercayai konsep-konsep yang dijelaskan 😌,1,0,0,0,0,1,0,0,0,1,Gaya mengajar instruktur membuat pembelajaran NLP menjadi menarik dan membantu saya mempercayai konsep-konsep yang dijelaskan,['😌'],1
644,Kursus ini membuat saya merasa bersemangat untuk belajar NLP karena strukturnya yang jelas dan penjelasannya yang mendalam 😄,4,0,0,0,0,1,0,0,0,1,Kursus ini membuat saya merasa bersemangat untuk belajar NLP karena strukturnya yang jelas dan penjelasannya yang mendalam,['😄'],1
645,"Saya menikmati kursus ini karena menjelaskan dasar-dasar NLP dengan cara yang terasa logis, memotivasi, dan mudah diikuti 🙂",2,0,0,0,0,1,0,0,0,1,"Saya menikmati kursus ini karena menjelaskan dasar-dasar NLP dengan cara yang terasa logis, memotivasi, dan mudah diikuti",['🙂'],1
646,Perjalanan belajar terasa lancar dan memuaskan berkat penjelasan instruktur yang jelas dan konten yang terorganisir dengan baik 😊,4,0,0,0,0,1,0,0,0,1,Perjalanan belajar terasa lancar dan memuaskan berkat penjelasan instruktur yang jelas dan konten yang terorganisir dengan baik,['😊'],1
647,Saya sangat puas dengan cara kursus ini membangun pemahaman langkah demi langkah sambil tetap membuat pengalaman belajar menyenangkan 😌,4,0,0,0,0,1,0,0,0,1,Saya sangat puas dengan cara kursus ini membangun pemahaman langkah demi langkah sambil tetap membuat pengalaman belajar menyenangkan,['😌'],1
648,Kursus ini membantu saya merasa percaya diri dan termotivasi karena menjelaskan konsep NLP dengan cara yang jelas dan menarik 😄,1,0,0,0,0,1,0,0,0,1,Kursus ini membantu saya merasa percaya diri dan termotivasi karena menjelaskan konsep NLP dengan cara yang jelas dan menarik,['😄'],1
649,"Saya sangat menikmati belajar dari kursus ini karena penjelasannya terasa mendalam, detail, dan mudah dipercaya 😊",4,0,0,0,0,1,0,0,0,1,"Saya sangat menikmati belajar dari kursus ini karena penjelasannya terasa mendalam, detail, dan mudah dipercaya",['😊'],1
650,"Instruktur menjelaskan konsep NLP dengan jelas dan sabar, yang membuat seluruh pengalaman belajar menjadi menyenangkan dan membangun kepercayaan diri 😌",1,0,0,0,0,1,0,0,0,1,"Instruktur menjelaskan konsep NLP dengan jelas dan sabar, yang membuat seluruh pengalaman belajar menjadi menyenangkan dan membangun kepercayaan diri",['😌'],1
651,Kursus ini memberikan pengalaman belajar yang sangat positif dengan membuat ide-ide kompleks terasa sederhana dan memotivasi 😄,2,0,0,0,0,1,0,0,0,1,Kursus ini memberikan pengalaman belajar yang sangat positif dengan membuat ide-ide kompleks terasa sederhana dan memotivasi,['😄'],1
652,Saya merasa senang belajar NLP di kursus ini karena kontennya terstruktur dengan baik dan dijelaskan dengan jelas 😊,2,0,0,0,0,1,0,0,0,1,Saya merasa senang belajar NLP di kursus ini karena kontennya terstruktur dengan baik dan dijelaskan dengan jelas,['😊'],1
653,Penjelasan dalam kursus ini membantu saya membangun kepercayaan pada materi dan menikmati proses belajar tanpa merasa bingung 😌,2,0,0,0,0,1,0,0,0,1,Penjelasan dalam kursus ini membantu saya membangun kepercayaan pada materi dan menikmati proses belajar tanpa merasa bingung,['😌'],1
654,Saya sangat puas dengan kursus ini karena menyajikan konsep NLP dengan cara yang terasa praktis dan menyenangkan 🙂,4,0,0,0,0,1,0,0,0,1,Saya sangat puas dengan kursus ini karena menyajikan konsep NLP dengan cara yang terasa praktis dan menyenangkan,['🙂'],1
655,Kursus ini membuat saya merasa bersemangat untuk terus belajar NLP karena penjelasannya jelas dan menarik 😄,4,0,0,0,0,1,0,0,0,1,Kursus ini membuat saya merasa bersemangat untuk terus belajar NLP karena penjelasannya jelas dan menarik,['😄'],1
656,Saya menikmati proses pembelajaran karena instruktur menjelaskan konsep secara menyeluruh sambil tetap membuat pelajaran menarik 😊,1,0,0,0,0,1,0,0,1,1,Saya menikmati proses pembelajaran karena instruktur menjelaskan konsep secara menyeluruh sambil tetap membuat pelajaran menarik,['😊'],1
657,Kursus ini melampaui ekspektasi saya dengan membuat NLP mudah dipahami dan menyenangkan melalui penjelasan yang jelas 🤩,4,0,0,0,0,1,0,1,0,1,Kursus ini melampaui ekspektasi saya dengan membuat NLP mudah dipahami dan menyenangkan melalui penjelasan yang jelas,['🤩'],1
658,Saya merasa percaya diri dan termotivasi sepanjang kursus berkat kontennya yang terstruktur dan berjenjang dengan baik 😌,2,0,0,0,0,1,0,0,0,1,Saya merasa percaya diri dan termotivasi sepanjang kursus berkat kontennya yang terstruktur dan berjenjang dengan baik,['😌'],1
659,Pengalaman belajar ini sangat memuaskan karena instruktur menjelaskan setiap topik dengan jelas dan mendalam 😊,1,0,0,0,0,1,0,0,0,1,Pengalaman belajar ini sangat memuaskan karena instruktur menjelaskan setiap topik dengan jelas dan mendalam,['😊'],1
660,Saya menikmati kursus ini karena membuat konsep NLP mudah dipahami sekaligus tetap membuat pengalaman belajar menyenangkan 🙂,1,0,0,0,0,1,0,0,0,1,Saya menikmati kursus ini karena membuat konsep NLP mudah dipahami sekaligus tetap membuat pengalaman belajar menyenangkan,['🙂'],1
661,Kursus ini memberi saya kepercayaan diri dalam pemahaman saya tentang NLP melalui penjelasan yang jelas dan alur yang logis 😌,1,0,0,0,0,1,0,0,0,1,Kursus ini memberi saya kepercayaan diri dalam pemahaman saya tentang NLP melalui penjelasan yang jelas dan alur yang logis,['😌'],1
662,Saya merasa sangat puas dengan kursus ini karena membantu saya mempelajari NLP dengan cara yang terstruktur dan memotivasi.,4,0,0,0,0,1,0,0,0,1,Saya merasa sangat puas dengan kursus ini karena membantu saya mempelajari NLP dengan cara yang terstruktur dan memotivasi.,[],0
663,Penjelasan dari instruktur membuat pembelajaran NLP menyenangkan dan membantu saya sepenuhnya mempercayai materi tersebut.,1,0,0,0,0,1,0,0,0,1,Penjelasan dari instruktur membuat pembelajaran NLP menyenangkan dan membantu saya sepenuhnya mempercayai materi tersebut.,[],0
664,Kursus ini membuat pembelajaran NLP terasa bermanfaat dengan menjelaskan konsep-konsep secara jelas dan mendorong pembelajaran berkelanjutan.,1,0,0,0,0,1,0,0,0,1,Kursus ini membuat pembelajaran NLP terasa bermanfaat dengan menjelaskan konsep-konsep secara jelas dan mendorong pembelajaran berkelanjutan.,[],0
665,Saya menyukai cara kursus ini menyajikan ide-ide NLP dengan cara yang jelas dan menarik yang membangun kepercayaan diri.,1,0,0,0,0,1,0,0,0,1,Saya menyukai cara kursus ini menyajikan ide-ide NLP dengan cara yang jelas dan menarik yang membangun kepercayaan diri.,[],0
666,Proses pembelajaran berjalan positif dan menyenangkan karena kursus ini menjelaskan semuanya langkah demi langkah.,1,0,0,0,0,1,0,0,0,1,Proses pembelajaran berjalan positif dan menyenangkan karena kursus ini menjelaskan semuanya langkah demi langkah.,[],0
667,"Saya sangat puas dengan kursus ini karena menggabungkan kejelasan, struktur, dan motivasi secara efektif.",4,0,0,0,0,1,0,0,0,1,"Saya sangat puas dengan kursus ini karena menggabungkan kejelasan, struktur, dan motivasi secara efektif.",[],0
668,Kursus ini membantu saya merasa percaya diri dan bersemangat untuk menerapkan teknik NLP dalam praktik.,4,0,0,0,0,1,0,0,0,1,Kursus ini membantu saya merasa percaya diri dan bersemangat untuk menerapkan teknik NLP dalam praktik.,[],0
669,Saya sangat menikmati kursus ini karena membuat pembelajaran NLP menjadi menyenangkan dan membangun kepercayaan diri.,1,0,0,0,0,1,0,0,0,1,Saya sangat menikmati kursus ini karena membuat pembelajaran NLP menjadi menyenangkan dan membangun kepercayaan diri.,[],0
670,"Instruktur menjelaskan konsep-konsep NLP dengan jelas dan konsisten, yang membuat pengalaman belajar menjadi lancar dan menyenangkan.",1,0,0,0,0,1,0,0,0,1,"Instruktur menjelaskan konsep-konsep NLP dengan jelas dan konsisten, yang membuat pengalaman belajar menjadi lancar dan menyenangkan.",[],0
671,Kursus ini melampaui harapan saya dengan membuat topik-topik kompleks terasa mudah dipahami dan memotivasi.,1,0,0,0,0,1,0,1,0,1,Kursus ini melampaui harapan saya dengan membuat topik-topik kompleks terasa mudah dipahami dan memotivasi.,[],0
672,Saya merasa senang mempelajari NLP melalui kursus ini karena penjelasannya jelas dan terorganisir dengan baik.,1,0,0,0,0,1,0,0,0,1,Saya merasa senang mempelajari NLP melalui kursus ini karena penjelasannya jelas dan terorganisir dengan baik.,[],0
673,Struktur kursus membantu saya tetap termotivasi dan percaya diri saat mempelajari konsep-konsep NLP.,1,0,0,0,0,1,0,0,0,1,Struktur kursus membantu saya tetap termotivasi dan percaya diri saat mempelajari konsep-konsep NLP.,[],0
674,Saya sangat puas dengan kursus ini karena menyajikan informasi dengan jelas dan membangun pemahaman secara bertahap.,4,0,0,0,0,1,0,0,0,1,Saya sangat puas dengan kursus ini karena menyajikan informasi dengan jelas dan membangun pemahaman secara bertahap.,[],0
675,Kursus ini membuat pembelajaran NLP menjadi menyenangkan dengan menjelaskan ide-ide secara logis dan mudah dipahami.,1,0,0,0,0,1,0,0,0,1,Kursus ini membuat pembelajaran NLP menjadi menyenangkan dengan menjelaskan ide-ide secara logis dan mudah dipahami.,[],0
676,Saya menikmati pengalaman belajar ini karena instruktur menjelaskan konsep-konsep dengan cermat dan jelas.,1,0,0,0,0,1,0,0,0,1,Saya menikmati pengalaman belajar ini karena instruktur menjelaskan konsep-konsep dengan cermat dan jelas.,[],0
677,Kursus ini membantu saya merasa percaya diri dengan pengetahuan NLP saya berkat penjelasannya yang jelas.,1,0,0,0,0,1,0,0,0,1,Kursus ini membantu saya merasa percaya diri dengan pengetahuan NLP saya berkat penjelasannya yang jelas.,[],0
678,Saya merasa termotivasi dan puas sepanjang kursus karena kontennya yang terstruktur dengan baik.,4,0,0,0,0,1,0,0,0,1,Saya merasa termotivasi dan puas sepanjang kursus karena kontennya yang terstruktur dengan baik.,[],0
679,Gaya mengajar instruktur membuat kursus ini menyenangkan dan mudah dipercaya.,1,0,0,0,0,1,0,0,0,1,Gaya mengajar instruktur membuat kursus ini menyenangkan dan mudah dipercaya.,[],0
680,"Saya menikmati kursus ini karena menjelaskan konsep-konsep NLP dengan cara yang terasa jelas, praktis, dan memotivasi.",1,0,0,0,0,1,0,0,0,1,"Saya menikmati kursus ini karena menjelaskan konsep-konsep NLP dengan cara yang terasa jelas, praktis, dan memotivasi.",[],0
681,Kursus ini melampaui harapan saya dengan memberikan penjelasan yang jelas dan pengalaman belajar yang lancar.,1,0,0,0,0,1,0,1,0,1,Kursus ini melampaui harapan saya dengan memberikan penjelasan yang jelas dan pengalaman belajar yang lancar.,[],0
682,Saya sangat puas dengan cara kursus ini membangun pemahaman langkah demi langkah.,4,0,0,0,0,1,0,0,0,1,Saya sangat puas dengan cara kursus ini membangun pemahaman langkah demi langkah.,[],0
683,Pengalaman belajar tersebut menyenangkan karena instruktur menjelaskan semuanya dengan jelas dan cermat.,1,0,0,0,0,1,0,0,0,1,Pengalaman belajar tersebut menyenangkan karena instruktur menjelaskan semuanya dengan jelas dan cermat.,[],0
684,Kursus ini membuat NLP lebih mudah dipelajari dan membuat saya tetap termotivasi sepanjang waktu.,1,0,0,0,0,1,0,0,0,1,Kursus ini membuat NLP lebih mudah dipelajari dan membuat saya tetap termotivasi sepanjang waktu.,[],0
685,Saya menyukai struktur kursus ini karena mendukung pembelajaran yang jelas dan percaya diri.,4,0,0,0,0,1,0,0,0,1,Saya menyukai struktur kursus ini karena mendukung pembelajaran yang jelas dan percaya diri.,[],0
686,Penjelasan-penjelasan tersebut membantu saya merasa percaya diri dan bersemangat untuk mempelajari NLP.,1,0,0,0,0,1,0,0,0,1,Penjelasan-penjelasan tersebut membantu saya merasa percaya diri dan bersemangat untuk mempelajari NLP.,[],0
687,Kursus ini memberikan pengalaman belajar yang sangat positif berkat kejelasan dan pengorganisasiannya.,4,0,0,0,0,1,0,0,0,1,Kursus ini memberikan pengalaman belajar yang sangat positif berkat kejelasan dan pengorganisasiannya.,[],0
688,Saya merasa puas mempelajari NLP karena kontennya disajikan dengan jelas dan logis.,1,0,0,0,0,1,0,0,0,1,Saya merasa puas mempelajari NLP karena kontennya disajikan dengan jelas dan logis.,[],0
689,Penjelasan dari instruktur membuat kursus ini menyenangkan dan membangun kepercayaan diri.,1,0,0,0,0,1,0,0,0,1,Penjelasan dari instruktur membuat kursus ini menyenangkan dan membangun kepercayaan diri.,[],0
690,Saya menikmati belajar NLP melalui kursus ini karena materinya terstruktur dan mudah diikuti.,2,0,0,0,0,1,0,0,0,1,Saya menikmati belajar NLP melalui kursus ini karena materinya terstruktur dan mudah diikuti.,[],0
691,Kursus ini melampaui harapan saya dengan membuat konsep NLP menjadi menarik dan mudah dipahami.,4,0,0,0,0,1,0,1,0,1,Kursus ini melampaui harapan saya dengan membuat konsep NLP menjadi menarik dan mudah dipahami.,[],0
692,Saya merasa sangat puas dengan pengalaman belajar yang diberikan oleh kursus ini.,4,0,0,0,0,1,0,0,0,1,Saya merasa sangat puas dengan pengalaman belajar yang diberikan oleh kursus ini.,[],0
693,Kursus ini membantu saya merasa percaya diri dan termotivasi saat mempelajari NLP.,4,0,0,0,0,1,0,0,0,1,Kursus ini membantu saya merasa percaya diri dan termotivasi saat mempelajari NLP.,[],0
694,Saya menyukai penjelasan yang jelas yang membuat pembelajaran NLP menjadi menyenangkan.,1,0,0,0,0,1,0,0,0,1,Saya menyukai penjelasan yang jelas yang membuat pembelajaran NLP menjadi menyenangkan.,[],0
695,Kursus ini membuat pembelajaran NLP terasa bermanfaat berkat strukturnya yang terencana dengan baik.,2,0,0,0,0,1,0,0,0,1,Kursus ini membuat pembelajaran NLP terasa bermanfaat berkat strukturnya yang terencana dengan baik.,[],0
696,Saya merasa percaya diri belajar dari kursus ini karena penjelasannya jelas dan konsisten.,1,0,0,0,0,1,0,0,0,1,Saya merasa percaya diri belajar dari kursus ini karena penjelasannya jelas dan konsisten.,[],0
697,Pengalaman belajar tersebut menyenangkan dan memotivasi berkat gaya mengajar instruktur.,1,0,0,0,0,1,0,1,0,1,Pengalaman belajar tersebut menyenangkan dan memotivasi berkat gaya mengajar instruktur.,[],0
698,Kursus ini melampaui harapan saya dengan membuat ide-ide kompleks menjadi mudah dipahami.,4,0,0,0,0,1,0,1,0,1,Kursus ini melampaui harapan saya dengan membuat ide-ide kompleks menjadi mudah dipahami.,[],0
699,Saya sangat puas dengan penjelasan konsep NLP yang begitu jelas dalam kursus ini.,4,0,0,0,0,1,0,0,0,1,Saya sangat puas dengan penjelasan konsep NLP yang begitu jelas dalam kursus ini.,[],0
700,Saya menikmati kursus ini karena menyajikan konsep NLP dengan cara yang terasa logis dan menarik.,2,0,0,0,0,1,0,0,0,1,Saya menikmati kursus ini karena menyajikan konsep NLP dengan cara yang terasa logis dan menarik.,[],0
701,Kursus ini membantu saya membangun kepercayaan diri dan antusiasme untuk mempelajari NLP.,4,0,0,0,0,1,0,0,0,1,Kursus ini membantu saya membangun kepercayaan diri dan antusiasme untuk mempelajari NLP.,[],0
702,Saya merasa puas dengan pengalaman belajar tersebut karena kontennya terstruktur dengan baik.,2,0,0,0,0,1,0,0,0,1,Saya merasa puas dengan pengalaman belajar tersebut karena kontennya terstruktur dengan baik.,[],0
703,Penjelasan dari instruktur membuat pembelajaran NLP menyenangkan dan mudah diikuti.,1,0,0,0,0,1,0,0,0,1,Penjelasan dari instruktur membuat pembelajaran NLP menyenangkan dan mudah diikuti.,[],0
704,Kursus ini melampaui harapan saya dengan memberikan pelajaran yang jelas dan memotivasi.,4,0,0,0,0,1,0,1,0,1,Kursus ini melampaui harapan saya dengan memberikan pelajaran yang jelas dan memotivasi.,[],0
705,Saya menikmati proses pembelajaran ini karena kursus ini menjelaskan konsep-konsepnya langkah demi langkah.,1,0,0,0,0,1,0,0,0,1,Saya menikmati proses pembelajaran ini karena kursus ini menjelaskan konsep-konsepnya langkah demi langkah.,[],0
706,Saya merasa percaya diri dan puas setelah menyelesaikan kursus ini.,4,0,0,0,0,1,0,0,0,1,Saya merasa percaya diri dan puas setelah menyelesaikan kursus ini.,[],0
707,Struktur kursus ini membuat pembelajaran NLP menjadi menyenangkan dan efektif.,2,0,0,0,0,1,0,0,0,1,Struktur kursus ini membuat pembelajaran NLP menjadi menyenangkan dan efektif.,[],0
708,Saya menyukai kejelasan dan pengorganisasian pelajaran sepanjang kursus.,2,0,0,0,0,1,0,0,0,1,Saya menyukai kejelasan dan pengorganisasian pelajaran sepanjang kursus.,[],0
709,Kursus ini membuat pembelajaran NLP terasa mudah diakses dan bermanfaat.,4,0,0,0,0,1,0,0,0,1,Kursus ini membuat pembelajaran NLP terasa mudah diakses dan bermanfaat.,[],0
710,Saya sangat puas dengan kursus ini karena menjelaskan konsep NLP dengan jelas dan membangun kepercayaan diri.,4,0,0,0,0,1,0,0,0,1,Saya sangat puas dengan kursus ini karena menjelaskan konsep NLP dengan jelas dan membangun kepercayaan diri.,[],0
711,Penjelasan yang jelas dari instruktur membuat pengalaman belajar menjadi menyenangkan.,1,0,0,0,0,1,0,0,0,1,Penjelasan yang jelas dari instruktur membuat pengalaman belajar menjadi menyenangkan.,[],0
712,Kursus ini melampaui harapan saya dengan membuat NLP menarik dan mudah dipahami.,4,0,0,0,0,1,0,1,0,1,Kursus ini melampaui harapan saya dengan membuat NLP menarik dan mudah dipahami.,[],0
713,Saya menikmati belajar dari kursus ini karena kontennya mengalir secara logis.,2,0,0,0,0,1,0,0,0,1,Saya menikmati belajar dari kursus ini karena kontennya mengalir secara logis.,[],0
714,Pengalaman belajar tersebut positif dan memotivasi berkat struktur kursusnya.,2,0,0,0,0,1,0,0,0,1,Pengalaman belajar tersebut positif dan memotivasi berkat struktur kursusnya.,[],0
715,Saya merasa yakin dengan pemahaman saya tentang NLP setelah menyelesaikan kursus ini.,4,0,0,0,0,1,0,0,0,1,Saya merasa yakin dengan pemahaman saya tentang NLP setelah menyelesaikan kursus ini.,[],0
716,Kursus ini membuat pembelajaran NLP menjadi menyenangkan melalui penjelasan yang jelas dan mendalam.,1,0,0,0,0,1,0,0,0,1,Kursus ini membuat pembelajaran NLP menjadi menyenangkan melalui penjelasan yang jelas dan mendalam.,[],0
717,Saya menikmati proses pembelajaran karena instruktur menjelaskan konsep-konsepnya dengan sangat baik.,1,0,0,0,0,1,0,0,0,1,Saya menikmati proses pembelajaran karena instruktur menjelaskan konsep-konsepnya dengan sangat baik.,[],0
718,Saya sangat puas dengan cara kursus ini menyajikan topik-topik NLP.,4,0,0,0,0,1,0,0,0,1,Saya sangat puas dengan cara kursus ini menyajikan topik-topik NLP.,[],0
719,Kursus ini memberikan pengalaman belajar yang sangat menyenangkan dan membangun kepercayaan diri 😊,4,0,0,0,0,1,0,0,0,1,Kursus ini memberikan pengalaman belajar yang sangat menyenangkan dan membangun kepercayaan diri,['😊'],1
720,"Saya merasa sangat senang dan terkejut dengan betapa jelasnya kursus ini menjelaskan konsep-konsep NLP, sehingga seluruh pengalaman belajar menjadi menyenangkan dan memotivasi dari awal hingga akhir 😄",1,0,0,0,0,1,0,1,0,1,"Saya merasa sangat senang dan terkejut dengan betapa jelasnya kursus ini menjelaskan konsep-konsep NLP, sehingga seluruh pengalaman belajar menjadi menyenangkan dan memotivasi dari awal hingga akhir",['😄'],1
721,"Kursus ini membuat saya merasa bersemangat sekaligus terkejut karena berhasil mengubah topik NLP yang kompleks menjadi sesuatu yang menarik, mudah dipahami, dan bermanfaat untuk dipelajari 🤩",4,0,0,0,0,1,0,1,0,1,"Kursus ini membuat saya merasa bersemangat sekaligus terkejut karena berhasil mengubah topik NLP yang kompleks menjadi sesuatu yang menarik, mudah dipahami, dan bermanfaat untuk dipelajari",['🤩'],1
722,Saya sangat terkejut sekaligus senang melihat betapa lancarnya alur pelajaran dan betapa menyenangkannya belajar NLP berkat penjelasan yang jelas dari instruktur 😌,1,0,0,0,0,1,0,1,0,1,Saya sangat terkejut sekaligus senang melihat betapa lancarnya alur pelajaran dan betapa menyenangkannya belajar NLP berkat penjelasan yang jelas dari instruktur,['😌'],1
723,Kursus ini melebihi ekspektasi saya dan membuat saya merasa senang karena setiap topik dijelaskan dengan cara yang sangat jelas dan mudah dipahami 😃,4,0,0,0,0,1,0,1,0,1,Kursus ini melebihi ekspektasi saya dan membuat saya merasa senang karena setiap topik dijelaskan dengan cara yang sangat jelas dan mudah dipahami,['😃'],1
724,"Saya merasakan kenikmatan dan kejutan menyenangkan saat mempelajari NLP karena penjelasannya terstruktur, terarah, dan mudah dipahami 🙂",2,0,0,0,0,1,0,1,0,1,"Saya merasakan kenikmatan dan kejutan menyenangkan saat mempelajari NLP karena penjelasannya terstruktur, terarah, dan mudah dipahami",['🙂'],1
725,Kursus ini membuat pembelajaran NLP menjadi menarik dan mengejutkan dengan menyajikan konsep-konsepnya dengan cara yang terasa intuitif dan sangat menarik 😄,1,0,0,0,0,1,0,1,0,1,Kursus ini membuat pembelajaran NLP menjadi menarik dan mengejutkan dengan menyajikan konsep-konsepnya dengan cara yang terasa intuitif dan sangat menarik,['😄'],1
726,Saya sangat terkejut betapa saya menikmati belajar NLP melalui kursus ini karena kejelasan dan gaya pengajarannya yang menarik 😊,1,0,0,0,0,1,0,1,0,1,Saya sangat terkejut betapa saya menikmati belajar NLP melalui kursus ini karena kejelasan dan gaya pengajarannya yang menarik,['😊'],1
727,Kursus ini membuat saya merasa gembira dan terkesan karena menjelaskan ide-ide NLP dengan jelas sambil tetap membuat pengalaman belajar menyenangkan 😃,1,0,0,0,0,1,0,0,0,1,Kursus ini membuat saya merasa gembira dan terkesan karena menjelaskan ide-ide NLP dengan jelas sambil tetap membuat pengalaman belajar menyenangkan,['😃'],1
728,Saya merasa bersemangat dan terkejut secara positif dengan betapa efektifnya instruktur tersebut membuat konsep-konsep NLP yang kompleks menjadi mudah dipahami 🤩,1,0,0,0,0,1,0,1,0,1,Saya merasa bersemangat dan terkejut secara positif dengan betapa efektifnya instruktur tersebut membuat konsep-konsep NLP yang kompleks menjadi mudah dipahami,['🤩'],1
729,"Mempelajari NLP melalui kursus ini merupakan pengalaman yang menyenangkan, terutama karena penjelasannya lebih jelas dari yang saya duga sebelumnya 😄",1,0,0,0,0,1,0,1,0,1,"Mempelajari NLP melalui kursus ini merupakan pengalaman yang menyenangkan, terutama karena penjelasannya lebih jelas dari yang saya duga sebelumnya",['😄'],1
730,"Saya merasa senang sekaligus terkejut dengan betapa menariknya pelajaran-pelajaran tersebut, membuat NLP terasa jauh lebih mudah diakses dan menyenangkan 🙂",1,0,0,0,0,1,0,1,0,1,"Saya merasa senang sekaligus terkejut dengan betapa menariknya pelajaran-pelajaran tersebut, membuat NLP terasa jauh lebih mudah diakses dan menyenangkan",['🙂'],1
731,Kursus ini memberikan kejutan menyenangkan dengan mengubah topik NLP yang menantang menjadi sesuatu yang menyenangkan dan memotivasi untuk dipelajari 😊,4,0,0,0,0,1,0,1,0,1,Kursus ini memberikan kejutan menyenangkan dengan mengubah topik NLP yang menantang menjadi sesuatu yang menyenangkan dan memotivasi untuk dipelajari,['😊'],1
732,Saya sangat menikmati kursus ini dan terkejut betapa alaminya penjelasan-penjelasan tersebut membantu saya memahami konsep-konsep NLP 😌,1,0,0,0,0,1,0,1,0,1,Saya sangat menikmati kursus ini dan terkejut betapa alaminya penjelasan-penjelasan tersebut membantu saya memahami konsep-konsep NLP,['😌'],1
733,Pengalaman belajar ini terasa menyenangkan dan menyegarkan karena kursus ini melebihi ekspektasi saya dalam hal kejelasan dan struktur 😃,4,0,0,0,0,1,0,0,0,1,Pengalaman belajar ini terasa menyenangkan dan menyegarkan karena kursus ini melebihi ekspektasi saya dalam hal kejelasan dan struktur,['😃'],1
734,Saya merasakan kegembiraan dan kejutan karena kursus ini membuat konsep NLP lebih mudah dan menyenangkan daripada yang saya duga 🤩,4,0,0,0,0,1,0,1,0,1,Saya merasakan kegembiraan dan kejutan karena kursus ini membuat konsep NLP lebih mudah dan menyenangkan daripada yang saya duga,['🤩'],1
735,"Kursus ini membuat belajar NLP menjadi perjalanan yang menyenangkan, terutama karena setiap topik disajikan dengan sangat jelas dan menarik 😄",1,0,0,0,0,1,0,0,0,1,"Kursus ini membuat belajar NLP menjadi perjalanan yang menyenangkan, terutama karena setiap topik disajikan dengan sangat jelas dan menarik",['😄'],1
736,"Saya sangat terkejut dengan kedalaman pemahaman yang saya peroleh, sambil tetap menikmati setiap pelajaran 🙂",4,0,0,0,0,1,0,1,0,1,"Saya sangat terkejut dengan kedalaman pemahaman yang saya peroleh, sambil tetap menikmati setiap pelajaran",['🙂'],1
737,Penjelasan dari instruktur membuat pembelajaran NLP menjadi sangat menyenangkan dan selalu memuaskan 😊,1,0,0,0,0,1,0,1,0,1,Penjelasan dari instruktur membuat pembelajaran NLP menjadi sangat menyenangkan dan selalu memuaskan,['😊'],1
738,Saya merasa senang dan terkesan dengan bagaimana kursus ini mengubah ide-ide NLP yang kompleks menjadi sesuatu yang menarik dan mudah dipahami 😃,4,0,0,0,0,1,0,0,0,1,Saya merasa senang dan terkesan dengan bagaimana kursus ini mengubah ide-ide NLP yang kompleks menjadi sesuatu yang menarik dan mudah dipahami,['😃'],1
739,Kursus ini melebihi ekspektasi saya dengan memberikan pengalaman belajar yang menyenangkan dan sangat lancar 🤩,4,0,0,0,0,1,0,1,0,1,Kursus ini melebihi ekspektasi saya dengan memberikan pengalaman belajar yang menyenangkan dan sangat lancar,['🤩'],1
740,Saya benar-benar menikmati dan terkejut karena kursus ini membuat konsep NLP terasa intuitif dan terstruktur dengan baik 😄,2,0,0,0,0,1,0,1,0,1,Saya benar-benar menikmati dan terkejut karena kursus ini membuat konsep NLP terasa intuitif dan terstruktur dengan baik,['😄'],1
741,Mempelajari NLP melalui kursus ini menyenangkan dan mudah di luar dugaan berkat penjelasan yang jelas 😊,1,0,0,0,0,1,0,1,0,1,Mempelajari NLP melalui kursus ini menyenangkan dan mudah di luar dugaan berkat penjelasan yang jelas,['😊'],1
742,Saya merasa gembira sepanjang kursus dan terkejut sekaligus senang dengan betapa menariknya proses pembelajaran tersebut 😃,4,0,0,0,0,1,0,1,0,1,Saya merasa gembira sepanjang kursus dan terkejut sekaligus senang dengan betapa menariknya proses pembelajaran tersebut,['😃'],1
743,Kursus ini membuat pembelajaran NLP menjadi menarik karena menjelaskan konsep-konsepnya dengan lebih jelas dari yang saya duga 🤩,1,0,0,0,0,1,0,1,0,1,Kursus ini membuat pembelajaran NLP menjadi menarik karena menjelaskan konsep-konsepnya dengan lebih jelas dari yang saya duga,['🤩'],1
744,Saya menikmati perjalanan belajar ini dan terkejut betapa nyamannya saya memahami topik-topik NLP 😌,4,0,0,0,0,1,0,1,0,1,Saya menikmati perjalanan belajar ini dan terkejut betapa nyamannya saya memahami topik-topik NLP,['😌'],1
745,Kursus ini membawa kegembiraan dan kejutan positif dengan membuat NLP mudah dipahami dan menarik 😊,4,0,0,0,0,1,0,1,0,1,Kursus ini membawa kegembiraan dan kejutan positif dengan membuat NLP mudah dipahami dan menarik,['😊'],1
746,Saya merasa bersemangat dan terkejut sekaligus senang dengan kemampuan instruktur dalam menyederhanakan ide-ide NLP yang kompleks 😄,1,0,0,0,0,1,0,1,0,1,Saya merasa bersemangat dan terkejut sekaligus senang dengan kemampuan instruktur dalam menyederhanakan ide-ide NLP yang kompleks,['😄'],1
747,Kursus ini melampaui ekspektasi saya dengan membuat pembelajaran NLP menjadi menyenangkan dan bermanfaat 🤩,4,0,0,0,0,1,0,1,0,1,Kursus ini melampaui ekspektasi saya dengan membuat pembelajaran NLP menjadi menyenangkan dan bermanfaat,['🤩'],1
748,Saya merasakan kebahagiaan dan kejutan saat setiap pelajaran menjadi lebih mudah dipahami 😊,4,0,0,0,0,1,0,1,0,1,Saya merasakan kebahagiaan dan kejutan saat setiap pelajaran menjadi lebih mudah dipahami,['😊'],1
749,Mempelajari NLP terasa menyenangkan dan menyegarkan berkat penjelasan yang jelas dan menarik dalam kursus ini.,1,0,0,0,0,1,0,0,0,1,Mempelajari NLP terasa menyenangkan dan menyegarkan berkat penjelasan yang jelas dan menarik dalam kursus ini.,[],0
750,Saya merasa senang dan terkesan dengan bagaimana kursus tersebut menjelaskan konsep-konsep NLP dengan cara yang menyenangkan.,1,0,0,0,0,1,0,0,0,1,Saya merasa senang dan terkesan dengan bagaimana kursus tersebut menjelaskan konsep-konsep NLP dengan cara yang menyenangkan.,[],0
751,Kursus ini membuat pembelajaran NLP menjadi sangat mudah dan menyenangkan berkat strukturnya yang jelas.,2,0,0,0,0,1,0,1,0,1,Kursus ini membuat pembelajaran NLP menjadi sangat mudah dan menyenangkan berkat strukturnya yang jelas.,[],0
752,Saya merasakan kegembiraan dan kejutan positif karena instruktur membuat konsep NLP mudah dipahami.,1,0,0,0,0,1,0,1,0,1,Saya merasakan kegembiraan dan kejutan positif karena instruktur membuat konsep NLP mudah dipahami.,[],0
753,Pengalaman belajar ini sangat menyenangkan karena kursus ini melampaui harapan saya dalam hal kejelasan.,4,0,0,0,0,1,0,0,0,1,Pengalaman belajar ini sangat menyenangkan karena kursus ini melampaui harapan saya dalam hal kejelasan.,[],0
754,Saya merasa gembira dan terkejut sekaligus senang karena pelajaran-pelajaran tersebut sangat menarik dan mudah dipahami.,1,0,0,0,0,1,0,1,0,1,Saya merasa gembira dan terkejut sekaligus senang karena pelajaran-pelajaran tersebut sangat menarik dan mudah dipahami.,[],0
755,Kursus ini membuat pembelajaran NLP menjadi menyenangkan dengan menyajikan ide-ide dengan cara yang sangat sederhana.,2,0,0,0,0,1,0,1,0,1,Kursus ini membuat pembelajaran NLP menjadi menyenangkan dengan menyajikan ide-ide dengan cara yang sangat sederhana.,[],0
756,Saya menikmati setiap pelajaran dan terkejut dengan betapa percaya dirinya saya saat mempelajari NLP.,4,0,0,0,0,1,0,1,0,1,Saya menikmati setiap pelajaran dan terkejut dengan betapa percaya dirinya saya saat mempelajari NLP.,[],0
757,Kursus ini menghadirkan kegembiraan dan antusiasme dengan membuat konsep NLP menjadi jelas dan menarik.,1,0,0,0,0,1,0,0,0,1,Kursus ini menghadirkan kegembiraan dan antusiasme dengan membuat konsep NLP menjadi jelas dan menarik.,[],0
758,Saya merasa senang sekaligus terkesan dengan pendekatan pengajaran instruktur tersebut.,1,0,0,0,0,1,0,0,0,1,Saya merasa senang sekaligus terkesan dengan pendekatan pengajaran instruktur tersebut.,[],0
759,Kursus ini melampaui ekspektasi saya dengan menjadikan pembelajaran NLP sebagai pengalaman yang menyenangkan.,4,0,0,0,0,1,0,0,0,1,Kursus ini melampaui ekspektasi saya dengan menjadikan pembelajaran NLP sebagai pengalaman yang menyenangkan.,[],0
760,Saya merasa gembira dan terkejut secara positif dengan betapa jelasnya kursus tersebut menjelaskan dasar-dasar NLP.,1,0,0,0,0,1,0,1,0,1,Saya merasa gembira dan terkejut secara positif dengan betapa jelasnya kursus tersebut menjelaskan dasar-dasar NLP.,[],0
761,Mempelajari NLP melalui kursus ini menyenangkan dan sangat memotivasi.,4,0,0,0,0,1,0,1,0,1,Mempelajari NLP melalui kursus ini menyenangkan dan sangat memotivasi.,[],0
762,Saya sangat terkejut dengan betapa menarik dan jelasnya pelajaran-pelajaran tersebut.,1,0,0,0,0,1,0,1,0,1,Saya sangat terkejut dengan betapa menarik dan jelasnya pelajaran-pelajaran tersebut.,[],0
763,Kursus ini membuat NLP terasa menarik dan mudah dipahami melalui penjelasannya yang mendalam.,1,0,0,0,0,1,0,0,0,1,Kursus ini membuat NLP terasa menarik dan mudah dipahami melalui penjelasannya yang mendalam.,[],0
764,Saya merasakan kenikmatan dan kejutan yang tulus saat mempelajari setiap topik NLP.,4,0,0,0,0,1,0,1,0,1,Saya merasakan kenikmatan dan kejutan yang tulus saat mempelajari setiap topik NLP.,[],0
765,Perjalanan belajar terasa menyenangkan karena kursus ini melebihi ekspektasi saya dalam hal kualitas.,4,0,0,0,0,1,0,0,0,1,Perjalanan belajar terasa menyenangkan karena kursus ini melebihi ekspektasi saya dalam hal kualitas.,[],0
766,Saya merasa bersemangat dan terkesan dengan betapa lancarnya instruktur menjelaskan konsep-konsep NLP.,1,0,0,0,0,1,0,0,0,1,Saya merasa bersemangat dan terkesan dengan betapa lancarnya instruktur menjelaskan konsep-konsep NLP.,[],0
767,Kursus ini membuat pembelajaran NLP menyenangkan dan sangat mudah dipahami.,1,0,0,0,0,1,0,1,0,1,Kursus ini membuat pembelajaran NLP menyenangkan dan sangat mudah dipahami.,[],0
768,Saya senang dan terkejut dengan kejelasan penjelasannya.,1,0,0,0,0,1,0,1,0,1,Saya senang dan terkejut dengan kejelasan penjelasannya.,[],0
769,Mempelajari NLP melalui kursus ini terasa bermanfaat dan menyenangkan.,4,0,0,0,0,1,0,0,0,1,Mempelajari NLP melalui kursus ini terasa bermanfaat dan menyenangkan.,[],0
770,Saya merasa senang karena kursus ini membuat konsep NLP menarik dan mudah dipahami.,1,0,0,0,0,1,0,0,0,1,Saya merasa senang karena kursus ini membuat konsep NLP menarik dan mudah dipahami.,[],0
771,Kursus ini melampaui ekspektasi saya dengan mengubah pembelajaran NLP menjadi pengalaman yang menyenangkan.,4,0,0,0,0,1,0,0,0,1,Kursus ini melampaui ekspektasi saya dengan mengubah pembelajaran NLP menjadi pengalaman yang menyenangkan.,[],0
772,Saya mengalami kejutan positif karena pelajaran yang didapat lebih jelas dari yang saya duga.,1,0,0,0,0,1,0,1,0,1,Saya mengalami kejutan positif karena pelajaran yang didapat lebih jelas dari yang saya duga.,[],0
773,Belajar NLP terasa menyenangkan dan lancar berkat penjelasan dari instruktur.,1,0,0,0,0,1,0,0,0,1,Belajar NLP terasa menyenangkan dan lancar berkat penjelasan dari instruktur.,[],0
774,Saya menikmati kursus ini dan terkejut dengan betapa percaya dirinya saya saat itu.,4,0,0,0,0,1,0,1,0,1,Saya menikmati kursus ini dan terkejut dengan betapa percaya dirinya saya saat itu.,[],0
775,Kursus ini memberikan kegembiraan dengan membuat pembelajaran NLP terstruktur dan menarik.,2,0,0,0,0,1,0,0,0,1,Kursus ini memberikan kegembiraan dengan membuat pembelajaran NLP terstruktur dan menarik.,[],0
776,Saya merasa senang dan terkesan dengan bagaimana kursus tersebut menyederhanakan ide-ide yang kompleks.,2,0,0,0,0,1,0,0,0,1,Saya merasa senang dan terkesan dengan bagaimana kursus tersebut menyederhanakan ide-ide yang kompleks.,[],0
777,Mempelajari NLP sangat menyenangkan dan penuh kejutan yang menyenangkan sepanjang kursus.,4,0,0,0,0,1,0,1,0,1,Mempelajari NLP sangat menyenangkan dan penuh kejutan yang menyenangkan sepanjang kursus.,[],0
778,Pendekatan instruktur membuat pembelajaran NLP menjadi menarik dan mudah diakses.,1,0,0,0,0,1,0,0,0,1,Pendekatan instruktur membuat pembelajaran NLP menjadi menarik dan mudah diakses.,[],0
779,Kursus ini melampaui harapan saya karena membuat proses belajar menjadi menyenangkan.,4,0,0,0,0,1,0,0,0,1,Kursus ini melampaui harapan saya karena membuat proses belajar menjadi menyenangkan.,[],0
780,Saya merasa senang mempelajari NLP karena penjelasannya jelas dan menarik.,1,0,0,0,0,1,0,0,0,1,Saya merasa senang mempelajari NLP karena penjelasannya jelas dan menarik.,[],0
781,Kursus ini membuat pembelajaran NLP menjadi sangat menyenangkan dan bermanfaat.,4,0,0,0,0,1,0,1,0,1,Kursus ini membuat pembelajaran NLP menjadi sangat menyenangkan dan bermanfaat.,[],0
782,Saya merasakan kebahagiaan dan kejutan saat setiap pelajaran menjadi lebih mudah dipahami.,4,0,0,0,0,1,0,1,0,1,Saya merasakan kebahagiaan dan kejutan saat setiap pelajaran menjadi lebih mudah dipahami.,[],0
783,Saya merasakan kebahagiaan karena kursus ini melebihi ekspektasi saya.,4,0,0,0,0,1,0,0,0,1,Saya merasakan kebahagiaan karena kursus ini melebihi ekspektasi saya.,[],0
784,Kursus ini membuat pembelajaran NLP menjadi menarik dan menyenangkan.,1,0,0,0,0,1,0,0,0,1,Kursus ini membuat pembelajaran NLP menjadi menarik dan menyenangkan.,[],0
785,Saya sangat terkejut sekaligus senang karena ternyata saya menikmati pelajaran-pelajaran tersebut.,4,0,0,0,0,1,0,1,0,1,Saya sangat terkejut sekaligus senang karena ternyata saya menikmati pelajaran-pelajaran tersebut.,[],0
786,Mempelajari NLP melalui kursus ini terasa menyenangkan dan bermanfaat.,4,0,0,0,0,1,0,0,0,1,Mempelajari NLP melalui kursus ini terasa menyenangkan dan bermanfaat.,[],0
787,Saya merasa senang dan terkesan dengan cara penyampaian kontennya.,1,0,0,0,0,1,0,0,0,1,Saya merasa senang dan terkesan dengan cara penyampaian kontennya.,[],0
788,Kursus ini melampaui ekspektasi saya dengan membuat pembelajaran NLP menjadi menyenangkan.,4,0,0,0,0,1,0,0,0,1,Kursus ini melampaui ekspektasi saya dengan membuat pembelajaran NLP menjadi menyenangkan.,[],0
789,Saya merasakan kegembiraan ketika pelajaran-pelajaran tersebut membuat ide-ide kompleks menjadi mudah dipahami.,2,0,0,0,0,1,0,0,0,1,Saya merasakan kegembiraan ketika pelajaran-pelajaran tersebut membuat ide-ide kompleks menjadi mudah dipahami.,[],0
790,Mempelajari NLP terasa menyenangkan dan lancar sepanjang kursus.,4,0,0,0,0,1,0,0,0,1,Mempelajari NLP terasa menyenangkan dan lancar sepanjang kursus.,[],0
791,Saya merasa senang mempelajari NLP karena penjelasannya jelas dan menarik.,1,0,0,0,0,1,0,0,0,1,Saya merasa senang mempelajari NLP karena penjelasannya jelas dan menarik.,[],0
792,Kursus ini membuat belajar NLP menjadi sangat menyenangkan.,4,0,0,0,0,1,0,1,0,1,Kursus ini membuat belajar NLP menjadi sangat menyenangkan.,[],0
793,Saya mendapat kejutan positif karena pelajaran-pelajaran tersebut melebihi ekspektasi saya.,4,0,0,0,0,1,0,1,0,1,Saya mendapat kejutan positif karena pelajaran-pelajaran tersebut melebihi ekspektasi saya.,[],0
794,Mempelajari NLP melalui kursus ini terasa menyenangkan dan memotivasi.,4,0,0,0,0,1,0,0,0,1,Mempelajari NLP melalui kursus ini terasa menyenangkan dan memotivasi.,[],0
795,Saya sangat terkejut dengan kualitas penjelasannya.,2,0,0,0,0,1,0,1,0,1,Saya sangat terkejut dengan kualitas penjelasannya.,[],0
796,Kursus ini membuat pembelajaran NLP menjadi menyenangkan dan mudah diakses.,4,0,0,0,0,1,0,0,0,1,Kursus ini membuat pembelajaran NLP menjadi menyenangkan dan mudah diakses.,[],0
797,Saya merasa senang dan terkesan dengan betapa baiknya instruktur menjelaskan konsep-konsep tersebut.,1,0,0,0,0,1,0,0,0,1,Saya merasa senang dan terkesan dengan betapa baiknya instruktur menjelaskan konsep-konsep tersebut.,[],0
798,Belajar NLP menjadi pengalaman yang menyenangkan berkat kursus ini.,4,0,0,0,0,1,0,0,0,1,Belajar NLP menjadi pengalaman yang menyenangkan berkat kursus ini.,[],0
799,Saya menikmati pelajaran-pelajaran tersebut dan terkejut dengan betapa percaya dirinya saya saat itu.,4,0,0,0,0,1,0,1,0,1,Saya menikmati pelajaran-pelajaran tersebut dan terkejut dengan betapa percaya dirinya saya saat itu.,[],0
800,Kursus ini melampaui harapan saya dalam membuat pembelajaran menjadi menyenangkan.,4,0,0,0,0,1,0,0,0,1,Kursus ini melampaui harapan saya dalam membuat pembelajaran menjadi menyenangkan.,[],0
801,Saya merasa gembira dan antusias mempelajari NLP melalui kursus ini.,4,0,0,0,0,1,0,0,0,1,Saya merasa gembira dan antusias mempelajari NLP melalui kursus ini.,[],0
802,Kursus ini membuat pembelajaran NLP menjadi sangat mudah dan menyenangkan.,4,0,0,0,0,1,0,1,0,1,Kursus ini membuat pembelajaran NLP menjadi sangat mudah dan menyenangkan.,[],0
803,Saya merasakan kebahagiaan karena pelajaran-pelajarannya lebih jelas dari yang saya duga.,2,0,0,0,0,1,0,0,0,1,Saya merasakan kebahagiaan karena pelajaran-pelajarannya lebih jelas dari yang saya duga.,[],0
804,Mempelajari NLP terasa menyenangkan berkat struktur kursusnya.,2,0,0,0,0,1,0,0,0,1,Mempelajari NLP terasa menyenangkan berkat struktur kursusnya.,[],0
805,Saya sangat terkejut dengan betapa menariknya konten tersebut.,2,0,0,0,0,1,0,1,0,1,Saya sangat terkejut dengan betapa menariknya konten tersebut.,[],0
806,Kursus ini membuat pembelajaran NLP menjadi menyenangkan dan bermanfaat.,4,0,0,0,0,1,0,0,0,1,Kursus ini membuat pembelajaran NLP menjadi menyenangkan dan bermanfaat.,[],0
807,Saya merasa senang dan terkesan dengan kejelasan penjelasan instruktur.,1,0,0,0,0,1,0,0,0,1,Saya merasa senang dan terkesan dengan kejelasan penjelasan instruktur.,[],0
808,Belajar NLP menjadi menarik dan menyenangkan melalui kursus ini.,4,0,0,0,0,1,0,0,0,1,Belajar NLP menjadi menarik dan menyenangkan melalui kursus ini.,[],0
809,Saya menikmati kursus ini dan terkejut betapa mudahnya memahami NLP.,4,0,0,0,0,1,0,1,0,1,Saya menikmati kursus ini dan terkejut betapa mudahnya memahami NLP.,[],0
810,Kursus ini melampaui harapan saya karena membuat proses belajar menjadi menyenangkan.,4,0,0,0,0,1,0,0,0,1,Kursus ini melampaui harapan saya karena membuat proses belajar menjadi menyenangkan.,[],0
811,Saya merasa senang mempelajari NLP karena penjelasannya menarik.,1,0,0,0,0,1,0,0,0,1,Saya merasa senang mempelajari NLP karena penjelasannya menarik.,[],0
812,Kursus ini membuat pembelajaran NLP menjadi sangat menyenangkan.,4,0,0,0,0,1,0,1,0,1,Kursus ini membuat pembelajaran NLP menjadi sangat menyenangkan.,[],0
813,Saya mengalami kejutan positif karena pelajaran yang diberikan melebihi ekspektasi.,4,0,0,0,0,1,0,1,0,1,Saya mengalami kejutan positif karena pelajaran yang diberikan melebihi ekspektasi.,[],0
814,Mempelajari NLP melalui kursus ini terasa menyenangkan.,4,0,0,0,0,1,0,0,0,1,Mempelajari NLP melalui kursus ini terasa menyenangkan.,[],0
815,Saya sangat terkejut dengan betapa jelasnya penjelasan-penjelasan tersebut.,1,0,0,0,0,1,0,1,0,1,Saya sangat terkejut dengan betapa jelasnya penjelasan-penjelasan tersebut.,[],0
816,Kursus ini membuat pembelajaran NLP menjadi menyenangkan dan memotivasi.,4,0,0,0,0,1,0,0,0,1,Kursus ini membuat pembelajaran NLP menjadi menyenangkan dan memotivasi.,[],0
817,Saya merasa senang dan terkesan dengan cara mengajar instruktur tersebut.,1,0,0,0,0,1,0,0,0,1,Saya merasa senang dan terkesan dengan cara mengajar instruktur tersebut.,[],0
818,Mempelajari NLP menjadi pengalaman yang menyenangkan melalui kursus ini.,4,0,0,0,0,1,0,0,0,1,Mempelajari NLP menjadi pengalaman yang menyenangkan melalui kursus ini.,[],0
819,Saya menikmati pelajaran-pelajaran tersebut dan terkejut dengan kejelasannya.,2,0,0,0,0,1,0,1,0,1,Saya menikmati pelajaran-pelajaran tersebut dan terkejut dengan kejelasannya.,[],0
820,Kursus ini melampaui harapan saya dalam membuat pembelajaran menjadi menyenangkan.,4,0,0,0,0,1,0,0,0,1,Kursus ini melampaui harapan saya dalam membuat pembelajaran menjadi menyenangkan.,[],0
821,Saya merasa gembira dan antusias saat mempelajari NLP di kursus ini.,4,0,0,0,0,1,0,0,0,1,Saya merasa gembira dan antusias saat mempelajari NLP di kursus ini.,[],0
822,Kursus ini membuat pembelajaran NLP menjadi sangat mudah.,4,0,0,0,0,1,0,1,0,1,Kursus ini membuat pembelajaran NLP menjadi sangat mudah.,[],0
823,Saya merasa senang karena pelajaran-pelajaran tersebut terstruktur dengan baik.,2,0,0,0,0,1,0,0,0,1,Saya merasa senang karena pelajaran-pelajaran tersebut terstruktur dengan baik.,[],0
824,Proses belajar NLP terasa menyenangkan dan menarik dari awal hingga akhir.,4,0,0,0,0,1,0,0,0,1,Proses belajar NLP terasa menyenangkan dan menarik dari awal hingga akhir.,[],0
825,Saya sangat terkejut dengan kualitas pengajarannya.,2,0,0,0,0,1,0,1,0,1,Saya sangat terkejut dengan kualitas pengajarannya.,[],0
826,Kursus ini membuat pembelajaran NLP menjadi menyenangkan dan mudah diakses.,4,0,0,0,0,1,0,0,0,1,Kursus ini membuat pembelajaran NLP menjadi menyenangkan dan mudah diakses.,[],0
827,Saya merasa senang dan terkesan dengan cara konsep-konsep tersebut dijelaskan.,1,0,0,0,0,1,0,0,0,1,Saya merasa senang dan terkesan dengan cara konsep-konsep tersebut dijelaskan.,[],0
828,Mempelajari NLP menjadi pengalaman yang menyenangkan dan bermanfaat.,4,0,1,0,0,1,0,0,0,1,Mempelajari NLP menjadi pengalaman yang menyenangkan dan bermanfaat.,[],0
829,Saya menikmati kursus ini dan terkejut dengan kemajuan yang saya capai.,4,0,1,0,0,1,0,1,0,1,Saya menikmati kursus ini dan terkejut dengan kemajuan yang saya capai.,[],0
830,Kursus ini melampaui harapan saya karena membuat proses belajar menjadi menyenangkan.,4,0,1,0,0,1,0,0,0,1,Kursus ini melampaui harapan saya karena membuat proses belajar menjadi menyenangkan.,[],0
831,Saya merasa senang mempelajari NLP karena penjelasannya jelas.,1,0,1,0,0,1,0,0,0,1,Saya merasa senang mempelajari NLP karena penjelasannya jelas.,[],0
832,Kursus ini membuat pembelajaran NLP menjadi sangat menarik.,4,0,1,0,0,1,0,1,0,1,Kursus ini membuat pembelajaran NLP menjadi sangat menarik.,[],0
833,Saya mengalami kejutan positif di setiap pelajaran.,4,0,1,0,0,1,0,1,0,1,Saya mengalami kejutan positif di setiap pelajaran.,[],0
834,Mempelajari NLP melalui kursus ini terasa menyenangkan.,4,0,1,0,0,1,0,0,0,1,Mempelajari NLP melalui kursus ini terasa menyenangkan.,[],0
835,Saya terkejut sekaligus senang karena materi tersebut mudah dipahami.,2,0,1,0,0,1,0,1,0,1,Saya terkejut sekaligus senang karena materi tersebut mudah dipahami.,[],0
836,Kursus ini membuat pembelajaran NLP menjadi menyenangkan dan bermanfaat.,4,0,1,0,0,1,0,0,0,1,Kursus ini membuat pembelajaran NLP menjadi menyenangkan dan bermanfaat.,[],0
837,Belajar NLP menjadi pengalaman yang menyenangkan di sini.,4,0,0,0,0,1,0,0,0,1,Belajar NLP menjadi pengalaman yang menyenangkan di sini.,[],0
838,Saya menikmati pelajaran-pelajaran tersebut dan terkejut dengan pemahaman saya.,4,0,1,0,0,1,0,1,0,1,Saya menikmati pelajaran-pelajaran tersebut dan terkejut dengan pemahaman saya.,[],0
839,Kursus ini melampaui harapan saya karena membuat proses belajar menjadi menyenangkan.,4,0,1,0,0,1,0,0,0,1,Kursus ini melampaui harapan saya karena membuat proses belajar menjadi menyenangkan.,[],0
840,Saya merasa senang belajar NLP karena pelajarannya menarik.,1,0,1,0,0,1,0,0,0,1,Saya merasa senang belajar NLP karena pelajarannya menarik.,[],0
841,Kursus ini membuat pembelajaran NLP menjadi sangat mudah.,4,0,1,0,0,1,0,1,0,1,Kursus ini membuat pembelajaran NLP menjadi sangat mudah.,[],0
842,Saya mengalami kejutan positif dengan setiap topik.,4,0,1,0,0,1,0,1,0,1,Saya mengalami kejutan positif dengan setiap topik.,[],0
843,Mempelajari NLP melalui kursus ini terasa menyenangkan.,4,0,1,0,0,1,0,0,0,1,Mempelajari NLP melalui kursus ini terasa menyenangkan.,[],0
844,Saya terkejut sekaligus senang karena materi tersebut mudah dipahami.,2,0,1,0,0,1,0,1,0,1,Saya terkejut sekaligus senang karena materi tersebut mudah dipahami.,[],0
845,Kursus ini membuat pembelajaran NLP menjadi menyenangkan dan memotivasi.,4,0,1,0,0,1,0,0,0,1,Kursus ini membuat pembelajaran NLP menjadi menyenangkan dan memotivasi.,[],0
846,Saya merasa senang dan terkesan dengan gaya mengajar instruktur tersebut.,1,0,1,0,0,1,0,0,0,1,Saya merasa senang dan terkesan dengan gaya mengajar instruktur tersebut.,[],0
847,Mempelajari NLP menjadi sebuah perjalanan yang menyenangkan.,4,0,0,0,0,1,0,0,0,1,Mempelajari NLP menjadi sebuah perjalanan yang menyenangkan.,[],0
848,Saya menikmati pelajaran-pelajaran tersebut dan terkejut dengan alur pembelajarannya.,4,0,1,0,0,1,0,1,0,1,Saya menikmati pelajaran-pelajaran tersebut dan terkejut dengan alur pembelajarannya.,[],0
849,Kursus ini melampaui harapan saya dalam membuat pembelajaran menjadi menyenangkan.,4,0,1,0,0,1,0,0,0,1,Kursus ini melampaui harapan saya dalam membuat pembelajaran menjadi menyenangkan.,[],0
850,Saya merasa gembira dan antusias saat mempelajari NLP.,4,0,0,0,0,1,0,0,0,1,Saya merasa gembira dan antusias saat mempelajari NLP.,[],0
851,Kursus ini membuat pembelajaran NLP menjadi sangat menyenangkan.,4,0,0,0,0,1,0,1,0,1,Kursus ini membuat pembelajaran NLP menjadi sangat menyenangkan.,[],0
852,Saya merasakan kebahagiaan karena pelajaran yang diberikan melebihi ekspektasi.,4,0,0,0,0,1,0,0,0,1,Saya merasakan kebahagiaan karena pelajaran yang diberikan melebihi ekspektasi.,[],0
853,Mempelajari NLP terasa menyenangkan dan menarik.,4,0,0,0,0,1,0,0,0,1,Mempelajari NLP terasa menyenangkan dan menarik.,[],0
854,Saya sangat terkejut dengan kualitas penjelasannya.,2,0,0,0,0,1,0,1,0,1,Saya sangat terkejut dengan kualitas penjelasannya.,[],0
855,Kursus ini membuat pembelajaran NLP menjadi menyenangkan dan mudah diakses.,4,0,0,0,0,1,0,0,0,1,Kursus ini membuat pembelajaran NLP menjadi menyenangkan dan mudah diakses.,[],0
856,Saya merasa senang dan terkesan dengan cara konsep-konsep tersebut dipresentasikan.,1,0,0,0,0,1,0,0,0,1,Saya merasa senang dan terkesan dengan cara konsep-konsep tersebut dipresentasikan.,[],0
857,Saya mendapat kejutan positif dengan struktur pelajaran tersebut.,4,0,0,0,0,1,0,1,0,1,Saya mendapat kejutan positif dengan struktur pelajaran tersebut.,[],0
858,Mempelajari NLP melalui kursus ini terasa menyenangkan.,4,0,0,0,0,1,0,0,0,1,Mempelajari NLP melalui kursus ini terasa menyenangkan.,[],0
859,Saya sangat terkejut dengan betapa lancarnya pengalaman belajar tersebut.,2,0,0,0,0,1,0,1,0,1,Saya sangat terkejut dengan betapa lancarnya pengalaman belajar tersebut.,[],0
860,Kursus ini membuat pembelajaran NLP menjadi menyenangkan dan memotivasi.,4,0,0,0,0,1,0,0,0,1,Kursus ini membuat pembelajaran NLP menjadi menyenangkan dan memotivasi.,[],0
861,Saya merasa senang dan terkesan dengan kejelasan penjelasan instruktur.,1,0,0,0,0,1,0,0,0,1,Saya merasa senang dan terkesan dengan kejelasan penjelasan instruktur.,[],0
862,Saya sangat puas dengan kursus ini dan merasa bersemangat untuk mengembangkan pengetahuan yang telah saya peroleh.,4,0,0,0,0,1,0,0,0,1,Saya sangat puas dengan kursus ini dan merasa bersemangat untuk mengembangkan pengetahuan yang telah saya peroleh.,[],0
863,Pelajaran-pelajaran tersebut menyenangkan dan membangkitkan antusiasme untuk eksplorasi NLP yang lebih dalam.,4,0,0,0,0,1,0,0,0,1,Pelajaran-pelajaran tersebut menyenangkan dan membangkitkan antusiasme untuk eksplorasi NLP yang lebih dalam.,[],0
864,Saya merasa senang mempelajari NLP dan termotivasi untuk terus memperluas pemahaman saya.,4,0,1,0,0,1,0,0,0,1,Saya merasa senang mempelajari NLP dan termotivasi untuk terus memperluas pemahaman saya.,[],0
865,Kursus ini membuat saya merasa puas dan bersemangat untuk mempelajari konsep NLP yang lebih lanjut.,4,0,1,0,0,1,0,0,0,1,Kursus ini membuat saya merasa puas dan bersemangat untuk mempelajari konsep NLP yang lebih lanjut.,[],0
866,Perjalanan pembelajaran tersebut menyenangkan dan membangkitkan antusiasme untuk studi lebih lanjut.,4,0,0,0,0,1,0,0,0,1,Perjalanan pembelajaran tersebut menyenangkan dan membangkitkan antusiasme untuk studi lebih lanjut.,[],0
867,Saya menikmati kursus ini dan merasa antusias untuk melanjutkan perjalanan pembelajaran NLP saya.,4,0,1,0,0,1,0,0,0,1,Saya menikmati kursus ini dan merasa antusias untuk melanjutkan perjalanan pembelajaran NLP saya.,[],0
868,Kursus ini membuat pembelajaran NLP menjadi menyenangkan sekaligus menumbuhkan antusiasme untuk pembelajaran di masa mendatang.,4,0,1,0,0,1,0,0,0,1,Kursus ini membuat pembelajaran NLP menjadi menyenangkan sekaligus menumbuhkan antusiasme untuk pembelajaran di masa mendatang.,[],0
869,Saya merasa senang sepanjang pelajaran dan bersemangat untuk menerapkan konsep-konsep ini dalam proyek-proyek mendatang.,4,0,1,0,0,1,0,0,0,1,Saya merasa senang sepanjang pelajaran dan bersemangat untuk menerapkan konsep-konsep ini dalam proyek-proyek mendatang.,[],0
870,Konten tersebut membuat saya merasa puas dengan pembelajaran saya dan bersemangat untuk mempelajari hal-hal selanjutnya.,2,0,1,0,0,1,0,0,0,1,Konten tersebut membuat saya merasa puas dengan pembelajaran saya dan bersemangat untuk mempelajari hal-hal selanjutnya.,[],0
871,Saya menikmati penjelasan yang jelas dan merasa termotivasi untuk terus meningkatkan keterampilan NLP saya.,1,0,1,0,0,1,0,0,0,1,Saya menikmati penjelasan yang jelas dan merasa termotivasi untuk terus meningkatkan keterampilan NLP saya.,[],0
872,Kursus ini menghadirkan kegembiraan dalam belajar dan antisipasi terhadap tantangan masa depan di bidang NLP.,4,0,1,0,0,1,0,0,0,1,Kursus ini menghadirkan kegembiraan dalam belajar dan antisipasi terhadap tantangan masa depan di bidang NLP.,[],0
873,Saya merasa puas dengan perkembangan kursus dan bersemangat untuk terus belajar.,4,0,1,0,0,1,0,0,0,1,Saya merasa puas dengan perkembangan kursus dan bersemangat untuk terus belajar.,[],0
874,Pengalaman platform yang tidak stabil membuat saya merasa putus asa untuk melanjutkan dengan lancar.,0,0,0,0,0,0,1,0,0,0,Pengalaman platform yang tidak stabil membuat saya merasa putus asa untuk melanjutkan dengan lancar.,[],0
875,Saya merasa kecewa 💔 karena seringnya masalah pemutaran yang mengganggu sesi belajar saya.,0,0,0,0,0,0,1,0,0,0,Saya merasa kecewa  karena seringnya masalah pemutaran yang mengganggu sesi belajar saya.,['💔'],1
876,Masalah teknis yang berulang membuat pengalaman secara keseluruhan melelahkan secara emosional.,0,0,0,0,0,0,1,0,0,0,Masalah teknis yang berulang membuat pengalaman secara keseluruhan melelahkan secara emosional.,[],0
877,Saya merasa khawatir bahwa masalah platform yang terus berlanjut mungkin akan menghalangi saya untuk menyelesaikan kursus dengan baik.,0,0,0,0,1,0,0,0,0,0,Saya merasa khawatir bahwa masalah platform yang terus berlanjut mungkin akan menghalangi saya untuk menyelesaikan kursus dengan baik.,[],0
878,Seringnya terjadi gangguan membuat saya cemas 😰 karena takut kehilangan kemajuan selama pelajaran penting dan mengganggu konsentrasi saya.,0,0,0,0,1,0,0,0,0,0,Seringnya terjadi gangguan membuat saya cemas  karena takut kehilangan kemajuan selama pelajaran penting dan mengganggu konsentrasi saya.,['😰'],1
879,Saya merasa tidak nyaman 😟 tentang apakah platform tersebut dapat mendukung konten kursus dengan andal.,0,0,0,0,1,0,0,0,0,0,Saya merasa tidak nyaman  tentang apakah platform tersebut dapat mendukung konten kursus dengan andal.,['😟'],1
880,Ketidakstabilan teknis membuat saya ragu apakah proses dapat berjalan lancar.,0,0,0,0,0,0,0,0,0,0,Ketidakstabilan teknis membuat saya ragu apakah proses dapat berjalan lancar.,[],0
881,"Saya merasa kesal dan tidak nyaman karena platformnya sering macet saat perkuliahan berlangsung 😣, sehingga pengalaman belajar menjadi tidak menyenangkan.",0,1,0,0,0,0,0,0,0,0,"Saya merasa kesal dan tidak nyaman karena platformnya sering macet saat perkuliahan berlangsung , sehingga pengalaman belajar menjadi tidak menyenangkan.",['😣'],1
882,Gangguan teknis yang berulang membuat pengalaman terasa berantakan dan tidak menyenangkan 😤.,0,1,0,0,0,0,0,0,0,0,Gangguan teknis yang berulang membuat pengalaman terasa berantakan dan tidak menyenangkan .,['😤'],1
883,Saya cukup kecewa dengan kualitas video yang buruk selama beberapa pelajaran.,0,0,0,0,0,0,1,0,0,0,Saya cukup kecewa dengan kualitas video yang buruk selama beberapa pelajaran.,[],0
884,Proses buffering yang terus-menerus sangat mengganggu dan mengurangi kenikmatan saya dalam mengikuti kursus tersebut.,0,1,0,0,0,0,0,0,0,0,Proses buffering yang terus-menerus sangat mengganggu dan mengurangi kenikmatan saya dalam mengikuti kursus tersebut.,[],0
885,Kurangnya stabilitas teknis membuat saya kehilangan kesabaran 😠 selama kursus berlangsung.,0,0,0,0,0,0,1,0,0,0,Kurangnya stabilitas teknis membuat saya kehilangan kesabaran  selama kursus berlangsung.,['😠'],1
886,"Saya merasa frustrasi dan khawatir karena buffering yang sering terjadi mengganggu alur pembelajaran saya, meskipun saya sangat ingin melanjutkan kursus tersebut.",0,1,0,0,1,0,0,0,0,0,"Saya merasa frustrasi dan khawatir karena buffering yang sering terjadi mengganggu alur pembelajaran saya, meskipun saya sangat ingin melanjutkan kursus tersebut.",[],0
887,"Masalah teknis tersebut membuat saya merasa kecewa dan cemas, terutama karena saya berharap dapat menyelesaikan pelajaran dengan lancar.",0,0,0,0,0,0,1,0,0,0,"Masalah teknis tersebut membuat saya merasa kecewa dan cemas, terutama karena saya berharap dapat menyelesaikan pelajaran dengan lancar.",[],0
888,Saya merasa jengkel dan khawatir karena video sering mengalami gangguan (crash) 🔄 yang mengganggu motivasi saya untuk belajar.,0,1,0,0,1,0,0,0,0,0,Saya merasa jengkel dan khawatir karena video sering mengalami gangguan (crash)  yang mengganggu motivasi saya untuk belajar.,['🔄'],1
889,"Platform yang tidak stabil itu membuatku merasa tidak nyaman dan frustrasi 😰, meskipun aku berharap bisa melangkah lebih jauh.",0,1,0,0,1,0,0,0,0,0,"Platform yang tidak stabil itu membuatku merasa tidak nyaman dan frustrasi , meskipun aku berharap bisa melangkah lebih jauh.",['😰'],1
890,Masalah pada platform tersebut menyebabkan kejengkelan dan ketidaknyamanan emosional.,0,1,0,0,1,0,0,0,0,0,Masalah pada platform tersebut menyebabkan kejengkelan dan ketidaknyamanan emosional.,[],0
891,Saya merasa tidak nyaman dan kesal 😠 ketika kesalahan teknis mengganggu proses pembelajaran secara tiba-tiba.,0,1,0,0,1,0,0,0,0,0,Saya merasa tidak nyaman dan kesal  ketika kesalahan teknis mengganggu proses pembelajaran secara tiba-tiba.,['😠'],1
892,Masalah yang berulang membuat saya frustrasi meskipun saya ingin melanjutkan.,0,1,0,0,0,0,0,0,0,0,Masalah yang berulang membuat saya frustrasi meskipun saya ingin melanjutkan.,[],0
893,Saya mengalami kekecewaan dan kekhawatiran karena pemutaran yang tidak stabil.,0,0,0,0,1,0,1,0,0,0,Saya mengalami kekecewaan dan kekhawatiran karena pemutaran yang tidak stabil.,[],0
894,Masalah teknis tersebut menyebabkan kejengkelan dan mengurangi motivasi.,0,1,0,0,0,0,1,0,0,0,Masalah teknis tersebut menyebabkan kejengkelan dan mengurangi motivasi.,[],0
895,Saya merasa frustrasi dan gelisah selama kegagalan sistem yang berulang.,0,1,0,0,1,0,0,0,0,0,Saya merasa frustrasi dan gelisah selama kegagalan sistem yang berulang.,[],0
896,Gangguan tersebut menimbulkan kejengkelan dan kekhawatiran tentang keberlanjutan pembelajaran.,0,1,0,0,0,0,0,0,0,0,Gangguan tersebut menimbulkan kejengkelan dan kekhawatiran tentang keberlanjutan pembelajaran.,[],0
897,Saya merasakan campuran rasa jengkel dan antisipasi untuk melanjutkan pembelajaran dengan lancar.,0,1,1,0,1,0,0,0,0,0,Saya merasakan campuran rasa jengkel dan antisipasi untuk melanjutkan pembelajaran dengan lancar.,[],0
898,Masalah pada platform tersebut membuatku merasa cemas dan frustrasi 😰 saat mencoba tetap fokus..,0,1,0,0,1,0,0,0,0,0,Masalah pada platform tersebut membuatku merasa cemas dan frustrasi  saat mencoba tetap fokus..,['😰'],1
899,Saya merasa kecewa dan kesal ketika pelajaran terganggu.,0,1,0,0,0,0,1,0,0,0,Saya merasa kecewa dan kesal ketika pelajaran terganggu.,[],0
900,Ketidakstabilan teknis tersebut menimbulkan kekhawatiran dan kejengkelan.,0,1,0,0,0,0,0,0,0,0,Ketidakstabilan teknis tersebut menimbulkan kekhawatiran dan kejengkelan.,[],0
901,Saya mengalami frustrasi dan ketidaknyamanan emosional akibat kesalahan tersebut.,0,1,0,0,0,0,0,0,0,0,Saya mengalami frustrasi dan ketidaknyamanan emosional akibat kesalahan tersebut.,[],0
902,Masalah yang berulang itu membuat saya merasa tidak nyaman dan kesal.,0,1,0,0,1,0,0,0,0,0,Masalah yang berulang itu membuat saya merasa tidak nyaman dan kesal.,[],0
903,Saya merasa cemas dan jengkel karena buffering yang berulang.,0,1,0,0,1,0,0,0,0,0,Saya merasa cemas dan jengkel karena buffering yang berulang.,[],0
904,Masalah pada platform tersebut menyebabkan kekecewaan dan frustrasi.,0,1,0,0,0,0,1,0,0,0,Masalah pada platform tersebut menyebabkan kekecewaan dan frustrasi.,[],0
905,Saya mengalami kekhawatiran dan kejengkelan akibat kegagalan teknis.,0,1,0,0,1,0,0,0,0,0,Saya mengalami kekhawatiran dan kejengkelan akibat kegagalan teknis.,[],0
906,Sistem yang tidak stabil membuat saya merasa frustrasi dan putus asa 💔 untuk melanjutkan dengan lancar.,0,1,0,0,0,0,1,0,0,0,Sistem yang tidak stabil membuat saya merasa frustrasi dan putus asa  untuk melanjutkan dengan lancar.,['💔'],1
907,Masalah pada platform tersebut menyebabkan kekecewaan dan kejengkelan.,0,1,0,0,0,0,1,0,0,0,Masalah pada platform tersebut menyebabkan kekecewaan dan kejengkelan.,[],0
908,Saya merasakan campuran rasa jengkel dan khawatir selama sesi tersebut.,0,1,0,0,0,0,0,0,0,0,Saya merasakan campuran rasa jengkel dan khawatir selama sesi tersebut.,[],0
909,Ketidakstabilan teknis tersebut membuat saya merasa frustrasi dan tidak nyaman.,0,1,0,0,0,0,0,0,0,0,Ketidakstabilan teknis tersebut membuat saya merasa frustrasi dan tidak nyaman.,[],0
910,Saya merasa kesal dan khawatir karena kehilangan konten.,0,1,0,0,0,0,0,0,0,0,Saya merasa kesal dan khawatir karena kehilangan konten.,[],0
911,Masalah yang berulang tersebut menimbulkan frustrasi dan kekecewaan.,0,1,0,0,0,0,1,0,0,0,Masalah yang berulang tersebut menimbulkan frustrasi dan kekecewaan.,[],0
912,Saya mengalami kecemasan dan kejengkelan 😣 selama gangguan berulang yang mengganggu sesi belajar saya.,0,1,0,0,1,0,0,0,0,0,Saya mengalami kecemasan dan kejengkelan  selama gangguan berulang yang mengganggu sesi belajar saya.,['😣'],1
913,Kegagalan teknis tersebut membuat saya merasa tidak nyaman dan frustrasi.,0,1,0,0,0,0,0,0,0,0,Kegagalan teknis tersebut membuat saya merasa tidak nyaman dan frustrasi.,[],0
914,Saya merasa kesal dan khawatir karena masalah teknis terus berlanjut.,0,1,0,0,0,0,0,0,0,0,Saya merasa kesal dan khawatir karena masalah teknis terus berlanjut.,[],0
915,Saya menghargai bagaimana konten tersebut membangun pemahaman langkah demi langkah.,2,0,0,0,0,1,0,0,1,1,Saya menghargai bagaimana konten tersebut membangun pemahaman langkah demi langkah.,[],0
916,Penjelasannya jelas dan membantu memahami ide-ide yang kompleks.,1,0,0,0,0,1,0,0,1,1,Penjelasannya jelas dan membantu memahami ide-ide yang kompleks.,[],0
917,Materi pembelajaran ini mendorong rasa ingin tahu dan eksplorasi 🤔.,2,0,0,0,0,1,0,0,1,1,Materi pembelajaran ini mendorong rasa ingin tahu dan eksplorasi .,['🤔'],1
918,Saya mendapati isi kursus tersebut dapat diandalkan dan tersusun dengan baik.,2,0,0,0,0,1,0,0,1,1,Saya mendapati isi kursus tersebut dapat diandalkan dan tersusun dengan baik.,[],0
919,Struktur materi tersebut mendukung kebiasaan belajar yang efektif.,2,0,0,0,0,1,0,0,1,1,Struktur materi tersebut mendukung kebiasaan belajar yang efektif.,[],0
920,Saya menyukai bagaimana penjelasan tersebut memperkuat poin-poin penting dengan jelas.,1,0,0,0,0,1,0,0,1,1,Saya menyukai bagaimana penjelasan tersebut memperkuat poin-poin penting dengan jelas.,[],0
921,Materi pembelajaran ini memberikan wawasan yang berguna untuk pemahaman yang lebih mendalam.,2,0,0,0,0,1,0,0,1,1,Materi pembelajaran ini memberikan wawasan yang berguna untuk pemahaman yang lebih mendalam.,[],0
922,Saya merasa kontennya informatif dan mudah dipahami.,2,0,0,0,0,1,0,0,1,1,Saya merasa kontennya informatif dan mudah dipahami.,[],0
923,Materi kursus mendukung pengalaman belajar yang percaya diri.,2,0,0,0,0,1,0,0,1,1,Materi kursus mendukung pengalaman belajar yang percaya diri.,[],0
924,Materi pembelajaran terasa seimbang dan disusun dengan matang.,2,0,0,0,0,1,0,0,1,1,Materi pembelajaran terasa seimbang dan disusun dengan matang.,[],0
925,Saya menghargai kejelasan dan pengorganisasian penjelasannya.,1,0,0,0,0,1,0,0,1,1,Saya menghargai kejelasan dan pengorganisasian penjelasannya.,[],0
926,Konten tersebut mendukung pemahaman tanpa terasa berlebihan.,2,0,0,0,0,1,0,0,1,1,Konten tersebut mendukung pemahaman tanpa terasa berlebihan.,[],0
927,Saya merasa materi pembelajaran tersebut bermanfaat untuk menghubungkan ide-ide secara logis.,2,0,0,0,0,1,0,0,1,1,Saya merasa materi pembelajaran tersebut bermanfaat untuk menghubungkan ide-ide secara logis.,[],0
928,Penjelasannya cukup mendalam sehingga terasa bermakna 🚀.,1,0,0,0,0,1,0,0,1,1,Penjelasannya cukup mendalam sehingga terasa bermakna .,['🚀'],1
929,Materi kursus membantu menjaga keterlibatan peserta sepanjang proses pembelajaran.,2,0,0,0,0,1,0,0,1,1,Materi kursus membantu menjaga keterlibatan peserta sepanjang proses pembelajaran.,[],0
930,Saya menyukai alur pembelajaran yang terstruktur.,2,0,0,0,0,1,0,0,1,1,Saya menyukai alur pembelajaran yang terstruktur.,[],0
931,Materi pembelajaran tersebut mendukung peningkatan yang stabil dari waktu ke waktu.,2,0,0,0,0,1,0,0,1,1,Materi pembelajaran tersebut mendukung peningkatan yang stabil dari waktu ke waktu.,[],0
932,Saya merasa penjelasannya jelas dan meyakinkan 🙂.,1,0,0,0,0,1,0,0,1,1,Saya merasa penjelasannya jelas dan meyakinkan .,['🙂'],1
933,Konten tersebut terasa selaras dengan tujuan pembelajaran.,2,0,0,0,0,1,0,0,1,1,Konten tersebut terasa selaras dengan tujuan pembelajaran.,[],0
934,Materi pembelajaran tersebut menumbuhkan rasa percaya diri dan rasa ingin tahu.,2,0,0,0,0,1,0,0,1,1,Materi pembelajaran tersebut menumbuhkan rasa percaya diri dan rasa ingin tahu.,[],0
935,Saya mengapresiasi bagaimana konten disajikan dengan jelas dan logis.,2,0,0,0,0,1,0,0,1,1,Saya mengapresiasi bagaimana konten disajikan dengan jelas dan logis.,[],0
936,Penjelasan-penjelasan tersebut membantu membuat pembelajaran terasa lebih mudah diakses.,1,0,0,0,0,1,0,0,1,1,Penjelasan-penjelasan tersebut membantu membuat pembelajaran terasa lebih mudah diakses.,[],0
937,Materi kursus informatif dan dirancang dengan cermat.,2,0,0,0,0,1,0,0,1,1,Materi kursus informatif dan dirancang dengan cermat.,[],0
938,Saya menyukai bagaimana materi pembelajaran tersebut mendukung studi mandiri.,2,0,0,0,0,1,0,0,1,1,Saya menyukai bagaimana materi pembelajaran tersebut mendukung studi mandiri.,[],0
939,Struktur konten membuat pembelajaran lebih efektif 📘.,2,0,0,0,0,1,0,0,1,1,Struktur konten membuat pembelajaran lebih efektif .,['📘'],1
940,Penjelasannya jelas dan membantu memperkuat pemahaman.,1,0,0,0,0,1,0,0,1,1,Penjelasannya jelas dan membantu memperkuat pemahaman.,[],0
941,Materi pembelajaran tersebut mendukung pola pikir belajar yang positif.,2,0,0,0,0,1,0,0,1,1,Materi pembelajaran tersebut mendukung pola pikir belajar yang positif.,[],0
942,Saya merasa kontennya menarik dan mudah dinavigasi.,2,0,0,0,0,1,0,0,1,1,Saya merasa kontennya menarik dan mudah dinavigasi.,[],0
943,Materi kursus terasa komprehensif dan dapat diandalkan.,2,0,0,0,0,1,0,0,1,1,Materi kursus terasa komprehensif dan dapat diandalkan.,[],0
944,Materi pembelajaran ini memberikan landasan yang kuat untuk pembelajaran lebih lanjut.,2,0,0,0,0,1,0,0,1,1,Materi pembelajaran ini memberikan landasan yang kuat untuk pembelajaran lebih lanjut.,[],0
945,Saya menghargai kejelasan dan kedalaman penjelasannya.,1,0,0,0,0,1,0,0,1,1,Saya menghargai kejelasan dan kedalaman penjelasannya.,[],0
946,"Konten tersebut mendukung pemahaman yang bermakna, bukan sekadar hafalan cepat.",2,0,0,0,0,1,0,0,1,1,"Konten tersebut mendukung pemahaman yang bermakna, bukan sekadar hafalan cepat.",[],0
947,Materi pembelajaran terasa terorganisir dengan baik dan mendukung.,2,0,0,0,0,1,0,0,1,1,Materi pembelajaran terasa terorganisir dengan baik dan mendukung.,[],0
948,Saya menyukai bagaimana penjelasan tersebut memperjelas topik-topik yang kompleks.,1,0,0,0,0,1,0,0,1,1,Saya menyukai bagaimana penjelasan tersebut memperjelas topik-topik yang kompleks.,[],0
949,Isi kursus ini membantu membangun kepercayaan diri secara bertahap 🙂.,2,0,0,0,0,1,0,0,1,1,Isi kursus ini membantu membangun kepercayaan diri secara bertahap .,['🙂'],1
950,Materi pembelajaran mendorong keterlibatan yang penuh pertimbangan.,2,0,0,0,0,1,0,0,1,1,Materi pembelajaran mendorong keterlibatan yang penuh pertimbangan.,[],0
951,Saya merasa penjelasan-penjelasan tersebut bermanfaat dan informatif.,1,0,0,0,0,1,0,0,1,1,Saya merasa penjelasan-penjelasan tersebut bermanfaat dan informatif.,[],0
952,Struktur materi tersebut mendukung pembelajaran yang efektif.,2,0,0,0,0,1,0,0,1,1,Struktur materi tersebut mendukung pembelajaran yang efektif.,[],0
953,Konten pembelajarannya terasa konsisten dan terencana dengan baik.,2,0,0,0,0,1,0,0,1,1,Konten pembelajarannya terasa konsisten dan terencana dengan baik.,[],0
954,Materi pembelajarannya mudah diikuti dan informatif.,2,0,0,0,0,1,0,0,1,1,Materi pembelajarannya mudah diikuti dan informatif.,[],0
955,Saya menghargai alur logis dari konten tersebut.,2,0,0,0,0,1,0,0,1,1,Saya menghargai alur logis dari konten tersebut.,[],0
956,Penjelasan-penjelasan tersebut memberikan kejelasan dan konteks yang bermanfaat 🤔.,1,0,0,0,0,1,0,0,1,1,Penjelasan-penjelasan tersebut memberikan kejelasan dan konteks yang bermanfaat .,['🤔'],1
957,Materi kursus membantu peserta didik tetap fokus dan terlibat.,2,0,0,0,0,1,0,0,1,1,Materi kursus membantu peserta didik tetap fokus dan terlibat.,[],0
958,Saya menyukai bagaimana materi pembelajaran tersebut membangun pemahaman dari waktu ke waktu.,2,0,0,0,0,1,0,0,1,1,Saya menyukai bagaimana materi pembelajaran tersebut membangun pemahaman dari waktu ke waktu.,[],0
959,Kontennya terasa tersusun dengan rapi dan mudah diakses.,2,0,0,0,0,1,0,0,1,1,Kontennya terasa tersusun dengan rapi dan mudah diakses.,[],0
960,Materi pembelajaran tersebut menumbuhkan rasa percaya diri dan rasa ingin tahu.,2,0,0,0,0,1,0,0,1,1,Materi pembelajaran tersebut menumbuhkan rasa percaya diri dan rasa ingin tahu.,[],0
961,Saya merasa penjelasan-penjelasan tersebut jelas dan bermanfaat.,1,0,0,0,0,1,0,0,1,1,Saya merasa penjelasan-penjelasan tersebut jelas dan bermanfaat.,[],0
962,Konten kursus terasa dapat diandalkan dan terstruktur dengan baik.,2,0,0,0,0,1,0,0,1,1,Konten kursus terasa dapat diandalkan dan terstruktur dengan baik.,[],0
963,Materi pembelajaran mendukung pengalaman belajar yang lancar.,2,0,0,0,0,1,0,0,1,1,Materi pembelajaran mendukung pengalaman belajar yang lancar.,[],0
964,Materi pembelajaran ini menawarkan kejelasan sekaligus membahas topik secara mendalam.,2,0,0,0,0,1,0,0,1,1,Materi pembelajaran ini menawarkan kejelasan sekaligus membahas topik secara mendalam.,[],0
965,Saya menghargai bagaimana penjelasan tersebut mendorong pemahaman yang lebih mendalam.,1,0,0,0,0,1,0,0,1,1,Saya menghargai bagaimana penjelasan tersebut mendorong pemahaman yang lebih mendalam.,[],0
966,Konten tersebut mendukung kemajuan pembelajaran yang berkelanjutan.,2,0,0,0,0,1,0,0,1,1,Konten tersebut mendukung kemajuan pembelajaran yang berkelanjutan.,[],0
967,Materi pembelajarannya terasa praktis dan informatif 📘.,2,0,0,0,0,1,0,0,1,1,Materi pembelajarannya terasa praktis dan informatif .,['📘'],1
968,Saya menyukai bagaimana materi tersebut disusun agar mudah dipahami.,2,0,0,0,0,1,0,0,1,1,Saya menyukai bagaimana materi tersebut disusun agar mudah dipahami.,[],0
969,Penjelasan-penjelasan tersebut membuat pembelajaran terasa mudah dipahami dan menarik 🙂.,1,0,0,0,0,1,0,0,1,1,Penjelasan-penjelasan tersebut membuat pembelajaran terasa mudah dipahami dan menarik .,['🙂'],1
970,Materi kursus mendukung pembelajaran yang mendalam.,2,0,0,0,0,1,0,0,1,1,Materi kursus mendukung pembelajaran yang mendalam.,[],0
971,Saya merasa konten pembelajarannya jelas dan bermanfaat.,2,0,0,0,0,1,0,0,1,1,Saya merasa konten pembelajarannya jelas dan bermanfaat.,[],0
972,Struktur materi tersebut membuat pembelajaran menjadi efisien.,2,0,0,0,0,1,0,0,1,1,Struktur materi tersebut membuat pembelajaran menjadi efisien.,[],0
973,Penjelasan-penjelasan tersebut memberikan wawasan yang bermanfaat mengenai konsep-konsep kunci.,1,0,0,0,0,1,0,0,1,1,Penjelasan-penjelasan tersebut memberikan wawasan yang bermanfaat mengenai konsep-konsep kunci.,[],0
974,Materi pembelajaran tersebut mendukung rasa percaya diri dan peningkatan berkelanjutan.,2,0,0,0,0,1,0,0,1,1,Materi pembelajaran tersebut mendukung rasa percaya diri dan peningkatan berkelanjutan.,[],0
975,Saya menghargai kejelasan dan pengorganisasian kontennya.,2,0,0,0,0,1,0,0,1,1,Saya menghargai kejelasan dan pengorganisasian kontennya.,[],0
976,Penjelasan tersebut membantu peserta didik tetap terlibat dan termotivasi.,1,0,0,0,0,1,0,0,1,1,Penjelasan tersebut membantu peserta didik tetap terlibat dan termotivasi.,[],0
977,Materi kursus terasa terstruktur dengan baik dan mudah diakses.,2,0,0,0,0,1,0,0,1,1,Materi kursus terasa terstruktur dengan baik dan mudah diakses.,[],0
978,Saya menyukai cara materi pembelajaran membangun pemahaman secara bertahap.,2,0,0,0,0,1,0,0,1,1,Saya menyukai cara materi pembelajaran membangun pemahaman secara bertahap.,[],0
979,Konten ini mendukung pengalaman belajar yang bermakna 🚀.,2,0,0,0,0,1,0,0,1,1,Konten ini mendukung pengalaman belajar yang bermakna .,['🚀'],1
980,Materi pembelajaran disajikan dengan jelas dan matang.,2,0,0,0,0,1,0,0,1,1,Materi pembelajaran disajikan dengan jelas dan matang.,[],0
981,Saya merasa penjelasan-penjelasan tersebut dapat diandalkan dan mudah dipahami.,1,0,0,0,0,1,0,0,1,1,Saya merasa penjelasan-penjelasan tersebut dapat diandalkan dan mudah dipahami.,[],0
982,Materi kursus membantu memperkuat pemahaman secara efektif.,2,0,0,0,0,1,0,0,1,1,Materi kursus membantu memperkuat pemahaman secara efektif.,[],0
983,"Secara keseluruhan, materi pembelajaran ini memberikan pengalaman yang positif dan membangun kepercayaan diri 🙂",2,0,0,0,0,1,0,0,1,1,"Secara keseluruhan, materi pembelajaran ini memberikan pengalaman yang positif dan membangun kepercayaan diri",['🙂'],1
984,"Materi pembelajaran terasa kurang terstruktur dan ketinggalan zaman, sehingga sulit untuk mengikuti konsep-konsepnya dengan lancar dan mengurangi kepercayaan diri saya secara keseluruhan terhadap kursus ini.",2,0,0,0,0,0,1,0,0,0,"Materi pembelajaran terasa kurang terstruktur dan ketinggalan zaman, sehingga sulit untuk mengikuti konsep-konsepnya dengan lancar dan mengurangi kepercayaan diri saya secara keseluruhan terhadap kursus ini.",[],0
985,"Saya merasa penjelasan-penjelasan tersebut terkadang membingungkan, karena detail-detail penting dalam materi pembelajaran dilewati atau tidak dihubungkan dengan jelas.",1,0,0,0,0,0,1,0,0,0,"Saya merasa penjelasan-penjelasan tersebut terkadang membingungkan, karena detail-detail penting dalam materi pembelajaran dilewati atau tidak dihubungkan dengan jelas.",[],0
986,"Konten kursus kurang mendalam di area-area penting, yang membuat saya merasa tidak puas dengan materi pembelajaran tersebut 😞.",2,0,0,0,0,0,1,0,0,0,"Konten kursus kurang mendalam di area-area penting, yang membuat saya merasa tidak puas dengan materi pembelajaran tersebut .",['😞'],1
987,Saya kesulitan dengan materi pembelajaran karena materi tersebut mengasumsikan terlalu banyak pengetahuan sebelumnya dan tidak menjelaskan dasar-dasarnya dengan benar 😐.,2,0,0,0,0,0,1,0,0,0,Saya kesulitan dengan materi pembelajaran karena materi tersebut mengasumsikan terlalu banyak pengetahuan sebelumnya dan tidak menjelaskan dasar-dasarnya dengan benar .,['😐'],1
988,"Penjelasan dalam materi pembelajaran seringkali terasa terburu-buru, sehingga sulit untuk memahami konsep-konsep tersebut secara menyeluruh.",1,0,0,0,0,0,1,0,0,0,"Penjelasan dalam materi pembelajaran seringkali terasa terburu-buru, sehingga sulit untuk memahami konsep-konsep tersebut secara menyeluruh.",[],0
989,Saya merasa frustrasi dengan materi pembelajaran karena beberapa topik diperkenalkan tanpa penjelasan atau konteks yang cukup.,2,1,0,0,0,0,1,0,0,0,Saya merasa frustrasi dengan materi pembelajaran karena beberapa topik diperkenalkan tanpa penjelasan atau konteks yang cukup.,[],0
990,"Materi kursus terasa tidak konsisten kualitasnya, yang membuat pengalaman belajar menjadi membingungkan dan mengecewakan 😕.",2,0,0,0,0,0,1,0,0,0,"Materi kursus terasa tidak konsisten kualitasnya, yang membuat pengalaman belajar menjadi membingungkan dan mengecewakan .",['😕'],1
991,Saya merasa materi pembelajarannya sulit dipahami karena strukturnya yang kurang jelas dan kurangnya penjelasan praktis 😟.,2,1,0,0,0,0,0,0,0,0,Saya merasa materi pembelajarannya sulit dipahami karena strukturnya yang kurang jelas dan kurangnya penjelasan praktis .,['😟'],1
992,"Beberapa bagian dari materi pembelajaran terasa tidak lengkap, meninggalkan kesenjangan pemahaman yang tidak pernah ditangani dengan benar 😢.",2,0,0,0,0,0,1,0,0,0,"Beberapa bagian dari materi pembelajaran terasa tidak lengkap, meninggalkan kesenjangan pemahaman yang tidak pernah ditangani dengan benar .",['😢'],1
993,"Penjelasannya terlalu bergantung pada teori, sehingga materi pembelajaran terasa tidak seimbang dan sulit diterapkan 😐.",1,0,0,0,0,0,1,0,0,0,"Penjelasannya terlalu bergantung pada teori, sehingga materi pembelajaran terasa tidak seimbang dan sulit diterapkan .",['😐'],1
994,Saya merasa kecewa dengan materi pembelajaran karena konsep-konsep penting tidak dijelaskan secara cukup detail 😞.,2,0,0,0,0,0,1,0,0,0,Saya merasa kecewa dengan materi pembelajaran karena konsep-konsep penting tidak dijelaskan secara cukup detail .,['😞'],1
995,Cara penyajian materi pembelajaran tersebut menyulitkan untuk tetap fokus dan termotivasi.,2,0,0,0,0,0,1,0,0,0,Cara penyajian materi pembelajaran tersebut menyulitkan untuk tetap fokus dan termotivasi.,[],0
996,Saya merasa kontennya membuat frustrasi karena materi pembelajarannya melompat-lompat antar topik tanpa transisi yang jelas 😤.,2,1,0,0,0,0,0,0,0,0,Saya merasa kontennya membuat frustrasi karena materi pembelajarannya melompat-lompat antar topik tanpa transisi yang jelas .,['😤'],1
997,"Materi pembelajaran tidak cukup mendukung pemula, yang membuat pengalaman keseluruhan menjadi mengecewakan.",2,0,0,0,0,0,1,0,0,0,"Materi pembelajaran tidak cukup mendukung pemula, yang membuat pengalaman keseluruhan menjadi mengecewakan.",[],0
998,Saya sering merasa bingung ketika mempelajari materi pembelajaran karena contoh yang diberikan seringkali kurang atau tidak memadai.,2,0,0,0,0,0,1,0,0,0,Saya sering merasa bingung ketika mempelajari materi pembelajaran karena contoh yang diberikan seringkali kurang atau tidak memadai.,[],0
999,"Isi kursus terasa tidak terorganisir, menyebabkan kebingungan yang tidak perlu saat mencoba memahami materi pembelajaran.",2,0,0,0,0,0,1,0,0,0,"Isi kursus terasa tidak terorganisir, menyebabkan kebingungan yang tidak perlu saat mencoba memahami materi pembelajaran.",[],0
1000,Saya kecewa dengan materi pembelajarannya karena kurang penjelasan yang jelas untuk konsep-konsep yang lebih kompleks 😞.,1,0,0,0,0,0,1,0,0,0,Saya kecewa dengan materi pembelajarannya karena kurang penjelasan yang jelas untuk konsep-konsep yang lebih kompleks .,['😞'],1
1001,"Penjelasannya terkadang terasa dangkal, sehingga materi pembelajaran tersebut kurang bermanfaat dari yang diharapkan.",1,0,0,0,0,0,1,0,0,0,"Penjelasannya terkadang terasa dangkal, sehingga materi pembelajaran tersebut kurang bermanfaat dari yang diharapkan.",[],0
1002,Saya merasa materi pembelajaran tersebut membuat frustrasi karena tidak menjelaskan secara jelas alasan di balik ide-ide kuncinya 😠.,1,1,0,0,0,0,1,0,0,0,Saya merasa materi pembelajaran tersebut membuat frustrasi karena tidak menjelaskan secara jelas alasan di balik ide-ide kuncinya .,['😠'],1
1003,Struktur materi pembelajarannya membuat proses membangun pemahaman secara bertahap menjadi lebih sulit 😣.,2,0,0,0,0,0,1,0,0,0,Struktur materi pembelajarannya membuat proses membangun pemahaman secara bertahap menjadi lebih sulit .,['😣'],1
1004,Saya merasa tidak puas dengan materi pembelajaran tersebut karena tidak menghubungkan konsep-konsep yang berbeda secara jelas di berbagai bagian.,2,0,0,0,0,0,1,0,0,0,Saya merasa tidak puas dengan materi pembelajaran tersebut karena tidak menghubungkan konsep-konsep yang berbeda secara jelas di berbagai bagian.,[],0
1005,"Penjelasan dalam materi pembelajaran seringkali terasa tidak lengkap, membuat saya ragu tentang pemahaman saya 😐.",1,0,0,0,0,0,1,0,0,0,"Penjelasan dalam materi pembelajaran seringkali terasa tidak lengkap, membuat saya ragu tentang pemahaman saya .",['😐'],1
1006,Saya kesulitan untuk tetap fokus pada materi pembelajaran karena struktur dan alurnya yang kurang jelas 😕.,2,0,0,0,0,0,1,0,0,0,Saya kesulitan untuk tetap fokus pada materi pembelajaran karena struktur dan alurnya yang kurang jelas .,['😕'],1
1007,Isi kursus terasa kurang bermanfaat dari yang diharapkan karena materi pembelajarannya kurang jelas dan mendalam.,2,0,0,0,0,0,1,0,0,0,Isi kursus terasa kurang bermanfaat dari yang diharapkan karena materi pembelajarannya kurang jelas dan mendalam.,[],0
1008,"Secara keseluruhan, materi pembelajaran terasa membingungkan dan kurang dijelaskan, yang berdampak negatif pada pengalaman belajar saya.",2,0,0,0,0,0,1,0,0,0,"Secara keseluruhan, materi pembelajaran terasa membingungkan dan kurang dijelaskan, yang berdampak negatif pada pengalaman belajar saya.",[],0
1009,"Materi pembelajaran umumnya jelas, meskipun beberapa bagian memerlukan perhatian ekstra untuk memahami penjelasan sepenuhnya.",2,0,0,0,0,1,0,0,1,1,"Materi pembelajaran umumnya jelas, meskipun beberapa bagian memerlukan perhatian ekstra untuk memahami penjelasan sepenuhnya.",[],0
1010,"Secara keseluruhan, saya merasa materi kursus dapat diterima, dengan beberapa topik dijelaskan lebih jelas daripada yang lain.",2,0,0,0,0,1,0,0,1,1,"Secara keseluruhan, saya merasa materi kursus dapat diterima, dengan beberapa topik dijelaskan lebih jelas daripada yang lain.",[],0
1011,"Materi pembelajaran ini memberikan gambaran umum yang cukup baik tentang subjek tersebut, meskipun beberapa bagian terasa singkat 🙂.",2,0,0,0,0,1,0,0,1,1,"Materi pembelajaran ini memberikan gambaran umum yang cukup baik tentang subjek tersebut, meskipun beberapa bagian terasa singkat .",['🙂'],1
1012,"Kontennya disusun secara logis, meskipun beberapa transisi terasa mendadak.",2,0,0,0,0,1,0,0,1,1,"Kontennya disusun secara logis, meskipun beberapa transisi terasa mendadak.",[],0
1013,"Saya rasa materi pembelajaran ini cukup baik sebagai pengantar, tetapi referensi tambahan mungkin akan bermanfaat.",2,0,0,0,0,1,0,0,1,1,"Saya rasa materi pembelajaran ini cukup baik sebagai pengantar, tetapi referensi tambahan mungkin akan bermanfaat.",[],0
1014,"Penjelasannya mudah dipahami, meskipun beberapa contoh bisa diperluas.",1,0,0,0,0,1,0,0,1,1,"Penjelasannya mudah dipahami, meskipun beberapa contoh bisa diperluas.",[],0
1015,"Materi pembelajaran terasa seimbang antara teori dan penjelasan, tanpa terlalu condong ke satu arah.",2,0,0,0,0,1,0,0,1,1,"Materi pembelajaran terasa seimbang antara teori dan penjelasan, tanpa terlalu condong ke satu arah.",[],0
1016,"Saya mampu memahami sebagian besar isinya, meskipun beberapa bagian perlu dibaca ulang.",2,0,0,0,0,1,0,0,1,1,"Saya mampu memahami sebagian besar isinya, meskipun beberapa bagian perlu dibaca ulang.",[],0
1017,"Materi tersebut menjelaskan ide-ide inti dengan cukup baik, meskipun tidak semua detail dijelaskan secara mendalam.",2,0,0,0,0,1,0,0,1,1,"Materi tersebut menjelaskan ide-ide inti dengan cukup baik, meskipun tidak semua detail dijelaskan secara mendalam.",[],0
1018,"Konten pembelajaran terasa informatif, tanpa terlalu menarik atau membingungkan.",2,0,0,0,0,1,0,0,1,1,"Konten pembelajaran terasa informatif, tanpa terlalu menarik atau membingungkan.",[],0
1019,"Materi kursus disusun dengan cukup baik, meskipun beberapa penataan ulang dapat meningkatkan kejelasan.",2,0,0,0,0,1,0,0,1,1,"Materi kursus disusun dengan cukup baik, meskipun beberapa penataan ulang dapat meningkatkan kejelasan.",[],0
1020,"Menurut saya, materi pembelajaran tersebut cukup untuk memahami dasar-dasarnya, tetapi tidak sepenuhnya komprehensif.",2,0,0,0,0,1,0,0,1,1,"Menurut saya, materi pembelajaran tersebut cukup untuk memahami dasar-dasarnya, tetapi tidak sepenuhnya komprehensif.",[],0
1021,"Penjelasannya mudah dipahami, meskipun terkadang mengasumsikan pemahaman sebelumnya.",1,0,0,0,0,1,0,0,1,1,"Penjelasannya mudah dipahami, meskipun terkadang mengasumsikan pemahaman sebelumnya.",[],0
1022,"Materi pembelajarannya mudah dinavigasi, tetapi beberapa konsep membutuhkan usaha ekstra 😐.",2,0,0,0,0,1,0,0,1,1,"Materi pembelajarannya mudah dinavigasi, tetapi beberapa konsep membutuhkan usaha ekstra .",['😐'],1
1023,"Isi konten terasa netral, lebih berfokus pada penjelasan daripada persuasi.",2,0,0,0,0,1,0,0,1,1,"Isi konten terasa netral, lebih berfokus pada penjelasan daripada persuasi.",[],0
1024,"Menurut saya, materi pembelajaran tersebut menyampaikan gagasan-gagasan utama dengan cukup jelas.",2,0,0,0,0,1,0,0,1,1,"Menurut saya, materi pembelajaran tersebut menyampaikan gagasan-gagasan utama dengan cukup jelas.",[],0
1025,"Penjelasannya cukup memadai, meskipun beberapa konsep akan lebih baik jika diberikan konteks yang lebih luas.",1,0,0,0,0,1,0,0,1,1,"Penjelasannya cukup memadai, meskipun beberapa konsep akan lebih baik jika diberikan konteks yang lebih luas.",[],0
1026,"Konten kursus memberikan dasar yang stabil, tanpa membahas banyak kasus khusus.",2,0,0,0,0,1,0,0,1,1,"Konten kursus memberikan dasar yang stabil, tanpa membahas banyak kasus khusus.",[],0
1027,"Saya merasa materi pembelajarannya mudah dipahami, meskipun tidak terlalu mudah diingat.",2,0,0,0,0,1,0,0,1,1,"Saya merasa materi pembelajarannya mudah dipahami, meskipun tidak terlalu mudah diingat.",[],0
1028,Materi tersebut menyajikan subjek dengan cukup baik tanpa menonjol secara berlebihan.,2,0,0,0,0,1,0,0,1,1,Materi tersebut menyajikan subjek dengan cukup baik tanpa menonjol secara berlebihan.,[],0
1029,"Materi pembelajaran terasa konsisten dalam gaya penulisannya, meskipun beberapa bagian lebih detail daripada bagian lainnya.",2,0,0,0,0,1,0,0,1,1,"Materi pembelajaran terasa konsisten dalam gaya penulisannya, meskipun beberapa bagian lebih detail daripada bagian lainnya.",[],0
1030,"Saya mampu memahami pelajaran-pelajaran tersebut, tetapi beberapa penjelasan terasa kurang lengkap.",2,0,0,0,0,1,0,0,1,1,"Saya mampu memahami pelajaran-pelajaran tersebut, tetapi beberapa penjelasan terasa kurang lengkap.",[],0
1031,"Isinya menyajikan ide-ide dengan jelas, meskipun beberapa contoh terasa terbatas.",2,0,0,0,0,1,0,0,1,1,"Isinya menyajikan ide-ide dengan jelas, meskipun beberapa contoh terasa terbatas.",[],0
1032,"Materi pembelajaran disusun secara logis, dengan sedikit celah dalam penjelasan.",2,0,0,0,0,1,0,0,1,1,"Materi pembelajaran disusun secara logis, dengan sedikit celah dalam penjelasan.",[],0
1033,Saya rasa materi ini cocok untuk pembelajar yang bersedia meninjau konsep secara mandiri.,2,0,0,0,0,1,0,0,1,1,Saya rasa materi ini cocok untuk pembelajar yang bersedia meninjau konsep secara mandiri.,[],0
1034,Penjelasannya bersifat netral dan berfokus pada penyampaian informasi.,1,0,0,0,0,1,0,0,1,1,Penjelasannya bersifat netral dan berfokus pada penyampaian informasi.,[],0
1035,"Materi pembelajaran membantu saya mengikuti kursus, meskipun beberapa bagian membutuhkan konsentrasi ekstra 🤔.",2,0,0,0,0,1,0,0,1,1,"Materi pembelajaran membantu saya mengikuti kursus, meskipun beberapa bagian membutuhkan konsentrasi ekstra .",['🤔'],1
1036,"Kontennya terasa stabil dan informatif, tanpa dampak emosional yang kuat.",2,0,0,0,0,1,0,0,1,1,"Kontennya terasa stabil dan informatif, tanpa dampak emosional yang kuat.",[],0
1037,"Saya merasa materi pembelajaran tersebut dapat diterima, dengan tingkat kejelasan yang beragam.",2,0,0,0,0,1,0,0,1,1,"Saya merasa materi pembelajaran tersebut dapat diterima, dengan tingkat kejelasan yang beragam.",[],0
1038,"Penjelasan-penjelasan tersebut memberikan pemahaman umum, meskipun wawasan yang lebih mendalam mungkin memerlukan latihan.",1,0,0,0,0,1,0,0,1,1,"Penjelasan-penjelasan tersebut memberikan pemahaman umum, meskipun wawasan yang lebih mendalam mungkin memerlukan latihan.",[],0
1039,"Materi pembelajaran ini mendukung pembelajaran bertahap, meskipun terkadang terasa kurang menarik.",2,0,0,0,0,1,0,0,1,1,"Materi pembelajaran ini mendukung pembelajaran bertahap, meskipun terkadang terasa kurang menarik.",[],0
1040,"Saya rasa konten tersebut menjelaskan dasar-dasarnya dengan cukup memadai, dengan ruang untuk klarifikasi lebih lanjut di kemudian hari.",2,0,0,0,0,1,0,0,1,1,"Saya rasa konten tersebut menjelaskan dasar-dasarnya dengan cukup memadai, dengan ruang untuk klarifikasi lebih lanjut di kemudian hari.",[],0
1041,"Materi terasa terstruktur, meskipun beberapa pelajaran tampak dipadatkan.",2,0,0,0,0,1,0,0,1,1,"Materi terasa terstruktur, meskipun beberapa pelajaran tampak dipadatkan.",[],0
1042,"Saya mampu mengikuti materi pembelajaran, tetapi beberapa ide terasa diperkenalkan secara singkat.",2,0,0,0,0,1,0,0,1,1,"Saya mampu mengikuti materi pembelajaran, tetapi beberapa ide terasa diperkenalkan secara singkat.",[],0
1043,"Penjelasannya umumnya mudah dipahami, meskipun tidak selalu detail.",1,0,0,0,0,1,0,0,1,1,"Penjelasannya umumnya mudah dipahami, meskipun tidak selalu detail.",[],0
1044,Konten pembelajaran terasa netral dan instruktif dalam penyampaiannya.,2,0,0,0,0,1,0,0,1,1,Konten pembelajaran terasa netral dan instruktif dalam penyampaiannya.,[],0
1045,"Saya merasa materi tersebut bermanfaat untuk orientasi, meskipun eksplorasi lebih lanjut masih diperlukan.",2,0,0,0,0,1,0,0,1,1,"Saya merasa materi tersebut bermanfaat untuk orientasi, meskipun eksplorasi lebih lanjut masih diperlukan.",[],0
1046,Materi pembelajaran menyajikan topik dengan cukup jelas sehingga mudah diikuti.,2,0,0,0,0,1,0,0,1,1,Materi pembelajaran menyajikan topik dengan cukup jelas sehingga mudah diikuti.,[],0
1047,"Beberapa bagian lebih jelas daripada yang lain, tetapi secara keseluruhan materinya tetap mudah dipahami 😶.",2,0,0,0,0,1,0,0,1,1,"Beberapa bagian lebih jelas daripada yang lain, tetapi secara keseluruhan materinya tetap mudah dipahami .",['😶'],1
1048,"Penjelasan tersebut menguraikan konsep-konsep utama, meskipun tidak semua detail dibahas.",1,0,0,0,0,1,0,0,1,1,"Penjelasan tersebut menguraikan konsep-konsep utama, meskipun tidak semua detail dibahas.",[],0
1049,"Materi pembelajaran disajikan dengan cara yang lugas, tanpa kerumitan yang tidak perlu.",2,0,0,0,0,1,0,0,1,1,"Materi pembelajaran disajikan dengan cara yang lugas, tanpa kerumitan yang tidak perlu.",[],0
1050,Saya rasa kontennya sudah memadai untuk memahami arah kursus.,2,0,0,0,0,1,0,0,1,1,Saya rasa kontennya sudah memadai untuk memahami arah kursus.,[],0
1051,"Materi ini terasa informatif, meskipun terkadang kurang mendalam dalam hal ilustrasi.",2,0,0,0,0,1,0,0,1,1,"Materi ini terasa informatif, meskipun terkadang kurang mendalam dalam hal ilustrasi.",[],0
1052,"Saya mampu mengikuti materi pembelajaran, meskipun terkadang terdapat ambiguitas.",2,0,0,0,0,1,0,0,1,1,"Saya mampu mengikuti materi pembelajaran, meskipun terkadang terdapat ambiguitas.",[],0
1053,"Penjelasan-penjelasan tersebut menyampaikan ide-ide penting, meskipun beberapa contoh terasa terbatas.",1,0,0,0,0,1,0,0,1,1,"Penjelasan-penjelasan tersebut menyampaikan ide-ide penting, meskipun beberapa contoh terasa terbatas.",[],0
1054,Konten pembelajarannya bermanfaat dan tidak menimbulkan kebingungan besar.,2,0,0,0,0,1,0,0,1,1,Konten pembelajarannya bermanfaat dan tidak menimbulkan kebingungan besar.,[],0
1055,"Saya mendapati materi tersebut secara umum mudah dipahami, meskipun ada beberapa bagian yang perlu klarifikasi.",2,0,0,0,0,1,0,0,1,1,"Saya mendapati materi tersebut secara umum mudah dipahami, meskipun ada beberapa bagian yang perlu klarifikasi.",[],0
1056,Isi kursus mempertahankan tingkat penjelasan yang konsisten.,2,0,0,0,0,1,0,0,1,1,Isi kursus mempertahankan tingkat penjelasan yang konsisten.,[],0
1057,Materi pembelajaran ini memberikan gambaran umum yang memadai tentang subjek tersebut.,2,0,0,0,0,1,0,0,1,1,Materi pembelajaran ini memberikan gambaran umum yang memadai tentang subjek tersebut.,[],0
1058,"Saya rasa penjelasannya sudah cukup, meskipun tidak terlalu detail.",1,0,0,0,0,1,0,0,1,1,"Saya rasa penjelasannya sudah cukup, meskipun tidak terlalu detail.",[],0
1059,"Materi pembelajaran mudah diikuti di sebagian besar bagian, dengan beberapa pengecualian.",2,0,0,0,0,1,0,0,1,1,"Materi pembelajaran mudah diikuti di sebagian besar bagian, dengan beberapa pengecualian.",[],0
1060,"Isi materi menjelaskan topik-topik tersebut dengan cukup baik, meskipun terkadang terasa dangkal 😑.",2,0,0,0,0,1,0,0,1,1,"Isi materi menjelaskan topik-topik tersebut dengan cukup baik, meskipun terkadang terasa dangkal .",['😑'],1
1061,Saya menemukan materi tersebut netral dalam nada dan pendekatannya.,2,0,0,0,0,1,0,0,1,1,Saya menemukan materi tersebut netral dalam nada dan pendekatannya.,[],0
1062,"Penjelasannya sebagian besar jelas, meskipun beberapa ide hanya dibahas secara singkat.",1,0,0,0,0,1,0,0,1,1,"Penjelasannya sebagian besar jelas, meskipun beberapa ide hanya dibahas secara singkat.",[],0
1063,"Materi pembelajaran memungkinkan pemahaman, asalkan peserta didik tetap memperhatikan.",2,0,0,0,0,1,0,0,1,1,"Materi pembelajaran memungkinkan pemahaman, asalkan peserta didik tetap memperhatikan.",[],0
1064,Saya rasa konten kursus akan lebih efektif jika dipadukan dengan latihan tambahan.,2,0,0,0,0,1,0,0,1,1,Saya rasa konten kursus akan lebih efektif jika dipadukan dengan latihan tambahan.,[],0
1065,"Materi tersebut menyajikan konsep secara logis, meskipun tidak selalu menyeluruh.",2,0,0,0,0,1,0,0,1,1,"Materi tersebut menyajikan konsep secara logis, meskipun tidak selalu menyeluruh.",[],0
1066,"Saya bisa memahami pelajaran-pelajaran tersebut, tetapi beberapa penjelasan terasa kurang mendalam.",2,0,0,0,0,1,0,0,1,1,"Saya bisa memahami pelajaran-pelajaran tersebut, tetapi beberapa penjelasan terasa kurang mendalam.",[],0
1067,Konten pembelajaran disusun dengan cukup baik.,2,0,0,0,0,1,0,0,1,1,Konten pembelajaran disusun dengan cukup baik.,[],0
1068,Penjelasan-penjelasan tersebut memberikan gambaran umum tentang topik tanpa membahasnya terlalu mendalam.,1,0,0,0,0,1,0,0,1,1,Penjelasan-penjelasan tersebut memberikan gambaran umum tentang topik tanpa membahasnya terlalu mendalam.,[],0
1069,"Materi pembelajaran terasa seimbang, tidak terlalu sederhana dan tidak terlalu kompleks.",2,0,0,0,0,1,0,0,1,1,"Materi pembelajaran terasa seimbang, tidak terlalu sederhana dan tidak terlalu kompleks.",[],0
1070,"Menurut saya, konten tersebut mengkomunikasikan ide-ide utama dengan cukup jelas.",2,0,0,0,0,1,0,0,1,1,"Menurut saya, konten tersebut mengkomunikasikan ide-ide utama dengan cukup jelas.",[],0
1071,"Materi tersebut mudah dipahami, meskipun beberapa penjelasan tambahan akan sangat membantu.",2,0,0,0,0,1,0,0,1,1,"Materi tersebut mudah dipahami, meskipun beberapa penjelasan tambahan akan sangat membantu.",[],0
1072,"Penjelasannya konsisten, meskipun tidak selalu menarik.",1,0,0,0,0,1,0,0,1,1,"Penjelasannya konsisten, meskipun tidak selalu menarik.",[],0
1073,Materi pembelajaran menyajikan informasi dengan cara yang lugas.,2,0,0,0,0,1,0,0,1,1,Materi pembelajaran menyajikan informasi dengan cara yang lugas.,[],0
1074,"Beberapa konsep dijelaskan dengan jelas, sementara yang lain membutuhkan perhatian lebih 😕.",1,0,0,0,0,1,0,0,1,1,"Beberapa konsep dijelaskan dengan jelas, sementara yang lain membutuhkan perhatian lebih .",['😕'],1
1075,Konten tersebut mendukung pembelajaran yang stabil tanpa menimbulkan respons emosional yang kuat.,2,0,0,0,0,1,0,0,1,1,Konten tersebut mendukung pembelajaran yang stabil tanpa menimbulkan respons emosional yang kuat.,[],0
1076,"Saya merasa materi pembelajarannya praktis, meskipun tidak terlalu detail.",2,0,0,0,0,1,0,0,1,1,"Saya merasa materi pembelajarannya praktis, meskipun tidak terlalu detail.",[],0
1077,Penjelasan yang diberikan cukup memadai untuk mengikuti struktur kursus.,1,0,0,0,0,1,0,0,1,1,Penjelasan yang diberikan cukup memadai untuk mengikuti struktur kursus.,[],0
1078,Materi pembelajaran tersebut menguraikan subjek tanpa memberikan detail yang berlebihan.,2,0,0,0,0,1,0,0,1,1,Materi pembelajaran tersebut menguraikan subjek tanpa memberikan detail yang berlebihan.,[],0
1079,Isi kursus disajikan secara netral dan umumnya mudah diikuti.,2,0,0,0,0,1,0,0,1,1,Isi kursus disajikan secara netral dan umumnya mudah diikuti.,[],0
1080,"Dengan sedikit usaha, saya mampu memahami sebagian besar materi pembelajaran.",2,0,0,0,0,1,0,0,1,1,"Dengan sedikit usaha, saya mampu memahami sebagian besar materi pembelajaran.",[],0
1081,Penjelasan-penjelasan tersebut memberikan pemahaman dasar tentang topik-topik tersebut.,1,0,0,0,0,1,0,0,1,1,Penjelasan-penjelasan tersebut memberikan pemahaman dasar tentang topik-topik tersebut.,[],0
1082,"Materi pembelajaran terasa informatif, meskipun tidak terlalu analitis.",2,0,0,0,0,1,0,0,1,1,"Materi pembelajaran terasa informatif, meskipun tidak terlalu analitis.",[],0
1083,Saya rasa konten tersebut berfungsi sebagai referensi yang memadai untuk subjek tersebut.,2,0,0,0,0,1,0,0,1,1,Saya rasa konten tersebut berfungsi sebagai referensi yang memadai untuk subjek tersebut.,[],0
1084,Materi tersebut menjelaskan konsep-konsep dengan cukup jelas untuk pembelajaran berkelanjutan.,2,0,0,0,0,1,0,0,1,1,Materi tersebut menjelaskan konsep-konsep dengan cukup jelas untuk pembelajaran berkelanjutan.,[],0
1085,Konten pembelajaran disusun dengan cara yang dapat diprediksi.,2,0,0,0,0,1,0,0,1,1,Konten pembelajaran disusun dengan cara yang dapat diprediksi.,[],0
1086,"Saya merasa penjelasannya mudah dipahami, meskipun agak singkat.",1,0,0,0,0,1,0,0,1,1,"Saya merasa penjelasannya mudah dipahami, meskipun agak singkat.",[],0
1087,"Materi pembelajarannya terasa mudah diakses, meskipun beberapa bagian kurang mendalam 😐.",2,0,0,0,0,1,0,0,1,1,"Materi pembelajarannya terasa mudah diakses, meskipun beberapa bagian kurang mendalam .",['😐'],1
1088,"Konten tersebut mengkomunikasikan ide-ide dengan jelas, tanpa penekanan yang berlebihan.",2,0,0,0,0,1,0,0,1,1,"Konten tersebut mengkomunikasikan ide-ide dengan jelas, tanpa penekanan yang berlebihan.",[],0
1089,"Materi pembelajaran mendukung pemahaman, asalkan bagian-bagian penting ditinjau kembali.",2,0,0,0,0,1,0,0,1,1,"Materi pembelajaran mendukung pemahaman, asalkan bagian-bagian penting ditinjau kembali.",[],0
1090,"Menurut saya penjelasannya dapat diterima, meskipun tidak terlalu detail.",1,0,0,0,0,1,0,0,1,1,"Menurut saya penjelasannya dapat diterima, meskipun tidak terlalu detail.",[],0
1091,Materi tersebut terasa netral dan informatif.,2,0,0,0,0,1,0,0,1,1,Materi tersebut terasa netral dan informatif.,[],0
1092,"Konten pembelajarannya mudah diikuti, meskipun beberapa bagian terasa padat.",2,0,0,0,0,1,0,0,1,1,"Konten pembelajarannya mudah diikuti, meskipun beberapa bagian terasa padat.",[],0
1093,Saya merasa penjelasan-penjelasan tersebut cukup jelas untuk melanjutkan kursus.,1,0,0,0,0,1,0,0,1,1,Saya merasa penjelasan-penjelasan tersebut cukup jelas untuk melanjutkan kursus.,[],0
1094,"Materi pembelajaran memberikan kejelasan secara umum, meskipun terkadang terdapat ambiguitas.",2,0,0,0,0,1,0,0,1,1,"Materi pembelajaran memberikan kejelasan secara umum, meskipun terkadang terdapat ambiguitas.",[],0
1095,"Isinya mudah dipahami, meskipun beberapa contoh akan sangat membantu.",2,0,0,0,0,1,0,0,1,1,"Isinya mudah dipahami, meskipun beberapa contoh akan sangat membantu.",[],0
1096,Penjelasan tersebut menguraikan konsep tanpa elaborasi yang berlebihan.,1,0,0,0,0,1,0,0,1,1,Penjelasan tersebut menguraikan konsep tanpa elaborasi yang berlebihan.,[],0
1097,Materi pembelajaran dirasa cukup memadai untuk orientasi.,2,0,0,0,0,1,0,0,1,1,Materi pembelajaran dirasa cukup memadai untuk orientasi.,[],0
1098,"Menurut saya, isi kursus tersebut menyampaikan hal-hal penting secara efektif.",2,0,0,0,0,1,0,0,1,1,"Menurut saya, isi kursus tersebut menyampaikan hal-hal penting secara efektif.",[],0
1099,"Materi pembelajarannya secara keseluruhan jelas, meskipun beberapa bagian terasa agak membingungkan 😬.",2,0,0,0,0,1,0,0,1,1,"Materi pembelajarannya secara keseluruhan jelas, meskipun beberapa bagian terasa agak membingungkan .",['😬'],1
1100,Saya mendapati penjelasan-penjelasan tersebut netral dan berfokus pada penyampaian informasi.,1,0,0,0,0,1,0,0,1,1,Saya mendapati penjelasan-penjelasan tersebut netral dan berfokus pada penyampaian informasi.,[],0
1101,Konten tersebut mendukung pembelajaran dengan kecepatan yang stabil.,2,0,0,0,0,1,0,0,1,1,Konten tersebut mendukung pembelajaran dengan kecepatan yang stabil.,[],0
1102,"Materi pembelajarannya mudah dipahami, meskipun tidak terlalu mendalam.",2,0,0,0,0,1,0,0,1,1,"Materi pembelajarannya mudah dipahami, meskipun tidak terlalu mendalam.",[],0
1103,Saya dapat mengikuti pelajaran tanpa kesulitan berarti.,2,0,0,0,0,1,0,0,1,1,Saya dapat mengikuti pelajaran tanpa kesulitan berarti.,[],0
1104,"Penjelasannya cukup memadai, meskipun beberapa bagian terasa singkat.",1,0,0,0,0,1,0,0,1,1,"Penjelasannya cukup memadai, meskipun beberapa bagian terasa singkat.",[],0
1105,Konten pembelajarannya terasa seimbang dan konsisten.,2,0,0,0,0,1,0,0,1,1,Konten pembelajarannya terasa seimbang dan konsisten.,[],0
1106,Saya rasa materi ini sesuai untuk pemahaman umum.,2,0,0,0,0,1,0,0,1,1,Saya rasa materi ini sesuai untuk pemahaman umum.,[],0
1107,Penjelasan-penjelasan tersebut mengkomunikasikan ide-ide dengan cukup jelas.,1,0,0,0,0,1,0,0,1,1,Penjelasan-penjelasan tersebut mengkomunikasikan ide-ide dengan cukup jelas.,[],0
1108,Materi pembelajaran terasa informatif tanpa terlalu detail.,2,0,0,0,0,1,0,0,1,1,Materi pembelajaran terasa informatif tanpa terlalu detail.,[],0
1109,Isi kursus memberikan pemahaman dasar tentang subjek tersebut.,2,0,0,0,0,1,0,0,1,1,Isi kursus memberikan pemahaman dasar tentang subjek tersebut.,[],0
1110,"Saya merasa materi pembelajaran mudah diikuti, meskipun sesekali membutuhkan klarifikasi.",2,0,0,0,0,1,0,0,1,1,"Saya merasa materi pembelajaran mudah diikuti, meskipun sesekali membutuhkan klarifikasi.",[],0
1111,Penjelasannya netral dan lugas.,1,0,0,0,0,1,0,0,1,1,Penjelasannya netral dan lugas.,[],0
1112,"Beberapa bagian materi pembelajaran terasa jelas, sementara bagian lainnya membutuhkan lebih banyak usaha 😮‍💨.",2,0,0,0,0,1,0,0,1,1,"Beberapa bagian materi pembelajaran terasa jelas, sementara bagian lainnya membutuhkan lebih banyak usaha .",['😮\u200d💨'],1
1113,"Konten tersebut menyajikan konsep secara logis, meskipun tidak selalu mendalam.",2,0,0,0,0,1,0,0,1,1,"Konten tersebut menyajikan konsep secara logis, meskipun tidak selalu mendalam.",[],0
1114,Materi pembelajaran disusun untuk mendukung pembelajaran yang berkelanjutan.,2,0,0,0,0,1,0,0,1,1,Materi pembelajaran disusun untuk mendukung pembelajaran yang berkelanjutan.,[],0
1115,Saya rasa penjelasannya cukup memadai untuk diikuti.,1,0,0,0,0,1,0,0,1,1,Saya rasa penjelasannya cukup memadai untuk diikuti.,[],0
1116,Konten pembelajaran terasa netral dan bersifat instruktif.,2,0,0,0,0,1,0,0,1,1,Konten pembelajaran terasa netral dan bersifat instruktif.,[],0
1117,Materi ini membantu membangun pemahaman umum tentang topik-topik tersebut.,2,0,0,0,0,1,0,0,1,1,Materi ini membantu membangun pemahaman umum tentang topik-topik tersebut.,[],0
1118,"Penjelasannya mudah dipahami, meskipun terkadang singkat.",1,0,0,0,0,1,0,0,1,1,"Penjelasannya mudah dipahami, meskipun terkadang singkat.",[],0
1119,Materi pembelajaran cukup jelas untuk mengikuti kursus ini.,2,0,0,0,0,1,0,0,1,1,Materi pembelajaran cukup jelas untuk mengikuti kursus ini.,[],0
1120,"Saya merasa isinya dapat diterima, dengan beberapa bagian lebih jelas daripada yang lain.",2,0,0,0,0,1,0,0,1,1,"Saya merasa isinya dapat diterima, dengan beberapa bagian lebih jelas daripada yang lain.",[],0
1121,Penjelasan-penjelasan tersebut memberikan gambaran umum tentang subjek tersebut.,1,0,0,0,0,1,0,0,1,1,Penjelasan-penjelasan tersebut memberikan gambaran umum tentang subjek tersebut.,[],0
1122,Materi pembelajaran terasa konsisten dalam nada dan strukturnya.,2,0,0,0,0,1,0,0,1,1,Materi pembelajaran terasa konsisten dalam nada dan strukturnya.,[],0
1123,Saya rasa konten ini berfungsi sebagai referensi dasar.,2,0,0,0,0,1,0,0,1,1,Saya rasa konten ini berfungsi sebagai referensi dasar.,[],0
1124,Penjelasan-penjelasan tersebut mengkomunikasikan ide-ide inti tanpa banyak embel-embel.,1,0,0,0,0,1,0,0,1,1,Penjelasan-penjelasan tersebut mengkomunikasikan ide-ide inti tanpa banyak embel-embel.,[],0
1125,"Materi pembelajaran ini mendukung pemahaman, meskipun latihan tetap diperlukan.",2,0,0,0,0,1,0,0,1,1,"Materi pembelajaran ini mendukung pemahaman, meskipun latihan tetap diperlukan.",[],0
1126,Saya merasa isi kursus tersebut informatif dan netral.,2,0,0,0,0,1,0,0,1,1,Saya merasa isi kursus tersebut informatif dan netral.,[],0
1127,"Penjelasannya jelas, meskipun tidak terlalu detail.",1,0,0,0,0,1,0,0,1,1,"Penjelasannya jelas, meskipun tidak terlalu detail.",[],0
1128,"Materi pembelajarannya secara keseluruhan mudah dipahami, meskipun ada beberapa momen yang kurang jelas 😯.",2,0,0,0,0,1,0,0,1,1,"Materi pembelajarannya secara keseluruhan mudah dipahami, meskipun ada beberapa momen yang kurang jelas .",['😯'],1
1129,Isi tersebut menyajikan subjek dengan cara yang lugas.,2,0,0,0,0,1,0,0,1,1,Isi tersebut menyajikan subjek dengan cara yang lugas.,[],0
1130,Saya rasa materi pembelajarannya memadai untuk mengikuti kursus ini.,2,0,0,0,0,1,0,0,1,1,Saya rasa materi pembelajarannya memadai untuk mengikuti kursus ini.,[],0
1131,Penjelasan-penjelasan tersebut memberikan kejelasan pada sebagian besar topik.,1,0,0,0,0,1,0,0,1,1,Penjelasan-penjelasan tersebut memberikan kejelasan pada sebagian besar topik.,[],0
1132,Konten pembelajarannya terasa seimbang dan mudah diakses.,2,0,0,0,0,1,0,0,1,1,Konten pembelajarannya terasa seimbang dan mudah diakses.,[],0
1133,Saya merasa materi tersebut mudah dipahami jika membutuhkan sedikit konsentrasi.,2,0,0,0,0,1,0,0,1,1,Saya merasa materi tersebut mudah dipahami jika membutuhkan sedikit konsentrasi.,[],0
1134,Penjelasan-penjelasan tersebut menguraikan ide-ide utama dengan jelas.,1,0,0,0,0,1,0,0,1,1,Penjelasan-penjelasan tersebut menguraikan ide-ide utama dengan jelas.,[],0
1135,Materi pembelajaran terasa netral dan informatif secara keseluruhan.,2,0,0,0,0,1,0,0,1,1,Materi pembelajaran terasa netral dan informatif secara keseluruhan.,[],0
1136,"Secara keseluruhan, materi pembelajaran tersebut mengkomunikasikan konsep-konsep dengan cukup jelas untuk kemajuan yang stabil.",2,0,0,0,0,1,0,0,1,1,"Secara keseluruhan, materi pembelajaran tersebut mengkomunikasikan konsep-konsep dengan cukup jelas untuk kemajuan yang stabil.",[],0
1137,Instruktur sangat responsif di sesi tanya jawab dan biasanya memberikan jawaban yang jelas yang membantu untuk maju 🙂.,3,0,0,0,0,1,0,0,1,1,Instruktur sangat responsif di sesi tanya jawab dan biasanya memberikan jawaban yang jelas yang membantu untuk maju .,['🙂'],1
1138,"Saya menghargai betapa cepatnya pertanyaan dijawab, yang membuat pengalaman belajar terasa didukung.",3,0,0,0,0,1,0,0,1,1,"Saya menghargai betapa cepatnya pertanyaan dijawab, yang membuat pengalaman belajar terasa didukung.",[],0
1139,"Instruktur sering membalas dalam hitungan jam, yang membangun kepercayaan dan keyakinan pada dukungan kursus.",3,0,0,0,0,1,0,0,0,1,"Instruktur sering membalas dalam hitungan jam, yang membangun kepercayaan dan keyakinan pada dukungan kursus.",[],0
1140,"Sebagian besar pertanyaan saya dijawab dengan jelas dan sopan, sehingga interaksi terasa menyenangkan.",3,0,0,0,0,1,0,0,0,1,"Sebagian besar pertanyaan saya dijawab dengan jelas dan sopan, sehingga interaksi terasa menyenangkan.",[],0
1141,Saya merasa bagian tanya jawab sangat membantu karena instruktur secara aktif menanggapi pertanyaan siswa.,3,0,0,0,0,1,0,0,0,1,Saya merasa bagian tanya jawab sangat membantu karena instruktur secara aktif menanggapi pertanyaan siswa.,[],0
1142,Tanggapan di area diskusi umumnya jelas dan tepat sasaran.,3,0,0,0,0,1,0,0,0,1,Tanggapan di area diskusi umumnya jelas dan tepat sasaran.,[],0
1143,Saya merasa tenang karena mengetahui bahwa pertanyaan-pertanyaan dijawab dengan segera oleh instruktur.,3,0,0,0,0,1,0,0,0,1,Saya merasa tenang karena mengetahui bahwa pertanyaan-pertanyaan dijawab dengan segera oleh instruktur.,[],0
1144,Kehadiran instruktur dalam sesi tanya jawab membuat kursus terasa lebih interaktif.,3,0,0,0,0,1,0,0,1,1,Kehadiran instruktur dalam sesi tanya jawab membuat kursus terasa lebih interaktif.,[],0
1145,"Saya menghargai tanggapan yang konsisten terhadap pertanyaan-pertanyaan, yang membantu mengklarifikasi banyak keraguan.",3,0,0,0,0,1,0,0,0,1,"Saya menghargai tanggapan yang konsisten terhadap pertanyaan-pertanyaan, yang membantu mengklarifikasi banyak keraguan.",[],0
1146,Instruktur biasanya memberikan penjelasan yang bermanfaat saat menjawab pertanyaan 😃.,3,0,0,0,0,1,0,0,0,1,Instruktur biasanya memberikan penjelasan yang bermanfaat saat menjawab pertanyaan .,['😃'],1
1147,Interaksi di sesi tanya jawab memudahkan untuk tetap fokus pada materi kursus.,3,0,0,0,0,1,0,0,0,1,Interaksi di sesi tanya jawab memudahkan untuk tetap fokus pada materi kursus.,[],0
1148,Saya merasa jawaban instruktur informatif dan mudah dipahami.,3,0,0,0,0,1,0,0,1,1,Saya merasa jawaban instruktur informatif dan mudah dipahami.,[],0
1149,Pertanyaan yang diajukan di bagian diskusi seringkali dijawab tepat waktu 🙂.,3,0,0,0,0,1,0,0,0,1,Pertanyaan yang diajukan di bagian diskusi seringkali dijawab tepat waktu .,['🙂'],1
1150,Keterlibatan instruktur dalam sesi tanya jawab menambah nilai pada pengalaman belajar secara keseluruhan.,3,0,0,0,0,1,0,0,0,1,Keterlibatan instruktur dalam sesi tanya jawab menambah nilai pada pengalaman belajar secara keseluruhan.,[],0
1151,Saya merasa didukung oleh kesediaan instruktur untuk menjawab pertanyaan.,3,0,0,0,0,1,0,0,0,1,Saya merasa didukung oleh kesediaan instruktur untuk menjawab pertanyaan.,[],0
1152,Jawaban pada sesi tanya jawab biasanya lugas dan bermanfaat 😄.,3,0,0,0,0,1,0,0,0,1,Jawaban pada sesi tanya jawab biasanya lugas dan bermanfaat .,['😄'],1
1153,"Instruktur menjaga kehadiran aktif, yang meningkatkan komunikasi dengan peserta didik.",3,0,0,0,0,1,0,0,0,1,"Instruktur menjaga kehadiran aktif, yang meningkatkan komunikasi dengan peserta didik.",[],0
1154,Saya menghargai bagaimana instruktur mengklarifikasi kesalahpahaman di sesi diskusi.,3,0,0,0,0,1,0,0,0,1,Saya menghargai bagaimana instruktur mengklarifikasi kesalahpahaman di sesi diskusi.,[],0
1155,Tanggapan yang saya terima membantu menyelesaikan kebingungan saya dengan efisien.,3,0,0,0,0,1,0,0,0,1,Tanggapan yang saya terima membantu menyelesaikan kebingungan saya dengan efisien.,[],0
1156,Respons cepat dari instruktur membuat proses pembelajaran menjadi lebih lancar.,3,0,0,0,0,1,0,0,0,1,Respons cepat dari instruktur membuat proses pembelajaran menjadi lebih lancar.,[],0
1157,"Secara umum, interaksi yang saya alami positif dan responsif.",3,0,0,0,0,1,0,0,0,1,"Secara umum, interaksi yang saya alami positif dan responsif.",[],0
1158,Bagian tanya jawab bermanfaat karena instruktur secara aktif membahas isu-isu umum.,3,0,0,0,0,1,0,0,0,1,Bagian tanya jawab bermanfaat karena instruktur secara aktif membahas isu-isu umum.,[],0
1159,Saya suka cara instruktur menjelaskan solusi dengan jelas dalam balasannya.,3,0,0,0,0,1,0,0,0,1,Saya suka cara instruktur menjelaskan solusi dengan jelas dalam balasannya.,[],0
1160,Gaya interaksinya terasa profesional dan informatif.,3,0,0,0,0,1,0,0,0,1,Gaya interaksinya terasa profesional dan informatif.,[],0
1161,Saya merasa terdorong untuk bertanya karena tahu pertanyaan saya akan dijawab 🙂.,3,0,0,0,0,1,0,0,0,1,Saya merasa terdorong untuk bertanya karena tahu pertanyaan saya akan dijawab .,['🙂'],1
1162,Tanggapan dari instruktur membantu saya untuk maju tanpa penundaan yang tidak perlu.,3,0,0,0,0,1,0,0,0,1,Tanggapan dari instruktur membantu saya untuk maju tanpa penundaan yang tidak perlu.,[],0
1163,Interaksi tanya jawab memberikan kejelasan pada bagian-bagian kursus yang membutuhkan penjelasan.,3,0,0,0,0,1,0,0,0,1,Interaksi tanya jawab memberikan kejelasan pada bagian-bagian kursus yang membutuhkan penjelasan.,[],0
1164,Saya menghargai upaya instruktur untuk menjawab banyak pertanyaan 😃.,3,0,0,0,0,1,0,0,0,1,Saya menghargai upaya instruktur untuk menjawab banyak pertanyaan .,['😃'],1
1165,"Secara keseluruhan, komunikasi di bagian diskusi terasa mendukung.",3,0,0,0,0,1,0,0,0,1,"Secara keseluruhan, komunikasi di bagian diskusi terasa mendukung.",[],0
1166,Instruktur memberikan panduan yang jelas saat menjawab pertanyaan.,3,0,0,0,0,1,0,0,0,1,Instruktur memberikan panduan yang jelas saat menjawab pertanyaan.,[],0
1167,Saya merasa yakin untuk melanjutkan kursus karena instruktur sangat responsif 🙂.,3,0,0,0,0,1,0,0,0,1,Saya merasa yakin untuk melanjutkan kursus karena instruktur sangat responsif .,['🙂'],1
1168,Jawaban dalam sesi tanya jawab sering kali menyelesaikan masalah dengan cepat.,3,0,0,0,0,1,0,0,0,1,Jawaban dalam sesi tanya jawab sering kali menyelesaikan masalah dengan cepat.,[],0
1169,Saya menghargai jawaban instruktur yang lugas dan informatif.,3,0,0,0,0,1,0,0,0,1,Saya menghargai jawaban instruktur yang lugas dan informatif.,[],0
1170,Interaksi dengan para peserta didik terasa konsisten sepanjang kursus 😁.,3,0,0,0,0,1,0,0,0,1,Interaksi dengan para peserta didik terasa konsisten sepanjang kursus .,['😁'],1
1171,Instruktur biasanya merespons dengan sopan dan profesional.,3,0,0,0,0,1,0,0,0,1,Instruktur biasanya merespons dengan sopan dan profesional.,[],0
1172,Saya merasa penjelasan tanya jawab sangat membantu untuk memahami bagian-bagian yang sulit.,3,0,0,0,0,1,0,0,0,1,Saya merasa penjelasan tanya jawab sangat membantu untuk memahami bagian-bagian yang sulit.,[],0
1173,Jawaban dari instruktur membuat pengalaman belajar menjadi lebih interaktif.,3,0,0,0,0,1,0,0,0,1,Jawaban dari instruktur membuat pengalaman belajar menjadi lebih interaktif.,[],0
1174,"Pertanyaan sering dijawab dengan jelas, sehingga menghemat waktu.",3,0,0,0,0,1,0,0,0,1,"Pertanyaan sering dijawab dengan jelas, sehingga menghemat waktu.",[],0
1175,Saya merasa tenang karena instruktur aktif terlibat dalam diskusi.,3,0,0,0,0,1,0,0,0,1,Saya merasa tenang karena instruktur aktif terlibat dalam diskusi.,[],0
1176,Gaya interaksi instruktur secara umum terasa konstruktif 😄.,3,0,0,0,0,1,0,0,0,1,Gaya interaksi instruktur secara umum terasa konstruktif .,['😄'],1
1177,Saya menghargai cara instruktur menjawab pertanyaan-pertanyaan baik yang sederhana maupun yang kompleks.,3,0,0,0,0,1,0,0,0,1,Saya menghargai cara instruktur menjawab pertanyaan-pertanyaan baik yang sederhana maupun yang kompleks.,[],0
1178,Bagian tanya jawab membantu mengklarifikasi keraguan dengan efisien 🙂.,3,0,0,0,0,1,0,0,0,1,Bagian tanya jawab membantu mengklarifikasi keraguan dengan efisien .,['🙂'],1
1179,Jawaban dari instruktur terasa dapat diandalkan dan informatif.,3,0,0,0,0,1,0,0,0,1,Jawaban dari instruktur terasa dapat diandalkan dan informatif.,[],0
1180,Saya mendapati interaksi dalam kursus tersebut sebagian besar positif.,3,0,0,0,0,1,0,0,0,1,Saya mendapati interaksi dalam kursus tersebut sebagian besar positif.,[],0
1181,Jawaban dari instruktur sangat membantu membimbing saya melewati langkah-langkah yang membingungkan 😁.,3,0,0,0,0,1,0,0,0,1,Jawaban dari instruktur sangat membantu membimbing saya melewati langkah-langkah yang membingungkan .,['😁'],1
1182,Komunikasi di bagian Tanya Jawab terasa mudah diakses dan bermanfaat.,3,0,0,0,0,1,0,0,0,1,Komunikasi di bagian Tanya Jawab terasa mudah diakses dan bermanfaat.,[],0
1183,Saya merasa nyaman mengajukan pertanyaan karena instruktur sangat responsif.,3,0,0,0,0,1,0,0,0,1,Saya merasa nyaman mengajukan pertanyaan karena instruktur sangat responsif.,[],0
1184,Keterlibatan instruktur meningkatkan pengalaman kursus secara keseluruhan 🙂.,3,0,0,0,0,1,0,0,0,1,Keterlibatan instruktur meningkatkan pengalaman kursus secara keseluruhan .,['🙂'],1
1185,Saya menghargai kejelasan yang diberikan dalam sebagian besar jawaban tanya jawab.,3,0,0,0,0,1,0,0,0,1,Saya menghargai kejelasan yang diberikan dalam sebagian besar jawaban tanya jawab.,[],0
1186,Gaya interaksi tersebut umumnya mendukung pembelajaran.,3,0,0,0,0,1,0,0,0,1,Gaya interaksi tersebut umumnya mendukung pembelajaran.,[],0
1187,"Instruktur memberikan respons dengan cepat, yang membantu menjaga momentum pembelajaran 😃.",3,0,0,0,0,1,0,0,0,1,"Instruktur memberikan respons dengan cepat, yang membantu menjaga momentum pembelajaran .",['😃'],1
1188,Saya merasa sesi tanya jawab bermanfaat untuk menyelesaikan masalah umum.,3,0,0,0,0,1,0,0,0,1,Saya merasa sesi tanya jawab bermanfaat untuk menyelesaikan masalah umum.,[],0
1189,Jawaban dari instruktur biasanya jelas dan relevan.,3,0,0,0,0,1,0,0,0,1,Jawaban dari instruktur biasanya jelas dan relevan.,[],0
1190,Saya merasa didukung oleh kehadiran instruktur di sesi diskusi.,3,0,0,0,0,1,0,0,0,1,Saya merasa didukung oleh kehadiran instruktur di sesi diskusi.,[],0
1191,Interaksi dalam sesi tanya jawab memberikan kontribusi positif terhadap pemahaman materi.,3,0,0,0,0,1,0,0,0,1,Interaksi dalam sesi tanya jawab memberikan kontribusi positif terhadap pemahaman materi.,[],0
1192,Jawaban instruktur sering kali langsung membahas inti permasalahan.,3,0,0,0,0,1,0,0,0,1,Jawaban instruktur sering kali langsung membahas inti permasalahan.,[],0
1193,Saya mengapresiasi upaya yang dilakukan untuk menjawab pertanyaan para pelajar 😁.,3,0,0,0,0,1,0,0,0,1,Saya mengapresiasi upaya yang dilakukan untuk menjawab pertanyaan para pelajar .,['😁'],1
1194,Komunikasi secara keseluruhan terasa positif dan bermanfaat.,3,0,0,0,0,1,0,0,0,1,Komunikasi secara keseluruhan terasa positif dan bermanfaat.,[],0
1195,Keterlibatan instruktur membuat kursus terasa tidak terlalu terisolasi 🙂.,3,0,0,0,0,1,0,0,0,1,Keterlibatan instruktur membuat kursus terasa tidak terlalu terisolasi .,['🙂'],1
1196,Saya merasa interaksi tanya jawab tersebut bermanfaat untuk mengklarifikasi hal-hal yang masih belum jelas.,3,0,0,0,0,1,0,0,0,1,Saya merasa interaksi tanya jawab tersebut bermanfaat untuk mengklarifikasi hal-hal yang masih belum jelas.,[],0
1197,Instruktur umumnya memberikan umpan balik yang bermanfaat dalam tanggapan.,3,0,0,0,0,1,0,0,0,1,Instruktur umumnya memberikan umpan balik yang bermanfaat dalam tanggapan.,[],0
1198,Saya menghargai penjelasan yang jelas yang diberikan dalam balasan diskusi.,3,0,0,0,0,1,0,0,0,1,Saya menghargai penjelasan yang jelas yang diberikan dalam balasan diskusi.,[],0
1199,Gaya interaksi tersebut membantu menjaga kepercayaan diri selama proses pembelajaran.,3,0,0,0,0,1,0,0,0,1,Gaya interaksi tersebut membantu menjaga kepercayaan diri selama proses pembelajaran.,[],0
1200,Saya merasa instruktur mudah didekati melalui sesi tanya jawab 🙂.,3,0,0,0,0,1,0,0,0,1,Saya merasa instruktur mudah didekati melalui sesi tanya jawab .,['🙂'],1
1201,"Secara keseluruhan, interaksi dengan instruktur terasa mendukung dan bermanfaat.",3,0,0,0,0,1,0,0,0,1,"Secara keseluruhan, interaksi dengan instruktur terasa mendukung dan bermanfaat.",[],0
1202,"Instruktur menjawab pertanyaan, meskipun tingkat detailnya bervariasi.",3,0,0,0,0,1,0,0,0,1,"Instruktur menjawab pertanyaan, meskipun tingkat detailnya bervariasi.",[],0
1203,"Saya merasa bagian tanya jawabnya fungsional, meskipun tidak semua jawabannya detail.",3,0,0,0,0,1,0,0,0,1,"Saya merasa bagian tanya jawabnya fungsional, meskipun tidak semua jawabannya detail.",[],0
1204,"Interaksi di area diskusi ada, tetapi terkadang singkat.",3,0,0,0,0,1,0,0,0,1,"Interaksi di area diskusi ada, tetapi terkadang singkat.",[],0
1205,"Pertanyaan umumnya dijawab, meskipun beberapa jawabannya singkat.",3,0,0,0,0,1,0,0,0,1,"Pertanyaan umumnya dijawab, meskipun beberapa jawabannya singkat.",[],0
1206,Saya rasa instruktur menjawab sebagian besar pertanyaan dengan memadai.,3,0,0,0,0,1,0,0,0,1,Saya rasa instruktur menjawab sebagian besar pertanyaan dengan memadai.,[],0
1207,Jawaban dalam sesi tanya jawab memberikan klarifikasi dasar bila diperlukan.,3,0,0,0,0,1,0,0,0,1,Jawaban dalam sesi tanya jawab memberikan klarifikasi dasar bila diperlukan.,[],0
1208,Interaksi dengan instruktur terasa netral dan informatif.,3,0,0,0,0,1,0,0,0,1,Interaksi dengan instruktur terasa netral dan informatif.,[],0
1209,Jawaban atas pertanyaan biasanya ringkas.,3,0,0,0,0,0,0,0,0,2,Jawaban atas pertanyaan biasanya ringkas.,[],0
1210,Komunikasi dengan instruktur terasa mudah dan netral.,3,0,0,0,0,0,0,0,0,2,Komunikasi dengan instruktur terasa mudah dan netral.,[],0
1211,Beberapa pertanyaan mendapat perhatian lebih daripada yang lain 😐.,3,0,0,0,0,0,1,0,0,2,Beberapa pertanyaan mendapat perhatian lebih daripada yang lain .,['😐'],1
1212,Interaksi tersebut membantu memperjelaskan masalah pada tingkat dasar.,3,0,0,0,0,1,0,0,0,1,Interaksi tersebut membantu memperjelaskan masalah pada tingkat dasar.,[],0
1213,"Instruktur merespons, meskipun penjelasannya bisa singkat.",3,0,0,0,0,0,0,0,0,2,"Instruktur merespons, meskipun penjelasannya bisa singkat.",[],0
1214,Saya merasa bagian Tanya Jawab bermanfaat untuk klarifikasi sederhana.,3,0,0,0,0,1,0,0,0,1,Saya merasa bagian Tanya Jawab bermanfaat untuk klarifikasi sederhana.,[],0
1215,Gaya interaksinya netral dan langsung.,3,0,0,0,0,0,0,0,0,2,Gaya interaksinya netral dan langsung.,[],0
1216,Jawaban-jawaban tersebut menjawab pertanyaan tetapi mungkin kurang mendalam 😐.,3,0,0,0,0,0,1,0,0,2,Jawaban-jawaban tersebut menjawab pertanyaan tetapi mungkin kurang mendalam .,['😐'],1
1217,Area diskusi berfungsi dengan baik tetapi tidak terlalu interaktif.,3,0,0,0,0,0,1,0,0,2,Area diskusi berfungsi dengan baik tetapi tidak terlalu interaktif.,[],0
1218,"Instruktur menjawab saat dibutuhkan, tanpa banyak konteks tambahan.",3,0,0,0,0,0,0,0,0,2,"Instruktur menjawab saat dibutuhkan, tanpa banyak konteks tambahan.",[],0
1219,Saya merasa interaksi tersebut dapat diterima untuk menyelesaikan keraguan kecil.,3,0,0,0,0,1,0,0,0,1,Saya merasa interaksi tersebut dapat diterima untuk menyelesaikan keraguan kecil.,[],0
1220,Jawaban dalam sesi tanya jawab terasa netral.,3,0,0,0,0,0,0,0,0,2,Jawaban dalam sesi tanya jawab terasa netral.,[],0
1221,Bagian diskusi berfungsi sebagaimana mestinya.,4,0,0,0,0,1,0,0,0,1,Bagian diskusi berfungsi sebagaimana mestinya.,[],0
1222,"Komunikasi memang ada, meskipun tidak selalu detail 😐.",3,0,0,0,0,0,1,0,0,2,"Komunikasi memang ada, meskipun tidak selalu detail .",['😐'],1
1223,"Instruktur menjawab pertanyaan, tetapi nadanya tetap netral.",3,0,0,0,0,0,0,0,0,2,"Instruktur menjawab pertanyaan, tetapi nadanya tetap netral.",[],0
1224,Saya merasa interaksi tanya jawab sudah cukup untuk mendapatkan dukungan dasar 🙂.,3,0,0,0,0,1,0,0,0,1,Saya merasa interaksi tanya jawab sudah cukup untuk mendapatkan dukungan dasar .,['🙂'],1
1225,"Jawaban biasanya jelas, meskipun singkat.",3,0,0,0,0,0,0,0,0,2,"Jawaban biasanya jelas, meskipun singkat.",[],0
1226,Interaksi tersebut tidak terlalu menonjol.,3,0,0,0,0,0,1,0,0,2,Interaksi tersebut tidak terlalu menonjol.,[],0
1227,Bagian diskusi memberikan umpan balik yang minimal namun bermanfaat 😐.,3,0,0,0,0,0,1,0,0,2,Bagian diskusi memberikan umpan balik yang minimal namun bermanfaat .,['😐'],1
1228,Saya merasa interaksi yang terjalin cukup memadai untuk mengikuti perkuliahan.,3,0,0,0,0,1,0,0,0,1,Saya merasa interaksi yang terjalin cukup memadai untuk mengikuti perkuliahan.,[],0
1229,"Instruktur menjawab, meskipun terkadang tanpa banyak penjelasan.",3,0,0,0,0,0,0,0,0,2,"Instruktur menjawab, meskipun terkadang tanpa banyak penjelasan.",[],0
1230,Komunikasi terasa netral dan informatif.,3,0,0,0,0,0,0,0,0,2,Komunikasi terasa netral dan informatif.,[],0
1231,Bagian tanya jawabnya berfungsi dengan baik tetapi bisa lebih menarik 😐.,3,0,0,0,0,0,1,0,0,2,Bagian tanya jawabnya berfungsi dengan baik tetapi bisa lebih menarik .,['😐'],1
1232,"Secara keseluruhan, interaksi tersebut berfungsi dengan baik tetapi tidak terlalu berkesan.",3,0,0,0,0,0,1,0,0,2,"Secara keseluruhan, interaksi tersebut berfungsi dengan baik tetapi tidak terlalu berkesan.",[],0
1233,"Beberapa jawaban dalam sesi tanya jawab terasa meremehkan, yang membuat mengajukan pertanyaan menjadi kurang nyaman 😕.",3,1,0,1,0,0,1,0,0,0,"Beberapa jawaban dalam sesi tanya jawab terasa meremehkan, yang membuat mengajukan pertanyaan menjadi kurang nyaman .",['😕'],1
1234,Saya merasa nada bicara instruktur dalam beberapa balasan terlalu kasar.,3,1,0,1,0,0,1,0,0,0,Saya merasa nada bicara instruktur dalam beberapa balasan terlalu kasar.,[],0
1235,Interaksi di bagian diskusi terkadang terasa mengecewakan 😞.,3,0,0,0,0,0,1,0,0,0,Interaksi di bagian diskusi terkadang terasa mengecewakan .,['😞'],1
1236,Beberapa pertanyaan dijawab dengan cara yang terasa tiba-tiba dan tidak membantu.,3,1,0,1,0,0,1,0,0,0,Beberapa pertanyaan dijawab dengan cara yang terasa tiba-tiba dan tidak membantu.,[],0
1237,Saya merasa frustrasi dengan kurangnya empati dalam beberapa tanggapan.,3,1,0,1,0,0,1,0,0,0,Saya merasa frustrasi dengan kurangnya empati dalam beberapa tanggapan.,[],0
1238,Jawaban instruktur terkadang terdengar pasif agresif 😑.,3,1,0,1,0,0,1,0,0,0,Jawaban instruktur terkadang terdengar pasif agresif .,['😑'],1
1239,Saya kecewa ketika pertanyaan saya dialihkan alih-alih dijawab secara langsung.,3,1,0,0,0,0,1,0,0,0,Saya kecewa ketika pertanyaan saya dialihkan alih-alih dijawab secara langsung.,[],0
1240,Interaksi tanya jawab terkadang terasa kurang mendukung 😕.,3,0,0,0,0,0,1,0,0,0,Interaksi tanya jawab terkadang terasa kurang mendukung .,['😕'],1
1241,Beberapa tanggapan terkesan kasar daripada memberi semangat.,3,1,0,1,0,0,1,0,0,0,Beberapa tanggapan terkesan kasar daripada memberi semangat.,[],0
1242,Saya merasa patah semangat dengan nada yang digunakan dalam beberapa balasan diskusi 😞.,3,0,0,0,0,0,1,0,0,0,Saya merasa patah semangat dengan nada yang digunakan dalam beberapa balasan diskusi .,['😞'],1
1243,Gaya interaksi tersebut membuat saya ragu untuk mengajukan pertanyaan lanjutan.,3,0,0,0,0,0,1,0,0,0,Gaya interaksi tersebut membuat saya ragu untuk mengajukan pertanyaan lanjutan.,[],0
1244,Saya merasa tanggapan instruktur terkadang membuat frustrasi.,3,1,0,0,0,0,1,0,0,0,Saya merasa tanggapan instruktur terkadang membuat frustrasi.,[],0
1245,"Beberapa pertanyaan masih belum terjawab, yang memengaruhi kepercayaan terhadap dukungan yang diberikan.",3,0,0,0,0,0,1,0,0,0,"Beberapa pertanyaan masih belum terjawab, yang memengaruhi kepercayaan terhadap dukungan yang diberikan.",[],0
1246,Tanggapan dalam diskusi terkadang terasa defensif.,3,1,0,1,0,0,1,0,0,0,Tanggapan dalam diskusi terkadang terasa defensif.,[],0
1247,Saya kecewa dengan cara penanganan beberapa masalah tertentu.,3,1,0,0,0,0,1,0,0,0,Saya kecewa dengan cara penanganan beberapa masalah tertentu.,[],0
1248,Interaksi dalam sesi tanya jawab terkadang terasa meremehkan.,3,1,0,1,0,0,1,0,0,0,Interaksi dalam sesi tanya jawab terkadang terasa meremehkan.,[],0
1249,Beberapa tanggapan kurang sabar dan kurang jelas.,3,1,0,0,0,0,1,0,0,0,Beberapa tanggapan kurang sabar dan kurang jelas.,[],0
1250,Aku merasa tidak nyaman dengan nada yang digunakan dalam beberapa balasan 😞.,3,0,0,0,0,0,1,0,0,0,Aku merasa tidak nyaman dengan nada yang digunakan dalam beberapa balasan .,['😞'],1
1251,Sikap instruktur dalam beberapa tanggapan terasa terlalu agresif 😠.,3,1,0,1,0,0,1,0,0,0,Sikap instruktur dalam beberapa tanggapan terasa terlalu agresif .,['😠'],1
1252,Kurangnya bahasa yang mendukung membuat interaksi tersebut kurang menyenangkan.,3,0,0,0,0,0,1,0,0,0,Kurangnya bahasa yang mendukung membuat interaksi tersebut kurang menyenangkan.,[],0
1253,Saya merasa interaksi tanya jawabnya tidak konsisten dan terkadang membuat frustrasi.,3,1,0,0,0,0,1,0,0,0,Saya merasa interaksi tanya jawabnya tidak konsisten dan terkadang membuat frustrasi.,[],0
1254,Beberapa balasan terasa lebih kritis daripada membantu.,3,1,0,1,0,0,1,0,0,0,Beberapa balasan terasa lebih kritis daripada membantu.,[],0
1255,Saya kecewa dengan cara beberapa pertanyaan teknis ditangani.,0,1,0,0,0,0,1,0,0,0,Saya kecewa dengan cara beberapa pertanyaan teknis ditangani.,[],0
1256,Gaya interaksi tersebut terkadang terasa mengecewakan.,3,0,0,0,0,0,1,0,0,0,Gaya interaksi tersebut terkadang terasa mengecewakan.,[],0
1257,Saya merasa kesal dengan jawaban yang tidak langsung menjawab pertanyaan 😠.,3,1,0,0,0,0,1,0,0,0,Saya merasa kesal dengan jawaban yang tidak langsung menjawab pertanyaan .,['😠'],1
1258,Bagian diskusi terkadang kurang bernada mendukung 😞.,3,0,0,0,0,0,1,0,0,0,Bagian diskusi terkadang kurang bernada mendukung .,['😞'],1
1259,"Secara keseluruhan, interaksi tersebut bisa terasa mengecewakan meskipun ada instruktur yang hadir 😕.",3,0,0,0,0,0,1,0,0,0,"Secara keseluruhan, interaksi tersebut bisa terasa mengecewakan meskipun ada instruktur yang hadir .",['😕'],1
